Folder_name,Feature_name,x1,x2,x3,x4,x5,x6,x7,x8,x9,x10,x11,x12,x13,x14,x15,x16,x17,x18,x19,x20,x21,x22,x23,x24,x25,x26,x27,x28,x29,x30,x31,x32,x33,x34,x35,x36,x37,x38,x39,x40,x41,x42,x43,x44,x45,x46,x47,x48,x49,x50,x51,x52,x53,x54,x55,x56,x57,x58,x59,x60,x61,x62,x63,x64,x65,x66,Label
Lanco Infratech Limited,2017,0.58,0.42,0.03924729886,-20.97,0.2505013251,0.007274752187,13.05,7.863685754,1.047865657,0.7856532963,-30.78,-0.3228101137,0.2505013251,-0.1044899994,0.1334983293,0.04202633999,-0.3228101137,0.01016977594,0.01016977594,0.00983150037,0.03924729886,-0.006812042268,0.3292911034,0.2406698247,2.012145252,1.016869872,1.016869872,-0.04063928572,0.1305407734,1.048565301,3.828343095,0.0,1.68,-0.01100862676,0.03895083187,-0.1643535635,2.440491871,-0.01659000079,0.5921288602,0.9590050183,0.05764958739,0.01605123613,0.4192247048,0.1435889977,0.2505013251,-2.865131015,0.1127608909,-0.1294807207,8.089009018,-45.42823725,0.1460113257,0.2505013251,-0.3923340218,0.1636517558,0.2463455079,6.193882174,-14.84903533,0.7663685469,-0.2508587452,0.1741376151,0.1298164772,-1.191450415,4.948216341,5.36,6.232711415,8.256305502,Bankrupt
Lanco Infratech Limited,2016,0.8,0.59,0.0563427785,-1379.15,0.2052129382,0.006442893508,15.02,6.882655131,1.045580078,0.8009543321,-3.36,-0.03518938092,0.2052129382,-0.04104158564,0.154660237,0.02261313806,-0.03518938092,0.01254442244,0.01254442244,0.01156226713,0.0563427785,-0.4299889746,0.2999299881,0.1936506711,1.428562017,0.9749135674,0.9749135674,-0.01257800833,0.1502731034,1.046105814,4.663034721,0.0,4.62,-0.03537013244,-0.001600693418,-0.07264674793,-0.5942675395,0.02573195561,0.6196441535,0.9569150563,0.07384182493,0.01802236136,0.590052508,0.1683958026,0.2052129382,-1.539703995,0.1384300985,-0.05205052181,6.706239327,30.6819483,0.1641713526,0.2052129382,-1.049787503,0.2099523748,0.2104934685,-1.636007249,8.180235955,0.7697006291,-0.1018945383,0.1672382453,0.150117821,-3.500108509,4.906973441,5.42,7.556488414,7.996253786,Bankrupt
Lanco Infratech Limited,2015,0.72,0.49,0.05550672047,-84.14,0.2764504484,0.006579245834,17.79,5.748195866,1.039003501,0.7531495993,-22.87,-0.2380557332,0.2764504484,-0.07784649523,0.180562079,0.03472081153,-0.2380557332,0.01558558822,0.01558558822,0.01534485777,0.05550672047,0.05992795875,0.3687474457,0.2611055907,1.617165983,0.9830763453,0.9830763453,-0.04444799254,0.1779261945,1.040823738,3.389264003,0.0,1.88,0.02464748085,0.0527727996,-0.1688193783,-2.757689978,0.01721499529,0.6017278373,0.9369635536,0.08171925589,0.02485361596,0.4903862794,0.2020229193,0.2764504484,-2.069263309,0.1580795109,-0.1100722404,5.660987171,41.75374122,0.1986039532,0.2764504484,-0.809753171,0.2280207781,0.2812095416,-4.59986314,16.33515066,0.7066258969,-0.210635203,0.2250100716,0.1824483767,-2.195956014,6.665656719,5.44,6.69517609,7.410227605,Bankrupt
Lanco Infratech Limited,2014,0.75,0.53,0.04081316357,23.93,0.2791850078,0.006684677631,20.51,5.0672135,1.038411275,0.793062784,-22.58,-0.2348039064,0.2791850078,-0.07087911947,0.2084378602,0.0004505924671,-0.2348039064,0.01140563412,0.01140563412,0.01139442339,0.04081316357,0.007612115309,0.3111479721,0.2677905844,1.415008837,0.9548616882,0.9548616882,-0.04449202337,0.2051371868,1.039708165,3.361963039,0.0,-6.2,0.01484781636,0.02802149986,-0.1684826907,-1.042082422,0.04727209436,0.5236435735,0.9386096774,0.08026721648,0.02534812659,0.5262301399,0.218152944,0.2791850078,-1.407325485,0.1918845129,-0.1006945929,4.781827389,14.96902859,0.2083058884,0.2791850078,-0.8661270496,0.2198911865,0.2923826679,-1.570265183,6.185100783,0.6756766803,-0.1899679705,0.2529298836,0.2102073578,-2.783649991,10.01787847,5.44,3.865992884,6.386106401,Probable Bankrupt
Lanco Infratech Limited,2013,0.75,0.55,0.03757841273,8.54,0.2999347124,0.006883661404,27.03,3.785747258,1.047186907,0.760380242,-7.72,-0.08094677482,0.2999347124,-0.07390135546,0.2732647715,0.04737308756,-0.08094677482,0.01138027668,0.01138027668,0.01127107041,0.03757841273,0.09965844304,0.2363412046,0.2886636419,1.163025059,0.9093560451,0.9093560451,-0.01758948912,0.2703356824,1.048252036,3.130846431,0.0,-3.01,-0.05225488967,0.04083361499,-0.04686066971,-0.1550587847,0.09967927898,0.6394934074,0.9390495238,0.1427678102,0.04066894848,0.5503960491,0.2485641989,0.2999347124,-1.450460747,0.252424882,-0.1080646219,3.482408962,6.723242971,0.2260333569,0.2999347124,-0.8247545104,0.2032124783,0.3298319882,-0.8152927079,3.308932324,0.6094213327,-0.07149032783,0.2908542606,0.2746307493,-3.489677189,9.478996914,5.42,2.473521635,5.456388753,Probable Bankrupt
Lanco Infratech Limited,2012,0.69,0.52,0.08943463267,5.96,0.3261235972,0.007348278965,21,4.109068383,1.075359495,0.7462949237,1.18,0.01272369173,0.3261235972,-0.100371589,0.2124722961,0.3969322733,0.01272369173,0.02993925273,0.02993925273,0.02916674412,0.08943463267,0.2316055191,0.2953133273,0.2969568531,1.671874669,0.8831336998,0.8831336998,0.004790999242,0.210043025,1.076786887,2.889686076,-0.01,-0.34,-0.002200782238,0.08013047128,0.02891724223,0.08069559008,0.1323313789,0.6041784028,0.942394818,0.106229022,0.0363415277,0.5155923326,0.2556260827,0.3261235972,-2.046045275,0.1959279414,-0.1494243331,4.37786696,4.76621662,0.2257520082,0.3261235972,-0.5739191992,0.1766360438,0.3692799826,-0.858858275,2.790570049,0.5570101025,0.01003120953,0.2076812968,0.2069882139,-1.943424649,8.911793365,5.41,1.317979708,5.241315001,Probable Bankrupt
Lanco Infratech Limited,2011,0.95,0.68,0.155663856,3.18,0.2786543977,0.01532789443,26.37,3.150402081,1.067827119,0.7718476495,8.49,0.09118849319,0.2786543977,-0.01493454406,0.2755143211,0.4510246692,0.09118849319,0.04687543883,0.04687543883,0.04337641805,0.155663856,0.2409051032,0.2985596977,0.2352779797,1.133489187,0.8127034046,0.8127034046,0.03564062289,0.263794862,1.073044697,3.325275941,0.0,2.11,0.02680279209,0.1181433639,0.1752194007,0.2606863005,0.2304611921,0.7013190929,0.9266027646,0.1602952932,0.04476597344,0.6830059736,0.3244970455,0.2786543977,-1.202987177,0.2620214099,-0.0279975498,3.129409863,2.851354589,0.2637198537,0.2786543977,-4.914594991,0.2633988053,0.3428734224,-0.07973740274,1.487770758,0.5340490068,0.0943766929,0.2398736982,0.2653107995,-16.46101275,11.98938992,5.43,-1.983859222,8.497584702,Probable Bankrupt
Lanco Infratech Limited,2010,1.99,1.53,0.2742145423,2.5,0.2190508158,0.03407146509,50.11,1.789805097,1.042599479,0.1208681374,7.07,0.0737124944,0.2190508158,0.2179221863,0.5125917986,0.2794933209,0.0737124944,0.06006691918,0.06006691918,0.06006691918,0.2742145423,0.306243891,0.2111554612,0.1589838966,0.4557474509,0.7469723845,0.7469723845,0.05815654696,0.5011158396,1.042599479,4.101833945,0.0,3.66,0.001322206217,0.01300376106,0.3649206354,0.3159187297,0.3387375769,0.7504001246,0.8985100719,0.3389687858,0.2965448867,1.531530813,0.584992178,0.2190508158,0.9705285821,0.3451605278,0.4988845184,1.429145168,2.086418779,0.4369730021,0.2190508158,0.4657163634,0.4633168234,0.2932515583,0.8612585068,0.8657190058,0.5279215687,0.102722198,0.4544352517,0.5349308895,2.205561536,10.88235294,5.55,4.808592108,7.861888833,Probable Bankrupt
Lanco Infratech Limited,2009,1.57,1.21,0.3161215781,2.67,0.2713021356,0.03904229775,52.94,,1.033028822,0.1344130622,7.03,0.07270767406,0.2713021356,0.1559606494,0.534313144,,0.07270767406,0.08576445925,0.08576445925,0.08576445925,0.3161215781,,0.1906713726,0.1855376764,0.5293549166,0.7574661276,0.7574661276,0.05349357362,0.5294423773,1.033028822,3.325731776,0.0,3.11,0.03359687027,0.04679003017,0.2505896659,0.2803134707,0.3201910469,0.6697557094,0.9022781333,0.3339648733,0.3040094472,1.21466393,0.5640685034,0.2713021356,0.3440889371,0.3758235125,0.3198811486,1.310600006,2.004519976,0.427262785,0.2713021356,0.6265802755,0.3601957148,0.3581706504,0.6430468778,1.118615445,0.486163992,0.1011248501,0.4808195704,0.5680228792,3.286179078,8.349267049,5.54,3.77175625,3.08669806,Probable Bankrupt
Metalyst Forgings Limited,2023,0.04,0.02,0.002777533841,-0.65,2.188672096,0.03120119216,0.13,8.360783319,1.106416275,1.106416275,-119.98,-1.327581102,2.188672096,-2.104058781,0.1438942553,-0.1710607966,-1.327581102,0.006079110813,0.006079110813,0.006079110813,0.002777533841,-0.02463543968,0.382861735,2.182592985,16.85720932,2.386751163,2.386751163,-0.1320161011,0.1436526285,1.106416275,0.4341859969,0.0,11.04,-0.004702014603,-0.0004647684786,-0.06031789841,0.09519811821,-0.5810204199,1.426637906,0.9502907759,0.05132922202,0.0,0.01594761074,0.03545125108,2.188672096,38.88162982,0.06018751798,-2.745038616,18.33599797,-0.1428367772,0.08461331474,2.188672096,-0.02362539704,0.02271204727,0.9170089157,1.517257629,-1.578273128,0.1980790669,-0.4793503573,0.2759103565,0.1366276214,-0.06170738646,6.699034141,10.05,0.2298150623,7.002951544,Financial Distress
Metalyst Forgings Limited,2022,0.06,0.03,0.003510938116,-0.74,1.868562103,0.02658275753,0.1,12.56800623,1.1348452,0.6351509088,-109.43,-1.403312767,1.868562103,-1.764233361,0.1084459951,-0.1206289361,-1.403312767,0.00656040591,0.00656040591,0.00656040591,0.003510938116,-0.02479784367,0.5155355456,1.862001698,22.14824079,2.032426881,2.032426881,-0.1183921144,0.1081787019,1.282252237,0.5118942753,0.0,13.56,-0.0005877455062,-0.0004752972338,-0.06336001044,0.1146736069,-0.5079773795,1.704018676,0.9565062439,0.02645733391,0.01037117022,0.03255711235,0.05133210125,1.868562103,30.43549661,0.03673632309,-2.296438948,24.01278417,-0.1587180465,0.1043287425,1.868562103,-0.02465306296,0.02327659115,0.9193748226,1.708821606,-1.809873549,0.1638647778,-0.5779257024,0.2268381094,0.08820241796,-0.04782029711,5.131407472,7.33,0.1472360633,9.050277908,Financial Distress
Metalyst Forgings Limited,2021,0.06,0.03,0.004252141731,-0.82,1.670033853,0.02307871671,0.06,19.86201997,1.159367485,0.4417401443,-383.53,-4.867886031,1.670033853,-1.573324183,0.07498336632,-0.2811489164,-4.867886031,0.00710122064,0.00710122064,0.00710122064,0.004252141731,-0.1736980537,0.6926328062,1.662932633,29.08205203,1.815799274,1.815799274,-0.1343457211,0.07288689517,1.269255994,0.574973753,0.0,20.05,-0.03834066625,-0.001719183181,-0.08044490883,0.1646798732,-0.4492783348,2.260657291,0.9602256322,0.02430400087,0.01134753081,0.0340923043,0.05326011057,1.670033853,22.28248555,0.02531762255,-1.992464309,31.49675727,-0.1786780471,0.09670967013,1.670033853,-0.02528046555,0.02381650392,0.9197238245,1.928567765,-2.047113678,0.1457654212,-0.6819526627,0.2093290874,0.05980354559,-0.03649908772,6.623436776,5.98,4.203910403,-5.83105322,Financial Distress
Metalyst Forgings Limited,2020,0.07,0.05,0.005859923741,-1.23,1.30206428,0.02031903924,0.06,22.42728223,1.202160279,0.575261324,-161.44,-2.114494774,1.30206428,-1.205150901,0.06169649856,-0.1023745754,-2.114494774,0.007629997387,0.007629997387,0.007629997387,0.005859923741,-0.03271782001,0.7774216028,1.294434283,27.77979094,1.418702639,1.418702639,-0.09911157565,0.06138946956,1.309756098,0.7400260887,0.0,32.65,0.01078198365,7.83e-05,-0.07611880393,0.2367111319,-0.295130655,2.175470383,0.9635615365,0.01906519467,0.01035570393,0.04644541441,0.06831126971,1.30206428,22.53527389,0.02936111431,-1.721491525,30.10550523,-0.2785708714,0.09691337863,1.30206428,-0.03023560245,0.02798514951,0.9177851963,2.878297839,-3.109758952,0.116638359,-0.6496049398,0.1608080742,0.04864340822,-0.03889215625,3.729505735,8.0,6.894875427,3.871436941,Financial Distress
Metalyst Forgings Limited,2019,0.11,0.08,0.00532620171,-1.26,1.184350954,0.01817423057,11.26,10.14548814,1.095721956,0.6421107326,-76.92,-0.843975521,1.184350954,-1.053288415,0.1127960344,-0.08270741297,-0.843975521,0.006308092076,0.006308092076,0.006308092076,0.00532620171,-0.09148511414,0.3325731771,1.178042862,11.5386525,1.290681861,1.290681861,-0.08021854621,0.1126034435,1.097049824,0.8155217876,0.0,39.19,0.01309341904,-0.0001951291181,-0.0623233147,0.2539294233,-0.2252157325,1.176346631,0.9658640071,0.04509589544,0.01803681742,0.08183937837,0.1015451931,1.184350954,60.07677198,0.0641377933,-1.483517997,12.51313435,-0.3657982183,0.1310625387,1.184350954,-0.0324089702,0.02882253166,0.9176164863,3.623509265,-4.074388926,0.1063309067,-0.4173126813,0.1930145806,0.1062696713,-0.09744914034,3.938826467,5.27,5.36166639,6.453851345,Financial Distress
Metalyst Forgings Limited,2018,0.11,0.08,0.004094484238,-1.77,1.090767534,0.01643166803,10.22,11.50295771,1.093358323,0.7414782711,-248.86,-2.723966264,1.090767534,-0.9688109749,0.1024993364,-0.1498890309,-2.723966264,0.004466130476,0.004466130476,0.004466130476,0.004094484238,-1.22361829,0.3682499707,1.086301404,11.67227949,1.190089678,1.190089678,-0.1645654143,0.1022858816,1.094558979,0.8852365242,0.0,78.44,-0.03425648168,0.01321057122,-0.1717249771,0.985387694,-0.1597271885,1.080678224,0.9655872606,0.02985630116,0.01381533714,0.08025891592,0.1024767809,1.090767534,133.0653358,0.09115179165,-1.335738029,12.68733162,-0.5225015116,0.1219565592,1.090767534,-0.03552059206,0.03154910496,0.9165423026,5.09659958,-5.73817339,0.09932214429,-0.6174198176,0.2670647507,0.09677986181,-0.09645782724,3.328173375,5.33,5.327608862,6.795383419,Financial Distress
Metalyst Forgings Limited,2017,0.25,0.17,0.008079854507,4.99,0.857126198,0.01432906567,26.32,4.104192292,1.03041485,0.86954415,-58.3,-0.6010566924,0.857126198,-0.6470469241,0.2637979576,-0.09641613655,-0.6010566924,0.006925454974,0.006925454974,0.006925454974,0.008079854507,-2.465417352,0.2605576056,0.850200743,3.356023333,0.9450866158,0.9450866158,-0.1078895449,0.2632815233,1.030862127,1.089050548,0.0,-8.04,-0.01393561223,0.1784898581,-0.1955047132,-3.051573199,0.05810407565,0.6853311715,0.9334537553,0.1218975271,0.0217367765,0.1674584554,0.2222857359,0.857126198,-8.879267968,0.3198720774,-0.9560282291,3.673310597,1.601802895,0.2100792739,0.857126198,-0.1028460876,0.07763879441,0.9069287234,-11.78304585,15.60869377,0.08796041781,-0.2919662695,0.3716875025,0.2736068654,-0.3947153545,4.948216341,5.36,6.232711415,8.256305502,Bankrupt
Metalyst Forgings Limited,2016,0.76,0.28,0.02203098788,2.86,0.4386327821,0.01349376533,18.86,5.68215647,1.046921741,0.9169400753,-31.4,-0.3291638522,0.4386327821,-0.1058471637,0.1907046203,-0.04502476655,-0.3291638522,0.009667854709,0.009667854709,0.009663513508,0.02203098788,-0.02447884417,1.16882177,0.4289692686,2.437506031,0.8236712669,0.8236712669,-0.03101136961,0.1886273556,1.04821239,1.800295924,0.0,-10.55,0.001313454847,0.04174012496,-0.1136931596,-0.282821444,0.2140765864,0.2538598861,0.7896688098,0.02283905865,0.01419886314,0.2791729967,0.4040272277,0.4386327821,-2.354812635,0.23742249,-0.1790503327,4.523484995,2.183640057,0.3327856185,0.4386327821,-1.987121647,0.479515437,0.5325337908,-0.6002831292,2.4875854,0.3850384847,-0.1502863576,0.2217159899,0.2278821997,-1.700106636,4.906973441,5.42,7.556488414,7.996253786,Bankrupt
Metalyst Forgings Limited,2015,0.86,0.35,0.02222358836,2.2,0.4054419508,0.01315116142,48.7,,1.04175293,0.9208480314,-2.29,-0.02393751722,0.4054419508,-0.05838465453,0.4882759194,,-0.02393751722,0.009014529178,0.009014529178,0.009010375017,0.02222358836,,0.4410403135,0.3964315758,0.8672151977,0.7752952051,0.7752952051,-0.01153818193,0.4870421336,1.04175293,1.957873544,0.0,-1.88,-0.03865508947,0.2049686279,-0.04218280925,-0.07611177357,0.2898312713,0.3120185174,0.793804069,0.1064732212,0.0364542868,0.3474267154,0.4476453537,0.4054419508,-0.8225824158,0.5989251518,-0.1005893867,1.639035746,1.645951767,0.3470572963,0.4054419508,-3.531680245,0.5085707845,0.5229517068,-0.259828254,1.804331549,0.3698532543,-0.02555343615,0.4998141013,0.5889636369,-8.00761322,6.665656719,5.44,6.69517609,7.410227605,Bankrupt
Ruchi Soya Industries Limited,2023,1.07,1.07,0.4882387824,0.38,0.1593586594,0.09019755567,0.2,6.197217357,1.228059934,1.228059934,1.97,0.02471297918,0.1593586594,0.01127701128,0.2116172116,-0.006394506395,0.02471297918,0.07780507781,0.07780507781,0.07780507781,0.4882387824,-0.4736842105,0.003697217357,0.08155358155,0.984432769,0.2888237888,0.2888237888,0.00882000882,0.2025767026,1.25141078,6.271397509,0.0,4.38,-0.09950879417,0.2733122478,0.08559003756,0.01917881029,2.462318683,1.510410586,0.9994014994,0.1952686953,0.0,1.06700929,0.5907950703,0.1593586594,-0.1292413267,0.6716108627,0.01498409509,1.303561004,0.1820436728,0.1706356706,0.1593586594,0.0530726257,0.003755682941,0.5517504635,0.01585684546,0.2240776011,0.1294651295,-0.01972662317,0.2027972028,0.1619756044,14.3547486,6.699034141,10.05,0.2298150623,7.002951544,Financial Distress
Ruchi Soya Industries Limited,2022,1.15,1.15,0.463952695,0.55,0.1376255908,0.08608104707,0.13,6.010725497,1.188001395,1.188001395,53.57,0.6484129752,0.1376255908,0.02125262137,0.5995492817,-0.1575323171,0.6484129752,0.06385176375,0.06385176375,0.06385176375,0.463952695,0.3571428571,0.004883153122,0.07377382704,0.7668294384,0.3466149175,0.3466149175,0.1606310057,0.2171898964,1.210149983,7.259722538,0.0,22.66,0.1879036994,0.4526819577,1.488969752,0.3136287425,1.885046054,1.454656435,0.9991236032,0.2090519265,0.0,1.148055492,0.458370959,0.1376255908,-0.249712313,0.487357775,0.02848393322,1.575514475,0.3198562874,0.1588782122,0.1376255908,0.0412371134,0.006367978167,0.3970561676,0.03252694611,0.2106347305,0.2089893267,-0.5142266277,0.438918276,0.1796309639,8.444771723,5.131407472,7.33,0.1472360633,9.050277908,Financial Distress
Ruchi Soya Industries Limited,2021,0.76,0.76,0.06753014739,1.17,0.3027148342,0.0819194379,16.82,7.3145785,1.202629544,1.202629544,-8.53,-0.1026682135,0.3027148342,-0.07257584771,0.1744362122,-0.04591422854,-0.1026682135,0.02044237737,0.02044237737,0.02044237737,0.06753014739,-1.055555556,0.003480278422,0.2822724569,2.16453983,0.6839813964,0.6839813964,-0.01365529176,0.1681899302,1.202629544,3.301831175,0.0,2.99,0.03569131833,0.0731765171,-0.04278695846,-0.04098571062,0.4620280688,1.541183295,0.9995132767,0.164133903,0.0,0.758642251,0.336469658,0.3027148342,0.965344766,0.2448705278,-0.107149986,4.744586234,1.206468726,0.2301389865,0.3027148342,-0.006706408346,0.001607860652,0.4425775845,-0.2296568837,0.9579019423,0.3812665621,-0.1058079356,0.188091504,0.1399199221,-1.926974665,6.623436776,5.98,4.203910403,-5.83105322,Financial Distress
Ruchi Soya Industries Limited,2020,0.78,0.77,0.05087703187,1.22,0.2815149948,0.07646730017,22.26,5.476445396,1.13490364,1.13490364,-7.2,-0.0829764454,0.2815149948,-0.06251292658,0.2564632885,-0.1158221303,-0.0829764454,0.01432264736,0.01432264736,0.01432264736,0.05087703187,-29.72972973,0.004951820128,0.2671923475,1.457307281,0.6848759049,0.6848759049,-0.009152016546,0.2226215098,1.15243576,3.548810726,0.0,4.76,0.01733490566,0.1550715337,-0.02644870971,-0.02362786119,0.4601185308,1.401900428,0.9990434333,0.2157962771,0.0,0.7745431169,0.3197689781,0.2815149948,0.8175158175,0.317617304,-0.09010620458,3.47122591,1.280006563,0.2190020683,0.2815149948,-0.0153019024,0.003397924511,0.4110452607,-0.1983755845,0.8933464599,0.40336091,-0.1746155344,0.2656153051,0.1933597288,-3.090157155,3.729505735,8.0,6.894875427,3.871436941,Financial Distress
Ruchi Soya Industries Limited,2019,0.97,0.87,0.03637886118,1.48,0.2490268767,0.07478134111,0.12,7.038574521,1.138218924,1.138218924,-20.74,-0.2405689549,0.2490268767,-0.006394810009,0.1895736793,-0.1096153846,-0.2405689549,0.00905931418,0.00905931418,0.00905931418,0.03637886118,-0.3905013193,0.1757884972,0.2399675626,1.661719233,0.6981464319,0.6981464319,-0.04198331789,0.1737256719,1.159245516,3.909843692,0.0,0.29,-0.1055419723,0.06733705031,-0.1925009304,-0.15881179,0.4323642639,1.452999382,0.9736561631,0.1671455051,0.0,0.8685336807,0.3475375017,0.2490268767,0.4822525597,0.2528541086,-0.01005830904,4.598175634,1.487872275,0.2426320667,0.2490268767,-4.119565217,0.1057871232,0.356697199,-0.0211851397,0.8249923242,0.4491195551,-0.2633580148,0.2315569972,0.1539157128,-23.43478261,3.938826467,5.27,5.36166639,6.453851345,Financial Distress
Ruchi Soya Industries Limited,2018,1.09,0.95,0.1184210526,1.04,0.2253450544,0.07107970487,15.96,8.003881279,1.11826484,1.1152207,-11.26,-0.1310502283,0.2253450544,0.02115219979,0.1929172496,-0.1960493621,-0.1310502283,0.0269152868,0.0269152868,0.02668559855,0.1184210526,0.09677419355,0.2406392694,0.1986594558,1.64261796,0.567121171,0.567121171,-0.02727025955,0.1596959763,1.164079148,4.291141586,0.0,2.49,-0.1340683272,0.1333210604,-0.1622498147,-0.08446288167,0.7632916053,1.460121766,0.9669875342,0.1500073083,0.0003681885125,0.9473684211,0.434646539,0.2253450544,0.1878928217,0.2865243004,0.03508954242,3.939421613,0.7895422314,0.2464972542,0.2253450544,1.56071076,0.1464974055,0.3973490427,0.04886402007,0.5205730548,0.3417761166,-0.3032716927,0.2201875091,0.1418700065,6.485686081,3.328173375,5.33,5.327608862,6.795383419,Financial Distress
Ruchi Soya Industries Limited,2017,1.21,1.12,0.1291517324,1.06,0.2922486034,0.06737367436,55.02,2.190462182,1.024939531,1.02435118,-2.3,-0.02376282931,0.2922486034,0.06042248603,0.5604748603,-0.3399092179,-0.02376282931,0.03793645251,0.03793645251,0.03774441341,0.1291517324,-12.93697479,0.04667581879,0.2545041899,0.547166111,0.6086592179,0.6086592179,-0.01115572626,0.5502444134,1.030202,3.336439665,0.0,6.78,0.01438275345,0.6136989445,-0.03918757467,-0.02926481085,0.6429554842,1.068738968,0.9750698324,0.5320006983,0.0002581459385,1.121445639,0.5794229004,0.2922486034,-0.9667142178,0.8996385957,0.1136356174,1.068902399,0.8085296217,0.3526710894,0.2922486034,0.4125975152,0.0853046595,0.4801514456,0.1543986438,0.7467880086,0.3164106145,-0.04232965825,0.5716305866,0.5477691041,8.839641722,4.948216341,5.36,6.232711415,8.256305502,Bankrupt
Ruchi Soya Industries Limited,2016,1.03,0.54,0.04180680005,1.6,0.5307491857,0.07573073516,303.07,0.3899604736,1.003525442,1.003525442,-0.26,-0.002619269539,0.5307491857,0.01381107492,3.033068404,-0.3549446254,-0.002619269539,0.0222019544,0.0222019544,0.02218892508,0.04180680005,-1.665611496,0.08587924606,0.5085602606,0.1757758561,0.6914788274,0.6914788274,-0.003283387622,3.030723127,1.003728252,1.395556647,0.0,-1.45,0.003560356208,0.216992331,0.002528538112,0.004349845855,0.4461758776,0.9960948288,0.7406905537,2.993042345,0.0,0.5374493679,0.7875299128,0.5307491857,-20.8198895,4.37538392,0.03912016534,0.2216583817,0.5209679463,0.5445602606,0.5307491857,18.7754717,0.4885724807,0.7675566694,0.04476540394,1.720300688,0.1607296417,-0.002055441126,3.036351792,4.076555024,218.6264151,4.906973441,5.42,7.556488414,7.996253786,Bankrupt
Ruchi Soya Industries Limited,2015,1.05,0.34,0.03072412547,1.51,0.7182956381,0.1297748545,0.98,,1.005711783,1.005711783,0.27,0.002817813149,0.7182956381,0.03394491884,1.041301254,,0.002817813149,0.02211708593,0.02211708593,0.02206900531,0.03072412547,,0.5050263694,0.6962266328,0.7110884755,0.7789926148,0.7789926148,-0.01674167244,1.021299715,1.011052301,0.681968486,40.96,4.58,-0.01481362285,0.03161377131,-0.0154089187,-0.05008049428,0.2837092175,0.9914513642,0.4898549888,0.9893645665,0.0,0.3370416483,0.9656581368,0.7182956381,-55.14587973,1.296843561,0.2232481659,0.7493288654,0.2746377757,0.752240557,0.7182956381,15.0286119,0.7102159391,0.9220827315,0.1535917852,3.250097898,0.06069697669,-0.03982622605,1.058042926,2.06211107,29.75807365,6.665656719,5.44,6.69517609,7.410227605,Bankrupt
Provogue (India) Limited,2019,0.31,0.27,0.02937456523,-0.97,1.754757809,0.779819579,49.79,2.905216942,1.07115186,1.07115186,-105.95,-1.228047521,1.754757809,-1.214059812,0.5046884536,-0.4965876935,-1.228047521,0.05365366476,0.05365366476,0.05154524774,0.02937456523,-0.5811423391,0.1424328512,1.703212562,4.08393595,1.758641736,1.758641736,-0.2618875881,0.49797481,1.158961777,0.5350028458,0.0,2.51,-0.007836045811,-0.01145254922,-0.1049452982,0.2427411687,-0.4313793539,0.8090134298,0.9388004217,0.33956611,0.0,0.2732561816,0.3074520444,1.754757809,-15.54022989,0.217503786,-7.310725025,3.973011364,-0.005119578732,0.540697997,1.754757809,-0.05040903067,0.03487636755,0.9977915194,1.600307175,-2.313025671,0.003883926094,-0.3996091488,0.7665760417,0.4576832151,-0.3539143549,3.938826467,5.27,5.36166639,6.453851345,Bankrupt
Provogue (India) Limited,2018,0.49,0.43,0.03406589567,-3.76,1.061098135,0.7447351627,47.02,3.3642907,1.058279532,1.058279532,-194.85,-2.156517187,1.061098135,-0.5408000593,0.4789604419,-0.8592666741,-2.156517187,0.05790976161,0.05790976161,0.03614725837,0.03406589567,-10.59862385,0.1521549468,1.024950877,2.497033676,1.170133096,1.170133096,-0.6129092055,0.4702850999,1.106700401,0.8814856224,0.0,784.75,-0.04987633965,-0.008903111336,-0.5700359876,3.555240793,-0.1453963627,0.7265747688,0.9353427502,0.2950357765,0.0,0.4294049824,0.4446486281,1.061098135,-5.210912572,0.3774475635,-4.654435227,2.668556971,-0.6408803661,0.5202980759,1.061098135,-0.119558511,0.06093427903,0.9068183258,3.178688167,-6.236870778,0.1090349609,-0.5881294353,1.091869647,0.4543184431,-0.7857681497,3.328173375,5.33,5.327608862,6.795383419,Bankrupt
Provogue (India) Limited,2017,1.26,0.53,0.06981534348,1.06,0.5518045862,0.6309813463,53.4,2.395509704,1.025376497,1.025376497,-73.63,-0.7795565042,0.5518045862,0.1441276171,0.5409770688,-0.4169092722,-0.7795565042,0.05122632104,0.05122632104,0.03852442672,0.06981534348,-0.6392129721,0.7995572948,0.5132801595,1.093837701,0.6100697906,0.6100697906,-0.3890329013,0.5340378863,1.058618918,1.081270553,0.0,-69.89,0.01673027254,0.1668900147,-0.697358436,-0.9868575812,0.639156725,0.8970710305,0.5966500499,0.4413958126,0.0,0.5302280201,1.140741951,0.5518045862,-4.992319508,0.8409544043,1.954041633,1.132969683,0.1494246996,0.6959322034,0.5518045862,2.798561151,0.7309652007,0.9044941984,0.369624137,1.415136794,0.05826520439,-0.4438036021,0.9300099701,0.8454982956,3.500138351,4.948216341,5.36,6.232711415,8.256305502,Bankrupt
Provogue (India) Limited,2016,1.56,0.62,0.07241349899,1.09,0.4949900082,0.384279476,71.84,1.797542243,1.018924731,1.018924731,-39.32,-0.4111623144,0.4949900082,0.2777871598,0.746756171,-0.4702355822,-0.4111623144,0.04546989783,0.04546989783,0.03584395846,0.07241349899,-0.1785089571,0.6791193036,0.4591460497,0.7203891449,0.5754031918,0.5754031918,-0.2835008022,0.7184412733,1.045591398,1.077531061,0.0,-39.72,-0.01095499407,0.3640521437,-0.5747306172,-0.6700142521,0.7379118057,0.3385765489,0.5333671086,0.2230431479,0.0,0.6184857703,1.343018563,0.4949900082,-0.4155261039,1.218455744,6.630500504,0.7852534562,0.1893871599,0.7727771679,0.4949900082,1.679821673,0.9427117391,0.8602489789,0.6542375128,1.16578834,0.0804131836,-0.320443121,1.030256973,1.288258575,2.473529561,4.906973441,5.42,7.556488414,7.996253786,Bankrupt
Provogue (India) Limited,2015,1.84,1.02,0.0704391394,0.92,0.4546864232,0.3169853145,70.28,1.561027096,1.016915887,1.016915887,-10.52,-0.1091342963,0.4546864232,0.3812887664,0.7236867295,-0.1164235393,-0.1091342963,0.03352094341,0.03352094341,0.03202772035,0.0704391394,0.09724390306,0.5517713672,0.4226587028,0.6707332571,0.530084616,0.530084616,-0.08439581898,0.7028581821,1.036825235,1.376678877,0.0,-13.13,0.008747691581,0.1429061558,-0.1865605659,-0.1805145336,0.8864912693,0.3467050734,0.6259571943,0.2258499885,0.0,1.015936171,1.577059896,0.4546864232,0.01636155359,1.301287492,11.03740648,0.7347114556,0.1604505734,0.8359751895,0.4546864232,0.980996134,0.8226390468,0.8577619675,0.8113987738,0.9675921211,0.07539819282,-0.1469166805,0.8080825484,1.082972704,1.777903299,6.665656719,5.44,6.69517609,7.410227605,Probable Bankrupt
Provogue (India) Limited,2014,1.94,1.24,0.0515813253,0.87,0.4326660093,0.2337078652,71.18,1.398313914,1.021790783,1.021790783,-0.79,-0.008360545341,0.4326660093,0.4079735928,0.7283491233,0.1128906417,-0.008360545341,0.03377202384,0.03377202384,0.02231748617,0.0515813253,0.05252714233,0.4482294195,0.4103485232,0.6411953801,0.5116731684,0.5116731684,0.01643588974,0.7118189223,1.054889903,1.612198795,0.0,-0.79,-0.004998880848,-0.243519496,0.03963221306,0.03511482548,0.9543725599,0.5446171048,0.697543619,0.3594461354,0.0,1.243876823,1.642922971,0.4326660093,0.3433872768,1.3461184,9.720939734,0.7252074254,0.1617915584,0.8406396022,0.4326660093,0.7413626429,0.6990527901,0.8455905762,0.8354519278,0.8860172765,0.07900715909,-0.03150516656,0.7119132336,0.9673664544,1.65398033,10.01787847,5.44,3.865992884,6.386106401,Probable Bankrupt
Provogue (India) Limited,2013,2.1,1.25,0.07684949782,0.61,0.3839544593,0.1935047361,75.7,1.381770596,1.025114461,1.025114461,2.48,0.02609172936,0.3839544593,0.4207194495,0.7716782,0.004880736073,0.02609172936,0.04450651409,0.04450651409,0.02950670739,0.07684949782,0.089127573,0.4474550858,0.354447752,0.531834855,0.4453744153,0.4453744153,0.03345962037,0.7570843159,1.048676002,1.763133385,5.65,3.17,0.005719957166,0.1053556703,0.1231907771,0.08528212456,1.245301853,0.707622694,0.6769629257,0.4990625121,0.0,1.254411358,1.806735819,0.3839544593,0.4627747253,1.630614991,7.363159675,0.5760395191,0.1107412958,0.8046739088,0.3839544593,0.7678206336,0.8413421602,0.8620936591,0.7585648067,0.692276862,0.06141995593,0.0008771700139,0.7382185797,1.06644395,1.715972525,9.478996914,5.42,2.473521635,5.456388753,Probable Bankrupt
Provogue (India) Limited,2012,1.96,1.25,0.06125116713,0.65,0.4160717928,0.1662790698,76.53,1.875202024,1.026415494,1.026415494,2.55,0.02666719657,0.4160717928,0.4008333091,0.7807756184,-0.7495605217,0.02666719657,0.04036401426,0.04036401426,0.02548488292,0.06125116713,-0.04756117589,0.4033198209,0.3905869099,0.5675224545,0.460845158,0.460845158,0.02630070996,0.7653720268,1.043968418,1.692763772,5.27,3.6,-0.01159008776,-0.0920337197,0.07635387488,0.05892313512,1.169926238,0.7667911931,0.7043112574,0.548750522,0.0,1.25270775,1.772623815,0.4160717928,0.6149738696,1.621011591,5.99869186,0.5938319688,0.08304361141,0.8169051018,0.4160717928,0.7376850573,0.7106676004,0.9028451001,0.7434474808,0.7717111307,0.04477336519,-0.009538766525,0.7544749085,1.04092777,1.829032493,8.911793365,5.41,1.317979708,5.241315001,Probable Bankrupt
Provogue (India) Limited,2011,2.39,1.46,0.08774017531,0.34,0.1912623515,0.03424678047,38.3,,1.038141579,1.038141579,2.57,0.02792340292,0.1912623515,0.265537915,0.3936549351,,0.02792340292,0.07780059953,0.07780059953,0.01678139225,0.08774017531,,0.5005964527,0.1744809593,0.5407942238,0.273426224,0.273426224,0.01636504941,0.3830687243,1.083126668,4.302751495,10.92,1.79,-0.02236165709,-0.1345447163,0.09470598479,0.02493028231,2.657293676,0.7704598964,0.8229543688,0.256883535,0.0,1.462674871,1.670652726,0.1912623515,1.09005744,1.336412547,0.7162923031,0.7256631612,0.113084005,0.4568002665,0.1912623515,0.6667433207,0.925669008,0.6995025886,0.365465867,0.263238721,0.08216387254,-0.02704333113,0.3772898856,0.4297557455,1.331897813,11.98938992,5.43,-1.983859222,8.497584702,Probable Bankrupt
Sharon Bio-Medicine Limited,2023,0.52,0.4,0.2653945971,-1.4,1.083184258,0.008975259502,0,1.89306698,1.20588781,1.20588781,9.74,0.1175706599,1.083184258,-0.5215307948,0.637107079,0.04440327115,0.1175706599,0.2874712497,0.2874712497,0.2874712497,0.2653945971,-0.08482829318,0.2413259942,0.7957130079,2.097099388,2.885861232,2.885861232,0.06072706363,0.6228596984,1.20588781,0.8081278754,0.0,-73.23,0.198225459,0.049137139,0.05606346585,-0.03220123655,-0.6534829918,0.7085162966,0.8753513928,0.3316509072,0.0,0.4034446148,0.1946224776,1.083184258,-4.291958413,0.2158314792,-1.274174666,5.030614138,-0.9558905734,0.5616534628,1.083184258,-0.2390052677,0.1150760882,0.3753417682,0.2765478106,-0.5743711358,1.802676974,0.08064069168,0.5763800153,0.5900664185,-0.9903834375,6.699034141,10.05,0.2298150623,7.002951544,Bankrupt
Sharon Bio-Medicine Limited,2022,0.45,0.33,0.1505818532,-1.36,1.146185732,0.008531790192,0,1.865858292,1.192870259,1.192870259,9.38,0.1118850123,1.146185732,-0.6284682757,0.6391656081,0.0298522431,0.1118850123,0.1725947717,0.1725947717,0.1725947717,0.1505818532,-0.1651311127,0.2680301399,0.9735909608,2.171025138,3.036538076,3.036538076,0.05906933209,0.6297720131,1.192870259,0.7490010791,0.0,-40.66,0.0,0.0,0.05153556742,-0.02900477668,-0.6706776022,0.6497815488,0.8584943505,0.3055091262,0.0,0.3282293581,0.1704959542,1.146185732,-4.164346411,0.2073980294,-1.394762223,5.424681821,-0.9282185125,0.5177174567,1.146185732,-0.2251595745,0.1234578703,0.3774646337,0.3085963789,-0.5628108534,1.890352343,0.08563360802,0.580096276,0.6149682645,-0.8400531915,5.131407472,7.33,0.1472360633,9.050277908,Bankrupt
Sharon Bio-Medicine Limited,2021,0.4,0.26,0.09081589065,-1.32,1.209985872,0.008127782882,0,1.990059014,1.214416187,1.214416187,8.12,0.0987073205,1.209985872,-0.729437304,0.6097998001,0.04786189311,0.0987073205,0.1098859447,0.1098859447,0.1098859447,0.09081589065,0.1889699919,0.3464943094,1.100099928,2.466980469,3.155232418,3.155232418,0.04841321801,0.5956376417,1.214416187,0.6860031326,0.0,-23.33,0.0,0.0,0.04001139114,-0.02246310774,-0.6830661366,0.6507657721,0.8300540988,0.2795217256,0.0,0.2566994162,0.1523021143,1.209985872,-5.250653792,0.1887777389,-1.496148138,6.209006604,-0.9025692679,0.4805485683,1.209985872,-0.2329821909,0.1404527979,0.3834854971,0.338449486,-0.5614178138,1.945246546,0.06101153941,0.5613865821,0.5908921084,-0.6723983183,6.623436776,5.98,4.203910403,-5.83105322,Bankrupt
Sharon Bio-Medicine Limited,2020,0.34,0.22,0.08957973191,-1.29,1.277033874,0.160008071,0,1.916244191,1.205604844,1.205604844,9.87,0.1190677369,1.277033874,-0.8465185292,0.6260856977,0.03021858715,0.1190677369,0.1143963521,0.1143963521,0.1143963521,0.08957973191,0.288,0.2816504718,1.162637522,2.484650049,3.315250434,3.315250434,0.06116097279,0.6196438911,1.205604844,0.6697083912,0.0,-22.37,0.0,0.0,0.04789299175,-0.02641656897,-0.6983636622,0.6964512041,0.8552403011,0.3179284887,0.0,0.223765126,0.1298590719,1.277033874,-6.353746231,0.1869071141,-1.573244552,6.227714406,-0.8803438843,0.4305153445,1.277033874,-0.1710059425,0.1133561935,0.385199821,0.3656271981,-0.5515748339,2.038216561,0.09686098655,0.564924725,0.6009647935,-0.6071565987,3.729505735,8.0,6.894875427,3.871436941,Bankrupt
Sharon Bio-Medicine Limited,2019,0.24,0.15,0.01073129559,-1.32,1.2379744,0.1310671588,0,2.326059683,1.23066583,1.23066583,7.78,0.100905099,1.2379744,-0.942941374,0.5485688696,0.06273090271,0.100905099,0.01328506922,0.01328506922,0.01328506922,0.01073129559,0.2998595506,0.2552200018,1.224689331,2.972847029,3.330335485,3.330335485,0.04612456618,0.5397992313,1.296263106,0.7219207813,0.0,-19.38,0.0,0.0,0.03725809369,-0.01979310124,-0.6997299508,0.6582131015,0.8937194462,0.2324140762,0.0,0.1524688009,0.08858958126,1.2379744,-7.371788149,0.1538832177,-1.392099609,7.965498701,-0.8978797681,0.2950330261,1.2379744,-0.1127117303,0.08585036474,0.371726634,0.4046376069,-0.5312429939,2.092361085,0.0199792038,0.5024443035,0.4659484738,-0.4416257717,3.938826467,5.27,5.36166639,6.453851345,Bankrupt
Sharon Bio-Medicine Limited,2018,0.12,0.08,0.002364857795,-1.0,1.902492435,0.1284071895,0,2.963057325,1.221754042,1.221754042,-78.85,-0.9926506614,1.902492435,-1.673236184,0.5198678133,-0.4078674948,-0.9926506614,0.004499124064,0.004499124064,0.004499124064,0.002364857795,-0.05466399198,0.1953944145,1.897993311,4.682312592,3.529184584,3.529184584,-0.01735945214,0.5114667941,1.258794708,0.4838959463,0.0,1.92,0.0,0.0,-0.009124584057,0.006863655684,-0.7166484279,0.7024987751,0.9206083771,0.2429526995,0.0,0.0787727853,0.06496011913,1.902492435,-14.49901186,0.1406604316,-2.268311114,8.674767271,-0.6431686161,0.229256251,1.902492435,-0.04744794765,0.0417303225,0.5390742224,0.6615713993,-0.7522157329,1.626692148,-0.0774475654,0.5372272655,0.4413545541,-0.2428316478,3.328173375,5.33,5.327608862,6.795383419,Bankrupt
Sharon Bio-Medicine Limited,2017,0.14,0.09,0.01482261669,-1.36,1.100876697,0.08173010856,0.26,4.579816201,1.181160654,1.181160654,-250.61,-2.960006807,1.100876697,-0.945729638,0.448699095,-1.044230769,-2.960006807,0.0163178733,0.0163178733,0.0163178733,0.01482261669,-7.55872563,0.1789482641,1.084558824,3.312372362,2.510831448,2.510831448,-0.5411199095,0.3925622172,1.181160654,0.8543427441,0.0,452.66,0.0,0.0,-0.4855241863,0.353780207,-0.6017255556,0.6509530293,0.9405260181,0.1707579186,0.0,0.08690626044,0.06179110866,1.100876697,-8.665041443,0.1537118593,-1.14885942,7.505616065,-0.9332310054,0.1551470588,1.100876697,-0.06288687539,0.05402419914,0.4384510548,0.6259663441,-0.7286561968,1.409954751,-0.6034,0.9898190045,0.3533692155,-0.3514248976,4.948216341,5.36,6.232711415,8.256305502,Bankrupt
Sharon Bio-Medicine Limited,2016,1.17,0.64,0.03008676597,-4.61,0.4671711582,0.07467980914,35.06,3.660489658,1.069860701,1.069860701,-118.05,-1.26298016,0.4671711582,0.07940899784,0.3533285374,-0.3993414864,-1.26298016,0.0140556693,0.0140556693,0.0140556693,0.03008676597,-0.6746485916,0.7597720557,0.4531154889,1.425453778,1.251079077,1.251079077,-0.3014360024,0.350630845,1.069860701,1.607539459,0.0,-38.14,-0.02308147564,-0.03119436489,-0.6157126358,1.145627858,-0.2006900136,1.133220768,0.7509960711,0.350630845,0.0,0.6369747401,0.4368869771,0.4671711582,3.884347275,0.2692379994,0.1801858363,3.774461798,-3.122155491,0.5465801561,0.4671711582,3.135714286,0.5330036424,0.3734145721,-0.3162708689,-1.86065348,0.7839079188,-0.4644932283,0.6547645399,0.436400479,4.1271777,4.906973441,5.42,7.556488414,7.996253786,Bankrupt
Sharon Bio-Medicine Limited,2015,1.85,1.02,0.04419446671,6.98,0.3576964904,0.07163504968,82.44,,1.024357589,1.024357589,-27.08,-0.2774283889,0.3576964904,0.3035392981,0.8270785961,,-0.2774283889,0.01580820564,0.01580820564,0.01580820564,0.04419446671,,0.3702402594,0.3418882847,0.4444185132,0.8832624815,0.8832624815,-0.1429164607,0.824468611,1.024357589,1.962577043,0.0,-34.76,0.004448707956,-0.09170378993,-0.3866670352,-1.184789973,0.1321662824,1.048015035,0.7020069204,0.824468611,0.0,1.015505376,0.7486288644,0.3576964904,-0.1435149655,0.9282196503,0.9245106896,1.077764949,4.502117209,0.6612357884,0.3576964904,0.9817281699,0.8330891905,0.4049719057,2.600186314,3.064109079,0.5255659911,-0.1500280283,0.9699950568,1.146518702,2.651597564,6.665656719,5.44,6.69517609,7.410227605,Bankrupt
SRS Limited,2017,1.53,1.53,0.003137528325,1.05,0.4810901468,239.3170732,7.52,14.42836342,1.045428072,1.045428072,-83.77,-0.8759464182,0.4810901468,0.2553459119,0.07618448637,-0.07744234801,-0.8759464182,0.001509433962,0.001509433962,0.001509433962,0.003137528325,0,0.0,0.4795807128,6.682585906,0.5452410901,0.5452410901,-0.06008385744,0.07526205451,1.045428072,2.078612515,0.0,-12.15,0.01058495822,0.3003691172,-0.118703155,-0.1255762493,0.8340510612,1.052999418,1.0,0.07526205451,0.0,1.530765208,1.350661335,0.4810901468,-66.92307692,0.1325745924,148.5365854,7.552708212,0.1410658307,0.7364360587,0.4810901468,0.0,0.0,0.8823438942,0.5614973262,1.057901531,0.0641509434,-0.4476923077,0.1362683438,0.07199161426,0.2819376026,4.948216341,5.36,6.232711415,8.256305502,Bankrupt
SRS Limited,2016,1.61,1.56,0.001220814894,0.93,0.510020625,172.1403509,20.6,4.472088547,1.019056785,0.106641001,6.28,0.06410009625,0.510020625,0.3089076546,0.2065610772,0.1918122738,0.06410009625,0.0006226407752,0.0006226407752,0.0006226407752,0.001220814894,-0.9812792512,0.123387873,0.5093979842,2.522810395,0.5201385376,0.5201385376,0.02035257034,0.2060162665,1.019056785,1.911796124,0.0,2.64,-0.04080090669,-0.1259165046,0.05440256371,0.05782175006,0.9225647164,1.023099134,0.9750554539,0.2060162665,0.1773155768,1.556767893,1.574442616,0.510020625,-60.80833333,0.2045488553,139.2631579,2.569778633,0.02108507015,0.8189282796,0.510020625,0.08075081885,0.04890889669,0.9805476582,0.6437434109,1.062849728,0.0101179126,0.1063740857,0.1862085068,0.2073355683,0.654446964,4.906973441,5.42,7.556488414,7.996253786,Bankrupt
SRS Limited,2015,1.74,1.59,0.02661466101,0.71,0.4197322804,125.7948718,36.77,2.767793241,1.012326044,0.4593770709,8.32,0.08429423459,0.4197322804,0.3095146379,0.3681144068,-0.01107473035,0.08429423459,0.01117103236,0.01117103236,0.01117103236,0.02661466101,-2.21023622,0.168323393,0.4085612481,1.155334659,0.4222842835,0.4222842835,0.04579160247,0.3677773498,1.012326044,2.236778708,0.0,5.27,0.02029327049,0.2134549601,0.1452334519,0.1055175863,1.368072976,1.01537442,0.938848228,0.3677773498,0.2378563284,1.591717334,1.72690992,0.4197322804,-44.46551724,0.5971493729,82.41025641,1.131610338,0.0044174029,0.7292469183,0.4197322804,0.1975731176,0.1456923253,0.9939566705,0.5357559593,0.7265377563,0.002552003082,0.1410218106,0.3223228043,0.3869627654,1.173771002,6.665656719,5.44,6.69517609,7.410227605,Bankrupt
SRS Limited,2014,0.55,0.13,0.008025013027999999,0.83,0.4569482808,106.6521739,18.62,4.826075551,1.021248688,0.2799055614,12.94,0.1330010493,0.4569482808,-0.2045909134,0.1864939518,0.2477378798,0.1330010493,0.003667015906,0.003667015906,0.003667015906,0.008025013027999999,-0.09590385087,1.069517314,0.4532812649,2.517051417,0.4588532241,0.4588532241,0.03438422707,0.1863034575,1.026232949,1.763522668,0.0,4.44,0.01541227845,-0.4074727556,0.09775924961,0.08254862272,1.179346134,1.024658972,0.8058386513,0.1853986094,0.1466528282,0.127357999,0.5499740529,0.4569482808,89.07446809,0.2349766476,-46.69565217,2.507345226,0.003520197131,0.2523573674,0.4569482808,-0.9490223464,0.4249088067,0.9958484691,-0.3780691719,0.8444072868,0.001904943328,0.2188478397,0.1521097247,0.2252821937,-0.8873370577,10.01787847,5.44,3.865992884,6.386106401,Probable Bankrupt
SRS Limited,2013,1.45,0.54,0.003463027093,0.45,0.3107748797,62.8974359,8.8,11.70658683,1.040419162,-5.255988024,-60.6,-0.630988024,0.3107748797,0.1404786022,0.08825018992,0.01975183591,-0.630988024,0.001076221828,0.001076221828,0.001076221828,0.003463027093,0.5463294539,3.344311377,0.3096986579,3.674401198,0.3127374019,0.3127374019,-0.07717143581,0.08799696126,1.040419162,2.307598289,0.0,-7.73,0.002877697842,-1.106882591,-0.3249134243,-0.1469233604,2.19757085,1.049401198,0.7171435807,0.08799696126,0.851417004,0.5418618863,1.44291498,0.3107748797,34.07575758,-0.4939271255,14.22435897,3.68488024,0.002855563744,0.4512534819,0.3107748797,2.013519603,0.9101650031,0.9937246964,0.2044030951,0.452192336,0.001962522158,-0.4680443934,0.1654216257,0.1179378531,0.6020730059,9.478996914,5.42,2.473521635,5.456388753,Probable Bankrupt
SRS Limited,2012,0.81,0.27,0.003453772582,0.32,0.2430896409,58.0591716,17.13,5.710435117,1.021563342,0.1836734694,3.03,0.03118983442,0.2430896409,-0.04727460604,0.1717256523,0.08447429605,0.03118983442,0.0008395763369,0.0008395763369,0.0008395763369,0.003453772582,-0.3029107055,0.78051598,0.2422500646,1.449364652,0.2445104624,0.2445104624,0.007233273056,0.1713381555,1.021563342,3.575185972,0.0,0.68,-0.003015454203,0.2028526149,0.03825717322,0.01230979655,3.089804543,1.025413939,0.8690906742,0.1713381555,0.2873745378,0.2670031881,0.8008452192,0.2430896409,41.8030303,0.4049128368,-4.331360947,1.452830189,0.001880663361,0.1958150349,0.2430896409,-2.769125683,0.538522848,0.9941891178,-0.06257479911,0.3217644042,0.001420821493,0.04161758932,0.1644923792,0.1929850635,-3.547814208,8.911793365,5.41,1.317979708,5.241315001,Probable Bankrupt
SRS Limited,2011,2.25,1.21,0.008267716535,0.22,0.1791760722,64.98013245,26.09,3.920597916,1.014810752,-0.7498628634,1.75,0.01782775645,0.1791760722,0.2236173815,0.2636851016,-0.01671839729,0.01782775645,0.001481376975,0.001481376975,0.001481376975,0.008267716535,0.05376751231,0.724355458,0.1776946953,0.6966538673,0.1805163657,0.1805163657,0.007689051919,0.2610045147,1.014810752,4.541338583,0.0,0.55,-0.01918918919,1.2325127,0.06023622047,0.01317035379,4.539663931,1.027701591,0.8136992099,0.2610045147,1.257131692,1.208267717,2.231340367,0.1791760722,-5.237623762,0.1715513873,20.99337748,0.6961053209,0.001635534131,0.4027934537,0.1791760722,0.8331230284,1.03976378,0.9925752247,0.2728759576,0.2186450891,0.001340293454,0.01956461835,0.2559960497,0.3160814911,1.150157729,11.98938992,5.43,-1.983859222,8.497584702,Probable Bankrupt
SRS Limited,2010,7.11,5.6,0.05555555556,0.19,0.1148962742,43.60888889,52.4,1.626969292,1.008411215,-0.4217623498,0.68,0.00694259012,0.1148962742,0.7016582252,0.5253590509,0.3090265732,0.00694259012,0.006383126344,0.006383126344,0.006383126344,0.05555555556,0.6254501801,0.3336448598,0.1085131479,0.2210947931,0.1985013529,0.1985013529,0.007493235274,0.5240407965,1.008411215,7.194444444,0.0,0.4,0.01032702238,-3.151345683,0.09782608696,0.01402354571,4.037749039,1.015086782,0.8266148616,0.5240407965,1.872072702,5.597826087,4.113596645,0.1148962742,-67.38053097,0.7490387976,44.94666667,0.3696929239,0.1043109418,0.8165544994,0.1148962742,0.2471076832,1.509057971,0.5788185949,0.8754328255,0.1433518006,0.08360507875,0.01192390139,0.5178658156,0.6286721504,0.7406308712,10.88235294,5.55,4.808592108,7.861888833,Probable Bankrupt
SRS Limited,2009,2.03,1.44,0.008760951189,1.23,0.1604578773,1.03960396,56.64,,1.01933502,-0.430972172,0.45,0.004698229129,0.1604578773,0.16537805,0.6274726378,,0.004698229129,0.001405763631,0.001405763631,0.001405763631,0.008760951189,,0.1691362486,0.1590521137,0.2887603903,0.1765237474,0.1765237474,0.004317702581,0.5664223316,1.01933502,5.646433041,0.0,0.3,-0.02020918277,1.776450512,0.03504380476,0.006828435557,4.664960182,1.028731478,0.9060146601,0.5664223316,2.282707622,1.444931164,1.845847554,0.1604578773,-4.471698113,0.9186575654,5.435643564,0.3151427539,0.01950981588,0.3258359273,0.1604578773,0.5683060109,0.5857321652,0.9089874858,0.2008291672,0.1948542861,0.01606587007,-0.09104092813,0.6231549352,0.6133215117,3.360048573,8.349267049,5.54,3.77175625,3.08669806,Probable Bankrupt
Tara Jewels Limited,2019,0.23,0.2,0.009178286613,-1.08,3.480064776,0.3794113115,0.23,6.702488263,1.255211268,1.255211268,-573.86,-7.203474178,3.480064776,-2.665205495,0.3823710074,-1.986011838,-7.203474178,0.03194103194,0.03194103194,0.03194103194,0.009178286613,-7.993265211,0.4043192488,3.448123744,11.70347418,3.480064776,3.480064776,-2.141975653,0.3732410096,1.255211268,0.2528040307,0.0,72.48,0.0,0.0,-0.6154987885,0.8636773017,-0.7126490268,-1.857089202,0.8797744025,-0.5825887871,0.0,0.1996036649,0.2341506073,3.480064776,-3.278657815,0.1072511673,-14.71058715,11.59605634,0.0,0.8148592808,3.480064776,-0.04510931624,0.03454694244,1.0,1.074651566,-1.403215275,0.0,-0.8521435208,2.524346661,0.3379879403,-0.1115685597,3.938826467,5.27,5.36166639,6.453851345,Bankrupt
Tara Jewels Limited,2018,0.82,0.5,0.03687606454,-7.04,1.114411811,0.3024941639,78.52,1.766812712,1.036544276,0.9124838013,-85.83,-0.8897253934,1.114411811,-0.1954706537,0.7902325451,-0.6771391437,-0.8897253934,0.04109512188,0.04109512188,0.04109512188,0.03687606454,-0.3484570691,0.4779389077,1.07331669,1.470941068,1.118815862,1.118815862,-0.1053044966,0.7852955202,1.036531935,0.572413851,0.0,21.55,0.0006429643036,-0.07861834957,-0.08595185555,0.8061698277,-0.1061978705,0.3294291885,0.6379047566,0.234620887,0.04200444615,0.4996769674,0.8213515637,1.114411811,-1.097491396,0.6513948552,-2.568497358,1.422511571,-0.03706618399,0.9189411578,1.114411811,-1.852427649,0.3249205004,0.9960636502,1.645156213,-9.379318486,0.004404050605,-0.1231323414,0.8955370417,1.187666735,-3.875867017,3.328173375,5.33,5.327608862,6.795383419,Bankrupt
Tara Jewels Limited,2017,1.4,0.96,0.06347513562,1.24,0.6639310902,0.228789146,86.5,1.212733914,1.025642211,0.9632078525,-0.29,-0.003051700563,0.6639310902,0.266367463,0.8678894991,-0.04718869345,-0.003051700563,0.04214311599,0.04214311599,0.04214311599,0.06347513562,-0.112679293,0.344928034,0.6217879742,0.78661215,0.6671758704,0.6671758704,-0.002503275444,0.8650517102,1.0248958,1.067682179,0.0,13.26,-0.00113992774,0.05791021827,-0.00365282233,-0.007286798332,0.498855166,0.2628425732,0.7088673933,0.2094054024,0.03949259618,0.9626992258,1.394382792,0.6639310902,-0.03980322404,1.257921917,4.439829012,0.7405261872,0.00974923363,0.9302985532,0.6639310902,1.092973607,0.4384982282,0.9951365444,0.8003249745,1.994840612,0.003244780197,-0.006155600251,0.8703927745,1.190686298,3.168700421,4.948216341,5.36,6.232711415,8.256305502,Bankrupt
Tara Jewels Limited,2016,1.37,0.91,0.0615465793,1.22,0.6760244691,0.2056808688,95.56,0.9209118652,1.026036964,0.9867986421,0.99,0.01023533849,0.6760244691,0.2501051488,0.9620292926,0.2841520745,0.01023533849,0.0416069936,0.0416069936,0.0416069936,0.0615465793,0.007882553397,0.3320512967,0.6344174755,0.7256574962,0.6786225769,0.6786225769,0.01462500466,0.9556937427,1.025859803,1.02164959,0.0,2.94,-0.002188951643,0.01051268976,0.0291706372,0.06136107614,0.4735731377,0.31924998,0.6906601217,0.2858557518,0.02693288354,0.9123778322,1.364719727,0.6760244691,-0.09340239592,1.374087004,3.924561404,0.6837846178,0.008084288649,0.9261296179,0.6760244691,1.236839304,0.4575868071,0.9961714981,0.7782287456,2.103521967,0.002598107853,0.008738409666,0.9474042879,1.348858363,3.724844073,4.906973441,5.42,7.556488414,7.996253786,Bankrupt
Tara Jewels Limited,2015,1.62,0.85,0.1106121422,0.7,0.5614359981,0.218030464,129.05,0.7848688591,1.03150711,0.9773505493,2.51,0.02595472488,0.5614359981,0.3458057223,1.294532825,0.03613794745,0.02595472488,0.06210163844,0.06210163844,0.06210163844,0.1106121422,-0.2030531703,0.3426844058,0.4993343597,0.4487623056,0.565221595,0.565221595,0.04779223097,1.290583607,1.031578447,1.017525732,0.0,7.4,-0.003014131262,0.06509381826,0.1124269761,0.1451786722,0.769217611,0.4783789889,0.5712755751,0.5775972988,0.05993578778,0.852309608,1.605108029,0.5614359981,-0.127061371,2.196110424,4.117605384,0.4021496172,0.008706957013,0.9072417204,0.5614359981,1.239784067,0.7636211898,0.9933024553,0.7953608512,1.291315281,0.003785596882,0.03509452196,1.246740594,2.189970317,3.617859601,6.665656719,5.44,6.69517609,7.410227605,Probable Bankrupt
Tara Jewels Limited,2014,1.56,0.63,0.0945976537,0.71,0.5794611028,0.2121865035,130.82,0.7512034116,1.034354428,0.9605451806,2.97,0.03073656724,0.5794611028,0.3222657757,1.312350499,0.09983178753,0.03073656724,0.05481566074,0.05481566074,0.05481566074,0.0945976537,0.06136986301,0.4231006229,0.5246454421,0.458162761,0.5829796756,0.5829796756,0.05892066236,1.308199201,1.034354428,0.8022690653,4.88,9.24,-0.01479886752,0.02930393234,0.1362903978,0.189379221,0.7153256654,0.4285731717,0.4648837173,0.5254402074,0.08006300213,0.6326750736,1.546755258,0.5794611028,-0.2945164528,2.129524969,3.599500129,0.4176036703,0.008437413267,0.9017268785,0.5794611028,1.660481264,0.9234723091,0.9939645017,0.772781941,1.389527246,0.003518572817,0.04369559597,1.253429837,2.720571637,3.924554052,10.01787847,5.44,3.865992884,6.386106401,Probable Bankrupt
Tara Jewels Limited,2013,1.61,0.63,0.1692699312,0.67,0.5690982342,0.3062546723,140.19,,1.028009479,0.9696647788,4.5,0.04630741283,0.5690982342,0.3471798388,1.40612035,,0.04630741283,0.09633121893,0.09633121893,0.09633121893,0.1692699312,,0.4091671957,0.4727670153,0.417319865,0.57752443,0.57752443,0.08199039945,1.401894394,1.028009479,0.7767016614,0.0,14.65,0.01926075392,-0.06483213109,0.1771776295,0.2386681816,0.7315284828,0.439917279,0.442019544,0.5879993142,0.06888413928,0.6295883478,1.586561582,0.5690982342,-0.2759951966,2.325912073,5.046349365,0.3528590915,0.01994481191,0.916278073,0.5690982342,1.607179892,0.9804642195,0.985409802,0.8217749462,1.347055959,0.008426195783,0.05872870987,1.3241299500000001,3.085153008,3.927929485,9.478996914,5.42,2.473521635,5.456388753,Probable Bankrupt
Alok Industries Ltd.,2023,0.41,0.17,0.01351777026,-1.27,0.5914280851,0.08971477304,0.88,1.233924209,1.077349726,1.077349726,-12.67,-0.1383448452,0.5914280851,-0.3491531421,0.9384676007,-0.1027273422,-0.1383448452,0.007994788979,0.007994788979,0.007994788979,0.01351777026,-0.2361721991,0.1634406809,0.5834332961,0.6941246423,3.500984438,3.500984438,-0.1178082082,0.9297932881,1.091244142,1.455359632,0.0,-12.39,-0.0004511633883,0.03113444505,-0.1990772111,0.04707740358,-0.714366054,0.3726969136,0.8607405601,0.2686476945,0.0,0.1741809455,0.06920194799,0.5914280851,-0.913786921,0.2621794609,-0.470693138,4.099518186,-1.163364437,0.242274943,0.5914280851,-0.3988491672,0.2354630148,0.1689319377,0.1396062833,-0.2364781148,2.909556353,-0.130951822,1.056275809,0.9899020255,-2.440329818,6.699034141,10.05,0.2298150623,7.002951544,Financial Distress
Alok Industries Ltd.,2022,0.62,0.27,0.01621757578,-1.35,0.4445735497,0.08521092075,0.9,1.18588598,1.065493717,1.065493717,-2.84,-0.03026442378,0.4445735497,-0.1691617331,0.8938738899,0.02240151102,-0.03026442378,0.007209905233,0.007209905233,0.007209905233,0.01621757578,0.2491786176,0.1872277776,0.4373636444,0.5331856214,3.147409259,3.147409259,-0.02533433322,0.8884154131,1.065493717,1.898197257,0.0,5.85,-0.02417402011,0.007137911446,-0.05720987708,0.01184403859,-0.6822783701,0.3639777266,0.8438882927,0.2618999291,0.0,0.2683472945,0.08750429128,0.4445735497,-0.613353838,0.2823004588,-0.238849027,3.766101571,-1.258649555,0.2754118166,0.4445735497,-0.922854741,0.3511493373,0.1412506328,0.07877479913,-0.2070278629,2.70283571,-0.03349927607,0.9192082231,0.9880529731,-4.929048204,5.131407472,7.33,0.1472360633,9.050277908,Financial Distress
Alok Industries Ltd.,2021,0.64,0.3,0.09344927896,-1.35,0.3607194098,0.08201874507,0.29,3.716531667,1.102031873,1.102031873,-147.45,-1.624959901,0.3607194098,-0.1309568508,0.4816691242,-1.226490254,-1.624959901,0.03370896875,0.03370896875,0.03370896875,0.09344927896,0.5640469944,0.276216145,0.327010441,0.831011411,3.195223081,3.195223081,-0.06989454525,0.4783620074,1.102031873,2.439852345,0.0,-1.41,-0.05263814492,0.01343579244,0.2264145091,-0.03720446855,-0.6870328066,0.4662423812,0.8801020979,0.1656940096,0.0,0.3045709598,0.07190814323,0.3607194098,-1.082718911,0.1022762248,-0.1739914699,7.283373814,-1.291214408,0.229762559,0.3607194098,-0.9155527285,0.332385502,0.1128933413,0.05965537259,-0.1643201608,2.834503671,-0.1327166129,0.5515636695,0.4932072684,-3.314624236,6.623436776,5.98,4.203910403,-5.83105322,Financial Distress
Alok Industries Ltd.,2020,0.76,0.54,0.2604983382,-2.36,0.1048366562,0.01470594105,0.18,5.952793298,1.1015814,1.1015814,39.39,0.4345270051,0.1048366562,-0.02472883991,0.1880614734,-0.006118970932,0.4345270051,0.02730977472,0.02730977472,0.02730977472,0.2604983382,-0.0008087150944,0.1393235639,0.07752688148,0.6221674322,1.68727636,1.68727636,-0.04152501865,0.1858803545,1.103132311,9.314715783,0.0,-3.92,0.02241201404,-0.008627174541,-0.3973229504,0.06060736551,-0.4073288622,0.5775919777,0.9765236561,0.06706856732,0.0,0.5401877024,0.04747759063,0.1048366562,-0.6772604244,0.1100874863,-0.02945777995,9.85129806,-2.302479462,0.08010781629,0.1048366562,-0.949350796,0.2239325891,0.06213366031,0.03598092609,-0.152539302,1.582439704,-0.1915072151,0.229586492,0.1725532399,-6.814000226,3.729505735,8.0,6.894875427,3.871436941,Financial Distress
Alok Industries Ltd.,2019,0.03,0.02,0.001427093909,-1.63,1.462288446,0.08788578136,18.6,4.182235259,1.098779091,1.098779091,61.96,0.681916818,1.462288446,-1.412305151,0.187079791,0.5859038441,0.681916818,0.002086822934,0.002086822934,0.002086822934,0.001427093909,-1.469412492,0.138131178,1.460201623,8.649531038,1.811249641,1.811249641,-0.2757764258,0.1860513647,1.100505894,0.6678898177,0.0,7.92,-0.00801916952,0.003536412238,-0.1886257579,0.3400004789,-0.4478949905,0.5518385865,0.9766475634,0.06279561012,0.0,0.01821176783,0.02759602718,1.462288446,-18.9485474,0.1025856778,-1.634030568,10.70131546,-0.4301526652,0.04998329432,1.462288446,-0.01653497944,0.01596978812,0.8073367761,1.740900804,-1.80251352,0.3489611951,-0.5986670919,0.4628562168,0.1731022114,-0.1197049043,3.938826467,5.27,5.36166639,6.453851345,Bankrupt
Alok Industries Ltd.,2023,0.41,0.17,0.01351777026,-1.27,0.5914280851,0.08971477304,0.88,1.233924209,1.077349726,1.077349726,-12.67,-0.1383448452,0.5914280851,-0.3491531421,0.9384676007,-0.1027273422,-0.1383448452,0.007994788979,0.007994788979,0.007994788979,0.01351777026,-0.2361721991,0.1634406809,0.5834332961,0.6941246423,3.500984438,3.500984438,-0.1178082082,0.9297932881,1.091244142,1.455359632,0.0,-12.39,-0.0004511633883,0.03113444505,-0.1990772111,0.04707740358,-0.714366054,0.3726969136,0.8607405601,0.2686476945,0.0,0.1741809455,0.06920194799,0.5914280851,-0.913786921,0.2621794609,-0.470693138,4.099518186,-1.163364437,0.242274943,0.5914280851,-0.3988491672,0.2354630148,0.1689319377,0.1396062833,-0.2364781148,2.909556353,-0.130951822,1.056275809,0.9899020255,-2.440329818,6.699034141,10.05,0.2298150623,7.002951544,Probable Bankrupt
Alok Industries Ltd.,2022,0.62,0.27,0.01621757578,-1.35,0.4445735497,0.08521092075,0.9,1.18588598,1.065493717,1.065493717,-2.84,-0.03026442378,0.4445735497,-0.1691617331,0.8938738899,0.02240151102,-0.03026442378,0.007209905233,0.007209905233,0.007209905233,0.01621757578,0.2491786176,0.1872277776,0.4373636444,0.5331856214,3.147409259,3.147409259,-0.02533433322,0.8884154131,1.065493717,1.898197257,0.0,5.85,-0.02417402011,0.007137911446,-0.05720987708,0.01184403859,-0.6822783701,0.3639777266,0.8438882927,0.2618999291,0.0,0.2683472945,0.08750429128,0.4445735497,-0.613353838,0.2823004588,-0.238849027,3.766101571,-1.258649555,0.2754118166,0.4445735497,-0.922854741,0.3511493373,0.1412506328,0.07877479913,-0.2070278629,2.70283571,-0.03349927607,0.9192082231,0.9880529731,-4.929048204,5.131407472,7.33,0.1472360633,9.050277908,Probable Bankrupt
Alok Industries Ltd.,2021,0.64,0.3,0.09344927896,-1.35,0.3607194098,0.08201874507,0.29,3.716531667,1.102031873,1.102031873,-147.45,-1.624959901,0.3607194098,-0.1309568508,0.4816691242,-1.226490254,-1.624959901,0.03370896875,0.03370896875,0.03370896875,0.09344927896,0.5640469944,0.276216145,0.327010441,0.831011411,3.195223081,3.195223081,-0.06989454525,0.4783620074,1.102031873,2.439852345,0.0,-1.41,-0.05263814492,0.01343579244,0.2264145091,-0.03720446855,-0.6870328066,0.4662423812,0.8801020979,0.1656940096,0.0,0.3045709598,0.07190814323,0.3607194098,-1.082718911,0.1022762248,-0.1739914699,7.283373814,-1.291214408,0.229762559,0.3607194098,-0.9155527285,0.332385502,0.1128933413,0.05965537259,-0.1643201608,2.834503671,-0.1327166129,0.5515636695,0.4932072684,-3.314624236,6.623436776,5.98,4.203910403,-5.83105322,Probable Bankrupt
Alok Industries Ltd.,2020,0.76,0.54,0.2604983382,-2.36,0.1048366562,0.01470594105,0.18,,1.1015814,1.1015814,39.39,0.4345270051,0.1048366562,-0.02472883991,0.1880614734,,0.4345270051,0.02730977472,0.02730977472,0.02730977472,0.2604983382,,0.1393235639,0.07752688148,0.6221674322,1.68727636,1.68727636,-0.04152501865,0.1858803545,1.103132311,9.314715783,0.0,-3.92,0.02241201404,-0.008627174541,-0.3973229504,0.06060736551,-0.4073288622,0.5775919777,0.9765236561,0.06706856732,0.0,0.5401877024,0.04747759063,0.1048366562,-0.6772604244,0.1100874863,-0.02945777995,9.85129806,-2.302479462,0.08010781629,0.1048366562,-0.949350796,0.2239325891,0.06213366031,0.03598092609,-0.152539302,1.582439704,-0.1915072151,0.229586492,0.1725532399,-6.814000226,3.729505735,8.0,6.894875427,3.871436941,Probable Bankrupt
Ortel Communications Limited,2021,0.14,0.13,0.01354950396,-2.14,0.8199934484,0.105983675,0.18,6.699008006,1.18290985,0.09832927254,-32.3,-0.3821789071,0.8199934484,-0.7084243285,0.1930006552,-0.1015778554,-0.3821789071,0.01111050448,0.01111050448,0.01111050448,0.01354950396,-0.1176470588,0.005917159763,0.8088829439,5.227636617,1.183364272,1.183364272,-0.05994758681,0.1855481546,1.18290985,1.218390039,0.0,-33.29,0.00279535089,0.006251585965,-0.0731073973,0.3269316659,-0.1549516713,1.628785242,0.9990718497,0.1855481546,0.07188170431,0.1349290898,0.0942812983,0.8199934484,7.192084141,0.08491545364,-0.8339546243,7.473372781,-1.981688254,0.1115691199,0.8199934484,-0.001310161458,0.001131899594,0.6929340931,3.863480721,-4.471936877,0.3633708233,-0.2664580186,0.252948242,0.1570031149,-0.2214172864,6.623436776,5.98,4.203910403,-5.83105322,Bankrupt
Ortel Communications Limited,2020,0.13,0.13,0.01273718075,-2.99,0.7548881124,0.09549179141,0.21,5.649347189,1.161337597,0.2231548095,-39.98,-0.4642952305,0.7548881124,-0.6560107055,0.2213713974,-0.101652913,-0.4642952305,0.009615146334,0.009615146334,0.009615146334,0.01273718075,-0.5789473684,0.005062616573,0.7452729661,4.058353317,1.112135405,1.112135405,-0.08636284787,0.2160186355,1.161337597,1.32345217,0.0,-35.23,-0.00286795916,0.007598377824,-0.1144048323,0.7701657459,-0.1008289139,1.509992006,0.9990583104,0.2160186355,0.0784571505,0.129735408,0.08890770533,0.7548881124,6.925287356,0.1157805606,-0.7664823233,5.927258193,-3.185856354,0.09887740688,0.7548881124,-0.001435478997,0.001247455847,0.6787735639,5.850165746,-6.731933702,0.3572472926,-0.2980351103,0.3077342453,0.1861838026,-0.2835448776,3.729505735,8.0,6.894875427,3.871436941,Bankrupt
Ortel Communications Limited,2019,0.16,0.15,0.03594792837,-8.11,0.6808233045,0.08695193651,24.87,4.814524611,1.16291544,0.1597602019,-46.32,-0.5388094236,0.6808233045,-0.5746935103,0.2581486897,-0.05945337982,-0.5388094236,0.02447418738,0.02447418738,0.02447418738,0.03594792837,0.01666666667,0.006310475389,0.6563491171,3.183214135,1.023416938,1.023416938,-0.1152401305,0.2487234282,1.16291544,1.466827463,0.0,-21.27,0.005607307588,0.06022507473,-0.1692658429,4.921229587,-0.02288113241,1.455616323,0.9986503205,0.2487234282,0.104822402,0.1539020683,0.1037014243,0.6808233045,5.911357341,0.1382099525,-0.6735743099,4.670593185,-14.6301633,0.1061297942,0.6808233045,-0.002348520432,0.00198242252,0.6652452963,24.54178674,-29.07396734,0.342593634,-0.3338755347,0.3733888202,0.2141682622,-0.3721622045,3.938826467,5.27,5.36166639,6.453851345,Bankrupt
Ortel Communications Limited,2018,0.17,0.17,0.01312538604,6.41,0.687502654,0.07746854746,39.07,2.979998775,1.12741975,0.3521195785,-51.8,-0.5839867679,0.687502654,-0.5679859017,0.3951972483,-0.06571404306,-0.5839867679,0.009023737738,0.009023737738,0.009023737738,0.01312538604,-0.08474576271,0.003614310218,0.6784789163,1.983582455,0.9561340184,0.9561340184,-0.03503333475,0.3907596926,1.12741975,1.452717727,0.0,8.62,-0.002336448598,0.0840735477,-0.0509573811,-0.7986447241,0.04587848641,1.293432982,0.9987472929,0.3907596926,0.1405222953,0.1720197653,0.125,0.687502654,5.597077244,0.2681648605,-0.6799085017,2.732602303,6.123910939,0.1195167523,0.687502654,-0.002205525027,0.001822112415,0.7190442352,-12.9482091,15.67279768,0.2686313644,-0.09174357203,0.430230583,0.3470311869,-0.6102201787,3.328173375,5.33,5.327608862,6.795383419,Bankrupt
Ortel Communications Limited,2017,0.36,0.36,0.02937734082,1.07,0.5106688184,0.07864819371,40.48,2.664679875,1.137284531,0.5167338258,-0.34,-0.003917618088,0.5106688184,-0.3249656327,0.4125475664,0.1028231028,-0.003917618088,0.01500209193,0.01500209193,0.01500209193,0.02937734082,-19.328125,0.003581822252,0.4956667264,1.434519812,0.7721196183,0.7721196183,0.000518000518,0.404857251,1.137284531,1.955719413,0.0,10.94,0.003641553073,0.1240356083,0.001014357054,0.002273124672,0.2951361115,1.269140363,0.9987249218,0.404857251,0.1430525094,0.3611501248,0.2405109018,0.5106688184,3.40507382,0.3812927364,-0.4224006215,2.126818894,1.147315964,0.1857031857,0.5106688184,-0.00392373245,0.002496878901,0.6613856277,-1.42603602,2.240951215,0.2614507999,-0.01740728205,0.4120295659,0.3564403838,-1.095457054,4.948216341,5.36,6.232711415,8.256305502,Bankrupt
Ortel Communications Limited,2016,0.61,0.54,0.1546143986,0.93,0.4157932137,0.09259146341,41.68,2.92527145,1.159676389,0.5091902633,6.35,0.08466396991,0.4157932137,-0.162151359,0.4358900338,0.1693018298,0.08466396991,0.06428761769,0.06428761769,0.06428761769,0.1546143986,0.9623366641,0.09232843659,0.351505596,1.328791427,0.6902424942,0.6902424942,0.03328744004,0.4168147095,1.332055922,2.335558641,0.0,4.53,-0.5212043327,0.1032075411,0.09640034181,0.129399957,0.4487662066,1.291462636,0.9711094333,0.3628752887,0.1474439404,0.5405362102,0.3674677476,0.4157932137,2.094716338,0.3684329054,-0.2226219512,2.000425804,0.8860133343,0.2536418547,0.4157932137,-0.1781703643,0.06948301645,0.602387157,-0.5234783855,1.342318446,0.2744492805,-0.09867622725,0.4026025937,0.3222199355,-1.929745275,4.906973441,5.42,7.556488414,7.996253786,Bankrupt
Ortel Communications Limited,2015,1.09,1.09,0.8522596431,0.87,0.371471343,0.1399926247,41.37,2.536607587,1.138065264,0.4602451549,3.61,0.04638065264,0.371471343,0.03475192472,0.4307100086,0.3625427716,0.04638065264,0.3165900342,0.3165900342,0.3165900342,0.8522596431,0.7551020408,0.004058307106,0.05488130881,1.150902766,0.6602598375,0.6602598375,0.01887296835,0.4137884944,1.282010933,2.688471503,0.0,2.38,0.7912087912,0.2684724078,0.06131260794,0.06703910615,0.5145552452,1.294268676,0.9986901198,0.3673278443,0.1656747237,1.090025907,0.6152475809,0.371471343,-0.3520968196,0.3847524191,0.05992440306,1.064767269,0.8500275395,0.4062232678,0.371471343,0.03769230769,0.003526194588,0.562613871,0.1022897159,1.093398379,0.2887884944,-0.1080747761,0.4118370402,0.3231885222,9.287692308,6.665656719,5.44,6.69517609,7.410227605,Probable Bankrupt
Ortel Communications Limited,2014,0.35,0.35,0.06350864972,23.67,0.3611926529,0.1154971485,53.88,2.193618368,1.128355781,0.4446352707,-9.38,-0.1090120221,0.3611926529,-0.2339176382,0.5663004277,-0.03539377673,-0.1090120221,0.02293885767,0.02293885767,0.02293885767,0.06350864972,-0.08333333333,0.001084696737,0.3382537952,0.7785410829,0.9174704353,0.9174704353,-0.03308731024,0.5388744444,1.161529422,2.767212353,0.0,-7.91,0.007770567972,0.170262364,-0.0916057123,-0.4009146341,0.08995337782,1.308144265,0.9994967709,0.5234840225,0.172867721,0.3509810751,0.1387238322,0.3611926529,1.639777061,0.3977054575,-0.2766179023,1.928138841,6.740345528,0.1272750147,0.3611926529,-0.002151308713,0.001393242773,0.393683152,-2.834349593,4.37652439,0.5562777824,-0.1266354159,0.599387738,0.4641688344,-1.983327357,10.01787847,5.44,3.865992884,6.386106401,Probable Bankrupt
Ortel Communications Limited,2013,0.31,0.31,0.07043426532,7.94,0.3404212232,0.1081181497,48.52,,1.174843798,0.418928608,-20.95,-0.2570931066,0.3404212232,-0.2349534224,0.4933576347,,-0.2570931066,0.02397731875,0.02397731875,0.02397731875,0.07043426532,,0.001331557923,0.3164439044,0.8609034108,0.9076954232,0.9076954232,-0.1016200891,0.4852166869,1.22708184,2.935990482,0.0,-15.41,-0.008892763731,0.2543393869,-0.29851279,-1.100921457,0.1016911338,1.438799549,0.999473471,0.4645605508,0.1646512873,0.3082688876,0.116192941,0.3404212232,1.357142857,0.3471509527,-0.2694129667,2.234866332,6.145677929,0.1054678007,0.3404212232,-0.002240992932,0.001546698394,0.3750390433,-2.545414656,3.688021062,0.5672742001,-0.2191967325,0.5949777238,0.3956315598,-1.682985692,9.478996914,5.42,2.473521635,5.456388753,Probable Bankrupt
Petron Engineering Construction Limited,2019,0.41,0.41,0.09906262802,-197.99,0.9995905193,0.07771593486,32.18,4.021741355,1.365970943,1.365970943,-11.88,-0.1624718641,0.9995905193,-0.5916995857,0.3254407939,0.1063445419,-0.1624718641,0.09902206378,0.09902206378,0.09902206378,0.09906262802,0,0.0,0.9005684555,4.245856354,1.002673668,1.002673668,-0.03649195491,0.3218759033,1.36719869,1.000409648,0.0,-1220.95,-0.005842259007,-0.09623561631,-0.03474782525,12.99099099,-0.002666538545,1.203703704,1.0,0.2659456595,0.0,0.4080580255,0.4068032767,0.9995905193,12.33802109,0.3189756648,-2.531952175,3.838346634,-1.153153153,0.4078909336,0.9995905193,0.0,0.0,0.9969250727,221.3063063,-373.8648649,0.003083148666,-0.111473446,0.3619327488,0.2354273051,-0.3978831671,3.938826467,5.27,5.36166639,6.453851345,Bankrupt
Petron Engineering Construction Limited,2018,0.45,0.45,0.05062988835,9.88,0.9028867146,0.0722983987,63.05,2.896587911,1.400575678,1.400575678,-74.01,-1.038258575,0.9028867146,-0.5000134767,0.6552923102,-0.6038920784,-1.038258575,0.04571305356,0.04571305356,0.04571305356,0.05062988835,0,0.0,0.8571736611,2.008755097,0.9612139835,0.9612139835,-0.6566938897,0.6304951349,1.402734469,1.10755866,0.0,-612.17,-0.00843466347,-0.07848690483,-0.9377873306,-21.8304378,0.04035107397,1.074718158,1.0,0.4621169241,0.0,0.4462057436,0.4191296057,0.9028867146,14.88844302,0.8526162302,-1.778789913,2.036819381,1.503822099,0.4028732379,0.9028867146,0.0,0.0,0.9393191633,-12.89159138,23.27866574,0.05832726881,-0.5201742132,1.3119862,0.4494757554,-0.8989272815,3.328173375,5.33,5.327608862,6.795383419,Bankrupt
Petron Engineering Construction Limited,2017,0.95,0.95,0.06227580441,0.56,0.6230800255,0.06687954586,57.9,2.003708688,1.244412354,1.244412354,-4.27,-0.04834421871,0.6230800255,-0.03120693712,0.5845292912,-0.05192753672,-0.04834421871,0.0388028098,0.0388028098,0.0388028098,0.06227580441,-18,9.85e-05,0.5842772157,1.216876169,0.6844855981,0.6844855981,-0.03542499916,0.579017242,1.130821491,1.604849368,0.0,-0.94,0.009943031965,0.06078907957,-0.07400814521,-0.1461517976,0.4609511183,1.027503364,0.9999495849,0.5123853057,0.0,0.949834129,0.8646976504,0.6230800255,2.219570406,0.9465026638,-0.1647152741,1.261019397,0.194620506,0.5918730884,0.6230800255,-0.001615508885,8.09e-05,0.9102894601,-0.0989081225,1.974806924,0.06140557255,-0.0671437478,0.6199542903,0.5120582156,-16.40764674,4.948216341,5.36,6.232711415,8.256305502,Bankrupt
Petron Engineering Construction Limited,2016,1.07,1.07,0.04117861538,0.73,0.7010352099,0.113639789,67.4,1.617806037,1.206575099,1.206575099,1.03,0.01138500104,0.7010352099,0.04920442201,0.6808102754,0.02046456643,0.01138500104,0.02886765928,0.02886765928,0.02886765928,0.04117861538,-3.438596491,0.0014884061,0.6721675506,1.145863798,0.7351587961,0.7351587961,0.008259313694,0.6740207042,1.10170775,1.425162937,0.0,2.33,-0.004111931093,0.08540136468,0.01362745545,0.03607190252,0.3602503368,0.8967255066,0.9990893987,0.5369831938,0.0,1.068889294,1.020513712,0.7010352099,0.7643489254,1.002346908,0.4642049736,1.154454773,0.1288454578,0.7502396319,0.7010352099,0.01850649351,0.001298938061,0.9535833804,0.1857883943,2.647002051,0.03412358617,0.001330197867,0.6725509617,0.6123538912,12.43376623,4.906973441,5.42,7.556488414,7.996253786,Probable Bankrupt
Petron Engineering Construction Limited,2015,0.97,0.97,0.03578557514,0.98,0.678153796,0.1039426523,67.54,1.675054705,1.222811816,1.222811816,0.15,0.001695842451,0.678153796,-0.0174019408,0.6880208758,0.00244638343,0.001695842451,0.02426812362,0.02426812362,0.02426812362,0.03578557514,0.5415019763,0.006920131291,0.6538856723,1.137335886,0.7367528337,0.7367528337,0.003033515453,0.6754953926,1.132877462,1.468507251,0.0,0.31,0.003355254328,0.06501527427,0.007455328155,0.01920574933,0.3573073007,0.8465809628,0.9958737666,0.4888363369,0.0,0.9682547317,0.896843317,0.678153796,-0.235336067,0.9868951167,-0.14709126,1.194912473,0.2226008302,0.6607518552,0.678153796,-0.2371134021,0.006084509752,0.9204630982,-0.06610495013,2.576110526,0.05859903776,-0.01504761905,0.6849873604,0.5987357112,-34.26429241,6.665656719,5.44,6.69517609,7.410227605,Probable Bankrupt
Petron Engineering Construction Limited,2014,1.24,1.24,0.03049223565,0.93,0.6074879425,0.09312090898,61.45,1.831406611,1.279353871,1.279353871,1.0,0.01184152971,0.6074879425,0.1481075779,0.6193738249,0.08334832012,0.01184152971,0.01852366549,0.01852366549,0.01852366549,0.03049223565,0.04310344828,0.00362432044,0.588964277,1.160938574,0.7361726478,0.7361726478,0.002975557917,0.6145181068,1.174373555,1.643001319,0.0,1.58,-0.000561701712,0.1257661899,-0.0004036924402,-0.0009295408068,0.3583770099,1.002437043,0.9981034906,0.497424998,0.0,1.240681433,1.026383584,0.6074879425,-114.6538462,0.9137425602,1.118809436,1.371461601,0.487761046,0.7555955203,0.6074879425,0.01280494536,0.003121888204,0.8251976548,0.5613806779,2.302596517,0.1286847053,-0.003050236062,0.616398267,0.5242673918,3.533061044,10.01787847,5.44,3.865992884,6.386106401,Probable Bankrupt
Petron Engineering Construction Limited,2013,1.25,1.24,0.02588378355,1.15,0.6160308203,0.07736507285,93.5,1.232470241,1.239616822,1.239616822,0.01,0.0001954991746,0.6160308203,0.1524604491,0.9577826529,-0.02393564842,0.0001954991746,0.01594520841,0.01594520841,0.01594520841,0.02588378355,-0.8738738739,0.002411156486,0.6000856119,0.7502606656,0.7187115415,0.7187115415,0.005529099114,0.9350776749,1.138826136,1.620081647,0.0,0.04,-0.004082920076,-0.03283204288,0.01769014737,0.0387419948,0.3913787969,0.8254192371,0.9980202258,0.6486881766,0.0,1.244274588,1.069262458,0.6160308203,1.049769815,1.408725432,0.8770777755,0.8558953862,0.3650370934,0.7684912694,0.6160308203,0.01298549368,0.00321375836,0.8571322216,0.5420074821,2.190032338,0.1026807213,-0.0180370856,0.9522535538,0.8227178497,5.385587272,9.478996914,5.42,2.473521635,5.456388753,Probable Bankrupt
Petron Engineering Construction Limited,2012,1.23,1.23,0.02909703693,0.74,0.6201989235,0.07093132643,124.21,0.8386858073,1.180537056,1.180537056,4.48,0.05262032789,0.6201989235,0.1456740232,1.24452612,0.223170583,0.05262032789,0.01804595098,0.01804595098,0.01804595098,0.02909703693,0.5673076923,0.003420321313,0.6021529725,0.585483367,0.7251998816,0.7251998816,0.08310543643,1.242191991,1.172660451,1.606544025,4.71,14.67,0.006853131268,-0.1274709966,0.1781491364,0.40206643,0.3789301756,0.7617779093,0.9963768747,0.779128708,0.0,1.229040865,1.056085317,0.6201989235,0.5629184786,1.686642807,0.7867356538,0.6675710786,0.3820993915,0.7658729468,0.6201989235,0.02487145761,0.005841876141,0.8552110105,0.5301090264,2.256909229,0.105000958,0.06954526366,1.161420683,1.063145749,7.271672845,8.911793365,5.41,1.317979708,5.241315001,Probable Bankrupt
Petron Engineering Construction Limited,2011,1.29,1.29,0.02669824956,0.11,0.5585129045,0.07917673002,111.91,,1.212271654,1.212271654,6.2,0.07458909722,0.5585129045,0.1621185282,1.124358141,,0.07458909722,0.0149113169,0.0149113169,0.0149113169,0.02669824956,,0.002168988287,0.5436015876,0.6002795585,0.7137475615,0.7137475615,0.103482297,1.119133574,1.202824505,1.786855629,4.87,15.72,-0.01828953123,0.192139738,0.2463064076,0.4805733981,0.4010555748,0.9454137948,0.997981927,0.8551247842,0.0,1.28665489,1.009644686,0.5585129045,3.152317881,1.53253118,0.7592145332,0.7510965441,0.542299859,0.7206314326,0.5585129045,0.01244813278,0.003613296933,0.7825076184,0.5663481122,1.951120163,0.155234657,0.09624846248,1.020875844,0.9323027838,5.739142462,11.98938992,5.43,-1.983859222,8.497584702,Probable Bankrupt
Supreme Tex Mart Limited,2018,0.19,0.12,0.004017762741,-1.4,2.123051179,0.2675569521,0.95,1.177081405,1.119238885,1.119238885,-39.19,-0.4387146929,2.123051179,-1.723287895,1.289813076,-0.595420782,-0.4387146929,0.008529915925,0.008529915925,0.008529915925,0.004017762741,-0.2438395415,0.1291970533,2.114521264,1.92570244,2.266508856,2.266508856,-0.3294424945,1.233940087,1.119238885,0.4039293335,0.0,28.45,0.0,0.0,-0.155174071,0.2601185873,-0.5587928116,0.3054825454,0.8575626479,0.1718635213,0.0,0.1212057133,0.1763784348,2.123051179,-2.436650498,0.5444232362,-3.316889238,2.048087958,-0.1132701727,0.3997632846,2.123051179,-0.08265441455,0.06709087064,0.9367054417,1.360659964,-1.676301882,0.1434576769,-0.2379584121,1.619255571,1.285598706,-0.6397546419,3.328173375,5.33,5.327608862,6.795383419,Bankrupt
Supreme Tex Mart Limited,2017,0.56,0.44,0.03540787144,-2.28,0.939218746,0.2052054464,101.12,1.251513326,1.07556091,0.5179340461,-10.97,-0.1306730914,0.939218746,-0.4143153155,1.013046481,-0.1261415671,-0.1306730914,0.03325573661,0.03325573661,0.03325573661,0.03540787144,-0.5040313292,0.1307333233,0.9059630094,1.105706972,1.490675603,1.490675603,-0.1146555473,1.011230206,1.190483361,0.9464796405,0.0,-182.17,-0.1011088089,-0.01019357496,-0.122075446,0.2336687347,-0.3291632345,0.6095166391,0.888951421,0.3999641861,0.1588756178,0.4406373417,0.3521245195,0.939218746,-1.583911769,0.4540087864,-0.9757802145,1.715765698,-1.123872582,0.5249034305,0.939218746,-0.268029143,0.1182350538,0.6300624657,0.8443772483,-1.914133778,0.5514568571,-0.1899144795,1.127702029,0.9555395683,-2.05019758,4.948216341,5.36,6.232711415,8.256305502,Bankrupt
Supreme Tex Mart Limited,2016,0.58,0.39,0.0350862595,-2.49,0.8189995911,0.1599586719,79.59,1.753455437,1.066419282,0.4582624089,-51.03,-0.6088377477,0.8189995911,-0.3475080641,0.8231111717,-0.3400118123,-0.6088377477,0.02873563218,0.02873563218,0.02873563218,0.0350862595,-1.452902435,0.2222713965,0.7902639589,1.227411997,1.423742674,1.423742674,-0.4062514197,0.7959883695,1.192925717,1.039912354,0.0,-196.8,-0.0001276935355,0.0006222477503,-0.4960337272,0.9587219899,-0.2976258855,0.09110097365,0.8516877925,-0.04915723956,0.1425106899,0.3946025406,0.3311634437,0.8189995911,-0.8175518765,0.3572818942,-0.7184520735,2.090658405,-1.427146993,0.471491527,0.8189995911,-0.4267878154,0.1810894769,0.5752441126,0.8200922054,-1.932775812,0.604743083,-0.4213492489,1.229362591,0.7834529112,-1.920120277,4.906973441,5.42,7.556488414,7.996253786,Bankrupt
Supreme Tex Mart Limited,2015,0.9,0.42,0.03761671854,-57.8,0.5718765893,0.1289711841,72.86,1.84584479,1.041378574,0.608531995,-48.47,-0.556181425,0.5718765893,-0.05841668079,0.7288014918,-0.3442447873,-0.556181425,0.0215121207,0.0215121207,0.0215121207,0.03761671854,-0.428972838,0.427534104,0.5503644686,0.9005846392,1.01305306,1.01305306,-0.2631971521,0.7286319715,1.147441202,1.273899511,0.0,-44.94,0.01581686278,-0.05483601071,-0.4602341782,20.16363636,-0.01288487282,0.3614351691,0.7285133073,0.1412273267,0.1356593039,0.4231213873,0.5068440428,0.5718765893,-0.8135869565,0.5171017403,-0.1304858192,1.561467204,-33.7987013,0.5134599085,0.5718765893,-4.647417295,0.4747295094,0.5645080321,4.475324675,-43.81168831,0.4411764706,-0.3340852387,0.9919986438,0.871646306,-10.87028439,6.665656719,5.44,6.69517609,7.410227605,Bankrupt
Supreme Tex Mart Limited,2014,1.22,0.62,0.0170991805,1.78,0.4801190461,0.1082713459,104.72,1.023047157,1.031678363,0.7560831639,0.13,0.001508493474,0.4801190461,0.1049472237,1.047530171,0.03291423383,0.001508493474,0.008209642231,0.008209642231,0.008209642231,0.0170991805,-0.1470395456,0.3001902014,0.4719094039,0.4994031613,0.7448957716,0.7448957716,0.0003909353443,1.047227512,1.089289696,1.481718848,0.0,0.27,-0.007132867133,0.128106589,-0.001392099181,-0.002620000989,0.3424696959,0.3743818456,0.7114014402,0.3263679584,0.1778458726,0.6174879176,0.7854337374,0.4801190461,-0.3053423911,1.155092436,0.2645432005,0.7662753329,1.037915863,0.5850662698,0.4801190461,2.749939918,0.6010979197,0.6445452699,0.4113895892,1.882050522,0.2647767255,-0.05386885048,1.047139236,1.351396866,9.160658496,10.01787847,5.44,3.865992884,6.386106401,Bankrupt
Supreme Tex Mart Limited,2013,1.34,0.51,0.03827569872,2.14,0.4129122276,0.09735689473,116.52,0.8428946426,1.020212385,0.7969454719,1.79,0.01915045937,0.4129122276,0.1400758929,1.166025532,0.1576277596,0.01915045937,0.01580450402,0.01580450402,0.01580450402,0.03827569872,0.2748571429,0.3132084477,0.3971077236,0.377818876,0.7393560838,0.7393560838,0.03273044975,1.165230091,1.066197351,1.592831202,0.0,3.56,0.006759917665,0.07961339706,0.1078477815,0.1708525115,0.3525282633,0.3214174919,0.6576994797,0.3290518602,0.1650117286,0.5102479078,0.7479320623,0.4129122276,-0.2726825151,1.327060442,0.3244827065,0.6620570338,1.252451471,0.5529881205,0.4129122276,2.443679017,0.8289909995,0.5584754581,0.5374224535,1.58420052,0.3264438562,-0.01770817752,1.133295083,1.661676944,7.802085273,9.478996914,5.42,2.473521635,5.456388753,Probable Bankrupt
Supreme Tex Mart Limited,2012,1.33,0.62,0.02373465109,2.02,0.413504853,0.1140984768,130.77,0.8178994739,1.019965773,0.7823540597,1.87,0.02009253977,0.413504853,0.137169306,1.310484682,0.002445858295,0.02009253977,0.009814393412,0.009814393412,0.009814393412,0.02373465109,0.1086419753,0.2413006275,0.4036904596,0.3386195094,0.7474728711,0.7474728711,0.03678075512,1.307744702,1.070913355,1.705750225,0.0,4.18,-0.003753417847,0.1454873048,0.1185983827,0.194200944,0.3378411962,0.3501552893,0.7053359959,0.4007647177,0.1940935261,0.6191224918,0.7367145757,0.413504853,-0.1984667304,1.455825705,0.3138859369,0.6040692147,1.322503525,0.550674159,0.413504853,2.148177407,0.7126010782,0.5532038272,0.5431864157,1.637467051,0.3339680181,-0.02418570734,1.273703927,1.731301027,8.902494075,8.911793365,5.41,1.317979708,5.241315001,Probable Bankrupt
Supreme Tex Mart Limited,2011,1.18,0.6,0.03221143919,3.4,0.4509241011,0.09065175607,87.99,1.100332772,1.028569268,0.7035867572,1.68,0.0180944998,0.4509241011,0.08181126922,0.8816591921,0.1938362223,0.0180944998,0.01452491426,0.01452491426,0.01452491426,0.03221143919,0.2435315613,0.3208039479,0.4363991869,0.5494148122,0.8025325492,0.8025325492,0.02735835881,0.8799832405,1.072188924,1.633766949,0.0,2.7,-0.009908088235,0.0008121277748,0.08840938812,0.2018860511,0.2460553794,0.4462364575,0.7367048928,0.3396440155,0.1661768118,0.5975290798,0.663817774,0.4509241011,-0.3993102977,0.8701369015,0.1842390355,0.9601240334,1.780589391,0.5327353703,0.4509241011,3.218323217,0.5839011632,0.5618764019,0.414302554,2.283536346,0.351608448,-0.01184334811,0.8543008333,1.114062434,10.03205615,11.98938992,5.43,-1.983859222,8.497584702,Probable Bankrupt
Supreme Tex Mart Limited,2010,1.37,0.66,0.08122246696,4.96,0.3495668912,0.07625430869,70.52,,1.031621332,1.023906065,1.22,0.01258658557,0.3495668912,0.1278344562,0.7035418672,,0.01258658557,0.02839268527,0.02839268527,0.02839268527,0.08122246696,,0.3614067692,0.321174206,0.5113476376,0.8602117421,0.8602117421,0.01445620789,0.7052358037,1.031621332,2.153909692,0.0,1.32,0.02830471927,-0.113207125,0.05809471366,0.1452767833,0.1625044755,0.3788083573,0.7529355149,0.2324735322,0.003065699964,0.6589207048,0.554981203,0.3495668912,-0.2807669643,0.809971357,0.2543469935,1.216787746,3.652988158,0.4774013474,0.3495668912,1.93269086,0.7067731278,0.4063730755,0.9144863674,2.500688516,0.5106448508,0.02343706352,0.6890856593,0.9079381312,5.347688601,10.88235294,5.55,4.808592108,7.861888833,Probable Bankrupt
Punj Lloyd Limited,2018,0.68,0.67,0.04852530738,-2.75,1.067150723,0.06602919765,45.43,2.625520725,1.132502292,0.1177813274,-1.21,-0.01404481635,1.067150723,-0.3432720482,0.4995984087,-0.06994129074,-0.01404481635,0.05178381685,0.05178381685,0.05178381685,0.04852530738,0.203908409,0.03448354102,1.015366906,2.707155369,1.181277794,1.181277794,-0.1130162103,0.4543947866,1.152711852,0.9243368283,0.0,23.45,-0.05021938172,0.03692200525,-0.2066212399,1.216343165,-0.1534590719,1.176533585,0.9864067145,0.446428252,0.1693078828,0.6655905056,0.6127929251,1.067150723,5.128193923,0.2995979496,-3.775587298,2.865308169,-0.6295700569,0.7238786747,1.067150723,-0.03959916205,0.01273792462,0.9033867634,1.89362437,-5.886825408,0.114127071,-0.2712739165,0.612614619,0.3996286,-1.148349644,3.328173375,5.33,5.327608862,6.795383419,Bankrupt
Punj Lloyd Limited,2017,0.83,0.82,0.06474503687,-3.29,0.9920175549,0.04552698248,40.68,2.962941087,1.137146205,0.3125753134,-17.76,-0.2051156149,0.9920175549,-0.1683920585,0.5201571578,-0.0883477534,-0.2051156149,0.06422821317,0.06422821317,0.06422821317,0.06474503687,-56.3853211,0.02869972389,0.9277893417,2.814942643,1.150995193,1.150995193,-0.0752,0.4068781609,1.154554857,0.9978511858,0.0,124.25,0.03737465816,0.06195029625,-0.07874350826,0.5173339682,-0.1311866411,1.189459926,0.9898858934,0.4007431557,0.1262334063,0.8200574534,0.715576834,0.9920175549,2.673536077,0.2244701419,-1.371863848,3.083803004,-1.052865558,0.8236254963,0.9920175549,-0.06006284781,0.01019549153,0.8618781039,1.115214695,-6.569861815,0.1589776385,-0.3268861381,0.5953571578,0.3560120289,-2.092802288,4.948216341,5.36,6.232711415,8.256305502,Bankrupt
Punj Lloyd Limited,2016,0.86,0.27,0.04618138122,-5.0,0.9076559831,0.0368075721,34.15,3.782724005,1.213037551,0.1165998816,-46.72,-0.5722311728,0.9076559831,-0.1249892468,0.361390268,-0.1099746839,-0.5722311728,0.04191680697,0.04191680697,0.04191680697,0.04618138122,0.002537789588,1.912132854,0.8657391761,3.254458077,1.104594235,1.104594235,-0.1596030834,0.3415697853,1.224720122,0.5141963764,0.0,-84.74,0.01966126322,-0.01500857722,-0.1758519434,1.526021663,-0.09469018734,1.307338098,0.4667134176,0.3383115606,0.1384183836,0.2747518427,0.7085558764,0.9076559831,7.679782429,0.1678674317,-0.9017799747,3.810297297,-1.882878649,0.7826667363,0.9076559831,-4.266659702,0.5875426289,0.821709868,1.194991739,-8.677877731,0.196938252,-0.3506413092,0.5209933514,0.5975748439,-2.231361536,4.906973441,5.42,7.556488414,7.996253786,Bankrupt
Punj Lloyd Limited,2015,0.93,0.34,0.05498061008,6.34,0.8056550478,0.02467567206,49.06,2.557441097,1.179686536,-0.6378374997,-16.27,-0.1951230645,0.8056550478,-0.05601903238,0.5449493328,-0.09363815777,-0.1951230645,0.04429540604,0.04429540604,0.04429540604,0.05498061008,-0.07850920448,1.170787413,0.7613596417,1.968263065,0.935425945,0.935425945,-0.08450463492,0.4906360458,1.19865296,0.646393218,0.0,-40.63,-0.006136367219,-0.006727331504,-0.1106440544,-1.380445149,0.06903171255,1.259186941,0.520769959,0.4828726552,0.3976552727,0.3356349285,0.8013846733,0.8056550478,5.045181784,0.123507267,-0.3007519356,2.17708476,2.009644545,0.7496360154,0.8056550478,-8.554771846,0.5948327915,0.8612707954,-0.867516101,12.47645124,0.1297708973,-0.2328705831,0.6294539677,0.7859955114,-7.306853275,6.665656719,5.44,6.69517609,7.410227605,Probable Bankrupt
Punj Lloyd Limited,2014,1.02,0.34,0.05544821401,2.8,0.6998223273,0.0215088584,68.68,1.730644673,1.165587348,-0.4077562345,-5.93,-0.06932076695,0.6998223273,0.01336088695,0.7070418632,-0.03421275422,-0.06932076695,0.03880389817,0.03880389817,0.03880389817,0.05544821401,0.1071167497,0.8041475969,0.6610184291,1.190773955,0.8600745112,0.8600745112,-0.0402503363,0.6868271627,1.168662194,0.7536190477,0.0,-11.55,-0.03492978666,0.03340344341,-0.05681527419,-0.2841555012,0.1626899612,1.207842795,0.5273994359,0.6850200641,0.5375464121,0.3437767569,0.8292109637,0.6998223273,3.7596374,0.2583501252,0.0683801647,1.397422771,1.145267994,0.7131832142,0.6998223273,35.37194544,0.6753150703,0.8136763945,0.09548572643,5.001392764,0.1602521839,-0.08333036986,0.7472921995,1.114342787,43.98688199,10.01787847,5.44,3.865992884,6.386106401,Probable Bankrupt
Punj Lloyd Limited,2013,1.02,0.43,0.0737736049,1.96,0.6926745406,0.01946744435,69.79,1.593967166,1.173490606,0.448322232,-0.25,-0.00299755991,0.6926745406,0.01433950952,0.7184260678,0.1072251232,-0.00299755991,0.05110109789,0.05110109789,0.05110109789,0.0737736049,0.06762112259,0.6872099302,0.6415734427,1.166647432,0.8220727376,0.8220727376,0.002521252612,0.697959321,1.175548402,0.8546326556,0.0,-0.14,-0.01244883963,0.01687080723,0.009849140596,0.0383429096,0.2164373713,1.209917812,0.5919822821,0.6967375444,0.2618714845,0.4316548605,0.8600383126,0.6926745406,3.15865715,0.5804342099,0.06869586881,1.298520489,0.7272533465,0.7070140501,0.6926745406,28.45409165,0.5890467947,0.8425951974,0.08059197519,3.893020841,0.129398197,-0.02677349058,0.7159048152,1.002953706,41.40523935,9.478996914,5.42,2.473521635,5.456388753,Probable Bankrupt
Punj Lloyd Limited,2012,1.17,0.5,0.1042213307,1.7,0.6398747297,0.02174959477,70.67,1.50519419,1.151917414,0.455666889,1.08,0.01262216173,0.6398747297,0.1068086579,0.7390150386,0.1630884464,0.01262216173,0.06668859581,0.06668859581,0.06668859581,0.1042213307,0.2212235249,0.6983349393,0.5731861339,1.048646815,0.7939441286,0.7939441286,0.01323424099,0.70672985,1.158211087,0.8968667736,5.42,1.74,-0.02441190693,0.008820439874,0.02932848113,0.091075075,0.2595344734,1.185466826,0.5738823844,0.7028895079,0.2675539183,0.5009820784,0.9404734675,0.6398747297,2.821494099,0.6107915091,0.5103721532,1.191849221,0.7477069102,0.7466833876,0.6398747297,3.989541897,0.6659391218,0.8059442808,0.5183480441,3.105345776,0.1540693989,-0.03154022502,0.7257807976,1.063268194,5.712934685,8.911793365,5.41,1.317979708,5.241315001,Probable Bankrupt
Punj Lloyd Limited,2011,1.35,0.64,0.1769091319,1.3,0.5623418128,0.02845612051,64.64,1.797297154,1.170418896,0.4491104462,-0.74,-0.008892512381,0.5623418128,0.1967420506,0.6681441037,0.05409745189,-0.008892512381,0.09948340196,0.09948340196,0.09948340196,0.1769091319,0.03984297399,0.7324728717,0.4628584109,1.038793377,0.7500006141,0.7500006141,0.0006165768277,0.646468112,1.1941968,1.073158941,-8.36,-1.11,0.0805934465,0.1319085753,0.01075331445,0.02418821279,0.3333322416,1.211136287,0.6034821442,0.6335961495,0.2603158487,0.6447431072,1.012110989,0.5623418128,1.747868697,0.5772377162,1.029394376,1.201676554,0.7506370491,0.7590838635,0.5623418128,2.01541996,0.7051189271,0.7497884698,0.7869701357,2.249372777,0.1876588013,-0.05083142793,0.6675275269,0.8970296116,2.75152847,11.98938992,5.43,-1.983859222,8.497584702,Probable Bankrupt
Punj Lloyd Limited,2010,1.55,0.73,0.1072430243,1.47,0.4932184433,0.02840670949,90.66,,1.147367245,0.4423602773,-1.1,-0.01273542738,0.4932184433,0.2709991066,0.926449456,,-0.01273542738,0.05289423749,0.05289423749,0.05289423749,0.1072430243,,0.509369988,0.4403242058,0.6241860282,0.7342562968,0.7342562968,0.0007366740767,0.9066250459,1.147367245,1.211444428,-4.6,-1.85,-0.01644282678,-0.1810819765,0.02558261169,0.04748114729,0.3619222666,0.7427202654,0.5975067348,0.5672295168,0.3793507953,0.7333956986,1.040804898,0.4932184433,-0.6468083476,0.8392208506,1.338887511,0.8622886741,0.9070312882,0.76421755,0.4932184433,1.485219897,0.8160547737,0.6717251803,1.019776211,1.855992964,0.2410378534,-0.02061950147,0.9257127819,1.322459742,2.915797813,10.88235294,5.55,4.808592108,7.861888833,Probable Bankrupt
Rei Agro Limited,2016,0.05,0.05,0.0003613635838,-1.08,2.25424734,0.04121156849,17,6.883326229,1.010404154,1.010404154,-206.23,-2.084976944,2.25424734,-2.143888197,0.1703008817,-0.3152708718,-2.084976944,0.0008146028974,0.0008146028974,0.0008146028974,0.0003613635838,-35.77668539,0.01379470686,2.253432737,13.40380517,2.254592731,2.254592731,-0.3377441365,0.1700239167,1.010966017,0.4425778811,0.0,27.95,-0.1230081878,0.01305478878,-0.1585851315,0.2849451474,-0.5564609137,-0.598965397,0.9976800109,-0.1349373407,0.0,0.04792692939,0.04894859307,2.25424734,-7.981036969,0.0841284523,-2.830413105,13.40101523,-0.0002753017931,0.1103591421,2.25424734,-0.001082140876,0.001029163487,0.9998468053,1.708831993,-1.79679611,0.0003453916285,-0.6655229031,0.5080450182,0.168570738,-0.07844609434,4.906973441,5.42,7.556488414,7.996253786,Bankrupt
Rei Agro Limited,2015,0.18,0.14,0.009828672886,-1.5,1.679948669,0.03943100808,45.97,3.646483219,1.005496923,1.005496923,-296.06,-2.984362015,1.679948669,-1.385691706,0.4598517542,-1.326257141,-2.984362015,0.01651166593,0.01651166593,0.01651166593,0.009828672886,-11.53985106,0.1422301646,1.663437003,3.683362031,1.687266818,1.687266818,-1.293159488,0.45974275,1.008006388,0.5566420593,0.0,200.18,-0.06629932745,-0.005344515705,-0.76976131,1.881597445,-0.4073255104,-1.024078912,0.9351300867,-0.4930881398,0.0,0.1365440823,0.1743985952,1.679948669,-1.57129286,0.2717994573,-2.302227564,3.663204836,-0.01064819154,0.2942569626,1.679948669,-0.04681410233,0.03861422348,0.9956627199,2.016235428,-2.444390775,0.007318148712,-0.7383940306,1.753011242,0.4877301182,-0.329143276,6.665656719,5.44,6.69517609,7.410227605,Bankrupt
Rei Agro Limited,2014,1.02,0.5,0.03005888608,1.78,0.6709563228,0.03770287927,48.17,2.08850639,1.003867167,1.003867167,-0.84,-0.008513538413,0.6709563228,0.01368898715,0.4865000431,-0.003798709908,-0.008513538413,0.02016819968,0.02016819968,0.02016819968,0.03005888608,-0.4229281633,0.7289364848,0.6507881231,1.398640054,0.7241148324,0.7241148324,-0.00422149876,0.4817077262,1.004142441,0.9692347983,0.0,-1.24,-0.0003471907404,0.1472116903,-0.006496516039,-0.01579961167,0.3809964321,0.02237273537,0.6503142162,0.003428104064,0.0,0.4992270209,0.9454927303,0.6709563228,-0.7164296371,0.6652440047,0.05058797601,1.467409909,0.1926834635,0.68464531,0.6709563228,25.54504434,0.5211751821,0.9265882879,0.04961842374,2.432013032,0.05315850961,-0.01863759769,0.4907215419,0.7376749579,35.04426638,10.01787847,5.44,3.865992884,6.386106401,Bankrupt
Rei Agro Limited,2013,1.31,0.43,0.03583385253,2.0,0.565343688,0.05407083392,53.99,1.743414926,1.006085373,1.006085373,4.14,0.04171782295,0.565343688,0.1742257869,0.5411757217,0.1288933448,0.04171782295,0.02025844234,0.02025844234,0.02025844234,0.03583385253,0.2008017516,0.923733153,0.5450852457,1.053524791,0.7226678125,0.7226678125,0.02755551312,0.5399163988,1.006140731,0.8920330433,23.45,5.15,-0.01646750419,0.07999089795,0.05788401054,0.1179969779,0.3837616437,0.4639019539,0.5043052505,0.2421432891,0.0,0.4313742784,1.023387872,0.565343688,-1.117447264,0.7399220453,0.9268802032,1.308948346,0.567276831,0.7395694749,0.565343688,2.845128486,0.8768024831,0.7823009109,0.6282205773,2.038507297,0.1573241245,0.05113989627,0.5136202086,1.064080043,3.080032883,9.478996914,5.42,2.473521635,5.456388753,Probable Bankrupt
Rei Agro Limited,2012,1.48,0.59,0.06525358318,1.93,0.5128191075,0.06960944596,51.46,1.785676559,1.005260303,1.005260303,5.35,0.05382353361,0.5128191075,0.244496571,0.5150149986,0.1717910213,0.05382353361,0.03346328429,0.03346328429,0.03346328429,0.06525358318,0.04365210079,0.8883916463,0.4793558233,1.001777226,0.6962825745,0.6962825745,0.03448267463,0.5146252675,1.005305507,1.063189769,21.88,5.65,-0.01836797001,0.07690881454,0.08075475283,0.1363523354,0.4361985157,0.1329612341,0.5452240284,0.06333982479,0.0,0.5899540451,1.087655653,0.5128191075,-0.4737673969,0.729118091,1.458681199,1.294798224,0.6040597331,0.7573156785,0.5128191075,1.86005051,0.8868155748,0.7365100411,0.8050133132,1.688474432,0.183463467,0.07090012799,0.4805323239,0.9388972283,2.093728051,8.911793365,5.41,1.317979708,5.241315001,Probable Bankrupt
Rei Agro Limited,2011,1.59,0.59,0.09880849894,1.64,0.5244057204,0.1495426306,54.76,1.677632733,1.004641912,1.004641912,7.58,0.07622720538,0.5244057204,0.3112282637,0.5482474909,0.1717583912,0.07622720538,0.05181574207,0.05181574207,0.05181574207,0.09880849894,0.09268370544,0.9637553065,0.4725899783,0.9624113112,0.6527804125,0.6527804125,0.06208889379,0.5476783942,1.005122295,0.9055239772,10.74,8.73,-0.02967842109,0.04854169905,0.1575927697,0.2380123498,0.5319087106,0.4786269657,0.4748619536,0.2575449432,0.0,0.5920910577,1.280114979,0.5244057204,-0.7529660227,0.8071059929,3.303721395,1.102915498,0.3697219187,0.835633984,0.5244057204,1.687308345,1.001396487,0.8033416909,0.8963442008,1.510299935,0.1283746921,0.1260042347,0.4861585971,1.147464681,1.750764259,11.98938992,5.43,-1.983859222,8.497584702,Probable Bankrupt
Rei Agro Limited,2010,1.32,0.48,0.1207758182,5.2,0.6810688446,0.07215982282,65.57,1.29169498,1.003840613,1.003275258,4.25,0.04271968688,0.6810688446,0.2206169826,0.6574299791,0.3124772515,0.04271968688,0.08225664699,0.08225664699,0.08225664699,0.1207758182,0.2870321503,0.8806746215,0.5988121976,1.042632709,0.8399325314,0.8399325314,0.04293665942,0.6557290603,1.003840613,0.6236160534,6.09,8.74,0.1206098727,-0.1577818129,0.0849463627,0.3614370965,0.1905718169,0.309651817,0.424725465,0.1984730791,0.0002198401508,0.4792632855,1.073521734,0.6810688446,-0.7864685455,0.762712151,2.808131257,1.159908673,0.992479535,0.9016858272,0.6810688446,2.607571404,0.8446642944,0.8108613718,1.378274952,4.254886084,0.1588636868,0.06710527076,0.6144933197,1.537982409,2.960879468,10.88235294,5.55,4.808592108,7.861888833,Probable Bankrupt
Rei Agro Limited,2009,1.21,0.38,0.006368699537,5.29,0.7237998089,0.07693536365,61.7,1.428259566,1.005565413,1.00463716,2.55,0.02502587609,0.7237998089,0.1503912403,0.6160834646,0.2039847119,0.02502587609,0.004609663507,0.004609663507,0.004609663507,0.006368699537,0.2718260839,0.9488228432,0.7191901454,1.151186193,0.8444774423,0.8444774423,0.02461586137,0.6170053973,0.981332249,0.557384302,7.36,5.69,0.002172998452,-0.08966780528,0.04602589581,0.2142038756,0.1841642534,0.2993247573,0.4034346512,0.182700204,0.000345558352,0.3835669712,1.035185791,0.7237998089,-1.012779028,0.7380331308,1.550314131,1.335789508,0.7759493881,0.8741910492,0.7237998089,3.966755959,0.8242131891,0.8570978603,0.9670059612,4.653986019,0.1206776334,0.04317699556,0.5914676032,1.558474479,4.180712961,8.349267049,5.54,3.77175625,3.08669806,Probable Bankrupt
Rei Agro Limited,2008,1.22,0.41,0.007723278232,4.31,0.6704104905,0.107507923,60.13,,1.014036431,1.012034353,5.88,0.05969038893,0.6704104905,0.1501519915,0.6025934253,,0.05969038893,0.005177766747,0.005177766747,0.005177766747,0.007723278232,,0.9201575406,0.6652327237,1.130397681,0.8128347624,0.8128347624,0.04223643188,0.6013995542,1.014036431,0.6776112036,6.62,10.74,0.006111902296,-0.2684145616,0.07312434672,0.2619253969,0.2302623439,0.3532957716,0.4542776594,0.2028250622,0.0007303960503,0.4099579962,1.009507122,0.6704104905,-1.031355731,0.730799165,1.032964335,1.361812811,0.7609547251,0.820562482,0.6704104905,3.634466219,0.8140122334,0.8247807814,0.8022429453,3.58191777,0.1424242719,0.07324359531,0.5603569934,1.305533933,3.949830391,6.372881356,5.41,5.681844063,7.660815065,Probable Bankrupt
Diamond Power Infra Limited,2017,1.22,0.66,0.05881464791,2.45,0.3507826314,0.1951055426,46.1,2.577215279,1.019625532,1.019625532,-70.21,-0.7028575977,0.3507826314,0.07792498798,0.4654314047,-0.3743593504,-0.7028575977,0.02080634253,0.02080634253,0.02063115696,0.05881464791,-0.673551229,0.4256502782,0.3301514744,0.7615042408,0.7332208886,0.7332208886,-0.3755449086,0.4610762098,1.000937497,2.291808458,0.0,-50.5,0.001136304495,-0.1432056098,-1.085829433,-1.427735866,0.3638454871,0.1686610594,0.8039266013,0.03941675426,0.0,0.663186258,0.5846909519,0.3507826314,-0.3085204847,0.647867446,0.1383628235,1.546941194,1.433538988,0.4287076194,0.3507826314,2.516181314,0.5589598263,0.4784133087,0.2920955377,1.314880425,0.3824382573,-0.4517369841,0.8409763133,0.5729930521,5.911381816,4.948216341,5.36,6.232711415,8.256305502,Bankrupt
Diamond Power Infra Limited,2016,1.25,0.71,0.06369032813,3.55,0.4409501337,0.03870363203,66.24,1.45462296,1.011762192,1.011762192,-12.13,-0.1206982521,0.4409501337,0.1110505066,0.6668277297,0.06288870049,-0.1206982521,0.02818208228,0.02818208228,0.0280842587,0.06369032813,-0.4036849881,0.3585776741,0.412865875,0.6622398917,0.8156411001,0.8156411001,-0.08466482086,0.6624730985,0.9949336206,1.726368226,0.0,-14.46,0.00289536214,-0.05099763765,-0.2018339373,-0.4827469771,0.2260294385,0.2259881221,0.7612423001,0.133232743,0.0,0.7103817789,0.6767690351,0.4409501337,-0.2477956021,0.8312629475,0.2543711339,1.182790337,2.032399666,0.5520006403,0.4409501337,2.149991992,0.5414619061,0.5406178448,0.6023604322,2.391802804,0.3746909664,-0.1184568656,0.7514925506,0.8746840914,5.995889168,4.906973441,5.42,7.556488414,7.996253786,Bankrupt
Diamond Power Infra Limited,2015,1.6,0.63,0.06183687858,2.39,0.3679090998,0.04684165785,89.66,1.094210555,1.015146034,0.9792095697,-6.5,-0.06605304156,0.3679090998,0.2196743714,0.9015648774,0.0671059416,-0.06605304156,0.02312994461,0.02312994461,0.02275035033,0.06183687858,-0.07035389228,0.4049101947,0.3451587495,0.416546389,0.7317185815,0.7317185815,-0.04711397634,0.8966143354,1.015146034,1.745997627,0.0,-9.22,-0.01213290809,-0.1508931505,-0.1233470328,-0.1691525863,0.3666456276,0.1238687033,0.6423684152,0.0917131406,0.02168894499,0.6250236445,0.8030183818,0.3679090998,-0.1782781273,1.201296063,0.6023923943,0.802693265,1.356074094,0.5875834712,0.3679090998,1.628007776,0.9720650697,0.5028013626,0.8188206718,1.371355131,0.3638094816,-0.05488107822,0.9486788538,1.374969222,4.020663835,6.665656719,5.44,6.69517609,7.410227605,Bankrupt
Diamond Power Infra Limited,2014,1.3,0.38,0.07668476404,1.36,0.4465554248,0.05631687629,107.74,0.8694042453,1.012438905,0.9867645466,3.46,0.03505770199,0.4465554248,0.1352398843,1.080094808,0.1495152808,0.03505770199,0.03464750621,0.03464750621,0.03424399738,0.07668476404,0.2614059879,0.3855646256,0.4123114274,0.4196059314,0.664145019,0.664145019,0.04443005225,1.077463523,1.012438905,1.320490527,0.0,6.74,-0.0002265875289,0.07201388712,0.1154409811,0.1534912366,0.5056952493,0.02742039292,0.5896722084,0.01693041677,0.02057029076,0.3839781313,0.876006433,0.4465554248,-0.2657740591,1.591039747,0.4159522767,0.5918866734,0.6478677005,0.5817953091,0.4465554248,3.034073814,0.9188731539,0.6723763817,0.4026734513,1.329607867,0.2175895942,0.04035936103,1.035664755,1.804775103,7.869170595,10.01787847,5.44,3.865992884,6.386106401,Probable Bankrupt
Diamond Power Infra Limited,2013,1.39,0.58,0.09217872032,1.61,0.4399188259,0.05153882379,102.91,0.83161331,1.011001621,0.9696975631,4.03,0.04075573972,0.4399188259,0.1697000626,1.03511297,0.3068866394,0.04075573972,0.04055514136,0.04055514136,0.04055115442,0.09217872032,0.2933495939,0.3500544402,0.3993676715,0.4321534039,0.6998672349,0.6998672349,0.04830575036,1.029168444,1.011001621,1.463123074,4.76,7.4,0.01515873477,-0.06792184118,0.125303607,0.1836634387,0.4288424291,0.08470739368,0.643655385,0.07276561983,0.03003873761,0.5757295632,0.8710493335,0.4399188259,-0.2003183596,1.430739433,0.5895454168,0.6476778706,0.8661113989,0.6096188885,0.4399188259,2.099849638,0.8100235635,0.6285746838,0.5654166501,1.46574742,0.259948409,0.04292755848,0.9868072195,1.581543722,5.998637346,9.478996914,5.42,2.473521635,5.456388753,Probable Bankrupt
Diamond Power Infra Limited,2012,1.45,0.57,0.08712965026,1.16,0.4131472683,0.06566084348,116.09,0.7335862131,1.011968752,0.970782607,6.22,0.06295252612,0.4131472683,0.1871253868,1.162914303,0.3168608999,0.06295252612,0.03600312921,0.03600312921,0.03599737699,0.08712965026,0.5709083424,0.3166880603,0.3771498913,0.3601355823,0.6235231182,0.6235231182,0.08550096062,1.160929788,1.011968752,1.541086545,11.85,12.3,0.01086100197,-0.02042491951,0.2390983515,0.2623875078,0.6037897728,0.02064321386,0.6366956962,0.009100008053,0.03788850245,0.5735687235,0.9627111451,0.4131472683,-0.1568101414,1.802697492,0.5740427034,0.5121392326,0.5588015096,0.6002726551,0.4131472683,1.941501952,0.8793578748,0.6626013635,0.4970434995,1.097404086,0.2103758499,0.07751569641,1.077413343,1.801801476,6.130644616,8.911793365,5.41,1.317979708,5.241315001,Probable Bankrupt
Diamond Power Infra Limited,2011,3.81,2.27,0.2264376315,0.85,0.1480368134,0.09117193051,128.06,0.6459522966,1.010370312,0.9949723677,7.25,0.07245435094,0.1480368134,0.4162309176,1.281834946,0.3426208941,0.07245435094,0.03352110541,0.03352110541,0.03352110541,0.2264376315,0.2782554149,0.1778771052,0.114515708,0.1153926935,0.5400594471,0.5400594471,0.1179259184,1.280630847,0.9982344216,5.213582845,10.11,10.9,0.01004950045,-0.04627521906,0.9653034526,0.3106932977,0.851648009,0.1508814765,0.771802191,0.1800675306,0.01828869001,2.270178033,1.044825221,0.1480368134,0.1726134343,2.335573295,1.211182711,0.3948397852,0.8523332662,0.564267731,0.1480368134,0.5482480984,1.541493658,0.2741120708,0.9049667722,0.3218607546,0.3920226337,0.1002843149,1.163909027,1.662208161,3.082173491,11.98938992,5.43,-1.983859222,8.497584702,Probable Bankrupt
Diamond Power Infra Limited,2010,1.49,0.97,0.0637940976,1.0,0.4887089957,0.1368313259,110.17,0.7541401422,1.014733437,1.011940368,7.2,0.07215427049,0.4887089957,0.2371431133,1.103393065,0.3399469713,0.07215427049,0.03117674937,0.03117674937,0.03117674937,0.0637940976,0.2602249489,0.2276350856,0.4575322463,0.4440280703,0.5985577231,0.5985577231,0.1117572466,1.101715105,1.000989212,1.533548252,9.0,15.53,0.0100925533,-0.04273485983,0.294857682,0.3589547238,0.670682645,0.1351263282,0.7494588259,0.1400135774,0.002567943505,0.972584788,1.212668521,0.4887089957,-0.01407503095,1.809287396,0.9028136734,0.5155073493,0.2736351744,0.725852109,0.4887089957,1.056497785,0.5126592231,0.8164776375,0.5907278006,1.217382981,0.1098487274,0.111007776,0.9916358187,1.468561467,4.64119045,10.88235294,5.55,4.808592108,7.861888833,Probable Bankrupt
Diamond Power Infra Limited,2009,1.98,1.18,0.08568592854,1.07,0.3519434903,0.1440005473,135.43,,1.008307901,0.9975132813,8.08,0.07974454617,0.3519434903,0.3443558246,1.357609982,,0.07974454617,0.03015660476,0.03015660476,0.03015660476,0.08568592854,,0.2044478354,0.3217868856,0.2562450548,0.5742950845,0.5742950845,0.124507578,1.354330403,0.9860687239,2.043504632,3.72,16.9,0.00659996637,0.02372102453,0.3962284958,0.3275744177,0.7412651213,0.09815474172,0.7191981526,0.1249345054,0.0129080219,1.180580062,1.212441711,0.3519434903,0.05130896614,2.372507941,1.213914352,0.3961794959,0.5223138989,0.696299315,0.3519434903,0.8154409693,0.7978606087,0.6128269244,0.8089073255,0.8267310936,0.2223515942,0.0983113797,1.233102404,1.909716413,3.988503804,8.349267049,5.54,3.77175625,3.08669806,Probable Bankrupt
Empee Distilleries Limited,2018,0.57,0.38,0.005832702392,0.77,0.4382034898,0.05195005792,76.25,0.9382149462,1.02550403,0.9901134781,-12.79,-0.09066831061,0.4382034898,-0.1868026542,0.7662079135,-0.01971000246,-0.09066831061,0.002555910543,0.002555910543,0.002555910543,0.005832702392,-0.293843547,0.08085028655,0.4356475793,0.4071169258,0.7084541656,0.7084541656,-0.05302285574,0.7625215041,0.7084275179,2.083452511,0.0,1.21,-0.006378857372,0.1323585527,-0.01929278483,-0.02899772402,0.4115239185,0.8151699888,0.9129761612,0.8624231998,0.02688451799,0.3751156726,0.3548582926,0.4382034898,-1.376405188,1.468258924,-0.3913502381,0.655821175,0.9269577678,0.2514008356,0.4382034898,-0.4658597553,0.1985922997,0.618534707,-0.6407316868,1.503034646,0.2702506758,-0.08779192728,0.8192307692,1.178955019,-5.762004999,3.328173375,5.33,5.327608862,6.795383419,Bankrupt
Empee Distilleries Limited,2017,0.71,0.4,0.02580368058,0.64,0.3647329606,0.04961522386,80.86,1.033905943,1.025810865,0.9786628734,-5.58,-0.04069799008,0.3647329606,-0.106683216,0.8134941676,-0.2947917671,-0.04069799008,0.00941145281,0.00941145281,0.00941145281,0.02580368058,0.1806177016,0.09949724735,0.3553215078,0.3286569012,0.612009544,0.612009544,-0.02498071917,0.8086980623,0.7287090224,2.438992963,0.0,3.58,0.003482587065,-0.0327446,0.06049492847,0.05686865236,0.6339614468,0.779396914,0.8895811241,0.8550202449,0.04274715971,0.4047642647,0.4216433339,0.3647329606,-0.8867887379,1.74050446,-0.217662823,0.5429945816,0.637326459,0.2580497445,0.3647329606,-1.035016379,0.3027389566,0.595959596,-0.2749635059,0.940056527,0.2472765834,-0.05514515665,0.8384748867,1.247517644,-10.40246244,4.948216341,5.36,6.232711415,8.256305502,Bankrupt
Empee Distilleries Limited,2016,0.62,0.4,0.03625897573,1.14,0.3136616192,0.03036110712,80.92,1.00510964,1.034390253,0.9473962819,-1.23,-0.009600200976,0.3136616192,-0.1180675124,0.8120840973,-0.08522341247,-0.009600200976,0.01137304904,0.01137304904,0.01137304904,0.03625897573,0.1286627597,0.06736290554,0.3022885702,0.3023794143,0.6928532207,0.6928532207,-0.007827114764,0.8092361816,0.7801284812,2.965372975,0.0,-1.45,-0.1617673846,0.03757136141,-0.01815915969,-0.01854433065,0.4433071395,0.8210504594,0.9301236889,0.8113023165,0.06512190208,0.4008070738,0.2823023709,0.3136616192,-1.012484332,1.480448653,-0.2026096817,0.656967772,1.234561542,0.1955941069,0.3136616192,-0.5918335173,0.2227760964,0.4527100544,-0.3844009454,1.021210836,0.3791916014,-0.04199916002,0.819911212,1.115240297,-8.785748069,4.906973441,5.42,7.556488414,7.996253786,Bankrupt
Empee Distilleries Limited,2015,0.66,0.45,0.03120567376,1.28,0.2720747144,0.02576823499,107.75,0.833309007,1.034558941,0.9912889443,-3.67,-0.03059152911,0.2720747144,-0.09228671401,1.088573291,-0.1543514802,-0.03059152911,0.008490274776,0.008490274776,0.008490274776,0.03120567376,-1.341180067,0.04340268563,0.2635844396,0.2104784778,0.6496003568,0.6496003568,-0.06221055881,1.077535934,0.8335876546,3.469251379,0.0,-5.4,0.00443768958,0.340981702,-0.3119306541,-0.242204709,0.5394080215,0.7646688074,0.9438955782,0.9347621008,0.04305177831,0.4545941686,0.27676709,0.2720747144,-0.4878069409,2.050510918,-0.1458663739,0.4959662438,1.07741446,0.1797880004,0.2720747144,-0.6079360654,0.2062096139,0.4188339978,-0.2633755935,0.7764697244,0.3775256423,-0.1586752716,1.15078385,1.369482655,-14.00687668,6.665656719,5.44,6.69517609,7.410227605,Probable Bankrupt
Empee Distilleries Limited,2013,0.86,0.57,0.02499141516,4.17,0.3894295776,0.02530314526,80.48,0.7386696279,1.021488386,0.9902788903,-1.03,-0.008148256026,0.3894295776,-0.05392936212,0.8097056507,0.4927192761,-0.008148256026,0.00973239625,0.00973239625,0.00973239625,0.02499141516,0.7908722904,0.1115269788,0.3796971813,0.3816937304,0.8385165154,0.8385165154,-0.01404882543,0.8048171647,0.788829826,2.275668663,-16.55,-1.39,-0.0009623541321,0.1575142204,-0.05080315922,-0.1225156423,0.1925823543,0.7198791233,0.8862126863,0.7041425833,0.01898711747,0.5693273303,0.4001116368,0.3894295776,-0.5868361538,1.230751511,-0.09662047944,0.8123206874,2.781008465,0.3355002154,0.3894295776,-2.109932498,0.2921897058,0.4644268425,-0.3339620905,2.411575267,0.4490869378,-0.026325995,0.8237544762,1.151266704,-18.91858383,9.478996914,5.42,2.473521635,5.456388753,Probable Bankrupt
Empee Distilleries Limited,2012,0.76,0.62,0.01483920629,0.74,0.3424671578,0.06239947481,151.81,0.3979691467,1.01401419,1.01401419,2.26,0.01528998243,0.3424671578,-0.08359572941,1.531743823,0.2091650679,0.01528998243,0.005081940803,0.005081940803,0.005081940803,0.01483920629,0.1426787387,0.02084879255,0.337385217,0.1522098548,0.5735123973,0.5735123973,0.05921120077,1.518152927,0.674744516,2.783014027,8.09,16.15,-0.002394356252,0.3220888662,0.2453386931,0.1970055973,0.7436414709,0.8051747706,0.9530909038,1.794305883,0.0,0.6189274718,0.4513789581,0.3424671578,-0.2977180849,3.934856997,-0.1873625472,0.2526394584,0.5417396381,0.2588714284,0.3424671578,-0.5611422565,0.1369739993,0.5971399387,-0.1960097524,0.8029944027,0.2310452395,0.02438684781,1.472532623,2.360705615,-26.91485634,8.911793365,5.41,1.317979708,5.241315001,Probable Bankrupt
Empee Distilleries Limited,2011,1.06,0.87,0.050126369,0.67,0.2637826626,0.102374926,109.4,0.83061046,1.013631858,1.013631858,3.58,0.02472159058,0.2637826626,0.01690772051,1.100057408,-0.6381599659,0.02472159058,0.01322246708,0.01322246708,0.01322246708,0.050126369,-0.8018936635,0.03202145647,0.2505601956,0.166101102,0.5069908702,0.5069908702,0.04101927813,1.094094335,0.6889394204,3.598216793,44.82,5.33,-0.005337996411,0.2885999196,0.2029626509,0.1085943956,0.9724221061,0.7992770101,0.9491472064,1.257726995,0.0,0.8713142376,0.5536399167,0.2637826626,-0.1064892814,3.150381707,0.04916796812,0.310920646,0.4933138006,0.2806903832,0.2637826626,3.007667032,0.1927829261,0.520290755,0.03429494403,0.5350462024,0.2432082076,0.02846800846,1.05903813,1.673170351,93.92661555,11.98938992,5.43,-1.983859222,8.497584702,Probable Bankrupt
Empee Distilleries Limited,2010,1.56,1.23,0.08042291951,2.07,0.1657264948,0.03186496363,69.65,0.813394371,1.018435628,0.9927319995,2.5,0.0174183339,0.1657264948,0.09360268599,0.6994200703,0.3730089646,0.0174183339,0.01332820855,0.01332820855,0.01332820855,0.08042291951,-0.02101859337,0.05592856335,0.1523982862,0.165705889,0.6981991657,0.6981991657,0.02735730677,0.6965147696,0.6964281677,5.696521146,70.66,2.18,-0.01499428419,0.1744114504,0.2250341064,0.1235719369,0.4322560798,0.7966655363,0.9440644819,0.7845442521,0.01840937793,1.22728513,0.3714257958,0.1657264948,0.1852243037,1.426200576,0.1387911093,0.6847858031,1.764318088,0.2593291808,0.1657264948,0.5975845411,0.3375170532,0.2373627797,0.3101472076,0.5491253699,0.532472671,0.03638351556,0.6720627635,1.059381399,10.68478261,10.88235294,5.55,4.808592108,7.861888833,Probable Bankrupt
Empee Distilleries Limited,2009,2.84,2.33,0.2571660907,0.86,0.1773795143,0.07627186647,87.66,,1.019908793,0.9947698447,2.27,0.01577597264,0.1773795143,0.3263617186,0.8847159368,,0.01577597264,0.04561599625,0.04561599625,0.04561599625,0.2571660907,,0.07199657973,0.131763518,0.1402023657,0.5223662622,0.5223662622,0.02989380308,0.8766565097,0.6929172011,5.124110592,88.64,2.34,0.01956208867,0.03327350545,0.2246391543,0.08342455928,0.9143655944,0.7911073108,0.9089122478,0.9866577718,0.03044318652,2.326387477,0.9643448847,0.1773795143,0.8902305908,2.420716554,0.7262477933,0.3768277041,0.7222830395,0.5037412329,0.1773795143,0.2791006022,0.5135190079,0.3395692393,0.6832886641,0.3713714092,0.3449867479,0.0255425956,0.8548221337,1.391958104,3.876581404,8.349267049,5.54,3.77175625,3.08669806,Probable Bankrupt
Hindustan Dorr-Oliver Limited,2017,0.11,0.08,0.001079215381,0.0,3.537063466,0.06292331221,17.98,9.629919868,1.262550082,1.262550082,-573.56,-7.068701391,3.537063466,-3.160462197,0.1964853758,-0.8103065839,-7.068701391,0.003817253297,0.003817253297,0.003817253297,0.001079215381,0.09524680073,0.6445910912,3.533246213,24.24051379,3.541826435,3.541826435,-0.4651374727,0.179823581,1.232382748,0.2561289225,0.0,1.4,-0.008400224006,-0.0378479673,-0.1288058142,0.179238965,-0.7176597955,0.2790478435,0.9059442543,0.03103667658,0.0,0.07988138353,0.1063296793,3.537063466,-30.93707094,0.04931984348,-8.031592746,24.24699505,-0.001873837308,0.376601269,3.537063466,-0.02976012361,0.02659147809,0.9986552223,1.243382378,-1.391544055,0.004762969204,-0.7296117262,0.6616228485,0.1610643992,-0.04616899615,4.948216341,5.36,6.232711415,8.256305502,Bankrupt
Hindustan Dorr-Oliver Limited,2016,0.34,0.31,0.001539817503,-0.05,1.832032066,0.0614334471,23.57,4.670814678,1.110438065,1.110438065,-93.65,-1.020235273,1.832032066,-1.217311601,0.2408293915,-0.02143766266,-1.020235273,0.002820995042,0.002820995042,0.002820995042,0.001539817503,-0.4653465347,0.2172329032,1.829211071,8.46633307,1.834169184,1.834169184,-0.2194677153,0.2357193062,1.089324906,0.5201835338,0.0,2.36,-0.00905209898,-0.02937262111,-0.1190895894,0.261548797,-0.454794024,0.5722061276,0.9529929143,0.1185767748,0.0,0.3098817918,0.3351492711,1.832032066,-13.65791094,0.1303021672,-5.467619454,8.46317268,-0.002561971238,0.614720465,1.832032066,-0.03861549145,0.02565844048,0.9988348308,1.459310203,-2.19623561,0.002137117456,-0.4917149873,0.4602971068,0.2270638773,-0.1777607853,4.906973441,5.42,7.556488414,7.996253786,Bankrupt
Hindustan Dorr-Oliver Limited,2015,0.4,0.35,0.004128802445,-1.21,1.378355759,0.06002751261,35.25,3.822084475,1.094075249,-1.575897362,-212.51,-2.322617846,1.378355759,-0.8242219102,0.3684895712,-0.4655055375,-2.322617846,0.005690958629,0.005690958629,0.005690958629,0.004128802445,-0.05226144512,0.2090817356,1.372664801,4.273518812,1.595690866,1.595690866,-0.4596657957,0.3525139717,1.092950843,0.6765771418,0.0,89.74,-0.007483925372,-0.04791403213,-0.2591700567,0.5996877927,-0.3733121988,1.110710682,0.932564,0.3528766308,0.2698384023,0.3531003124,0.3472689235,1.378355759,24.97083333,-0.1128911008,-3.694860144,4.929710249,-0.3648454574,0.5541338491,1.378355759,-0.08181777156,0.04892495969,0.8637987401,1.383640337,-2.313877615,0.2173351063,-0.5778753411,0.8281553669,0.3458573893,-0.3913195541,6.665656719,5.44,6.69517609,7.410227605,Bankrupt
Hindustan Dorr-Oliver Limited,2014,0.61,0.54,0.008038902546,9.79,0.7072252997,0.05765534914,18.63,5.742990117,1.141116985,-1.212977859,-36.9,-0.4151152992,0.7072252997,-0.2748240788,0.2041256607,0.09736736908,-0.4151152992,0.005685315262,0.005685315262,0.005685315262,0.008038902546,0.07600576595,0.2923082816,0.7015399844,4.269439975,0.8928038883,0.8928038883,-0.09155514946,0.1863273244,1.124837202,1.345511314,0.0,-23.48,-0.01795904666,-0.06708361465,-0.1616842219,-1.066710075,0.1200668064,1.17425113,0.951579642,0.189024042,0.2183859849,0.5429399415,0.4843182545,0.7072252997,11.19872499,0.01886215842,-1.734144779,5.355435532,1.731206345,0.4324012208,0.7072252997,-0.1761867381,0.06846525148,0.7921395828,-2.563750444,6.597490233,0.1855785887,-0.3742569583,0.2956808102,0.1740771365,-0.6027428888,10.01787847,5.44,3.865992884,6.386106401,Probable Bankrupt
Hindustan Dorr-Oliver Limited,2013,0.7,0.63,0.02145211284,4.81,0.7166617459,0.08271583664,31.93,3.426944684,1.087484557,-0.7562414042,-28.23,-0.2990279494,0.7166617459,-0.2149394745,0.3219311935,-0.06690145796,-0.2990279494,0.01537390864,0.01537390864,0.01537390864,0.02145211284,-0.3493121543,0.1643628057,0.7012878372,2.376465652,0.9166561221,0.9166561221,-0.0775514221,0.3193302122,1.058905802,1.326195708,0.0,-31.82,0.01511189231,-0.05518489547,-0.1654470907,-1.422655196,0.0909216399,1.117135598,0.9504337312,0.327948599,0.3032791914,0.6309196845,0.5473396831,0.7166617459,7.487960199,0.09923465084,-1.756332931,2.988671065,2.39962888,0.5017222714,0.7166617459,-0.2306057038,0.0691627104,0.7818218071,-2.578947368,8.598852901,0.1999943763,-0.2006405293,0.3994826156,0.3172932553,-1.403028519,9.478996914,5.42,2.473521635,5.456388753,Probable Bankrupt
Hindustan Dorr-Oliver Limited,2012,0.8,0.72,0.01264753322,1.82,0.7720644919,0.07947019868,67.31,1.409000482,1.081555086,-0.9183611501,-7.71,-0.08248696417,0.7720644919,-0.1518010687,0.680472554,0.2266967998,-0.08248696417,0.009764711308,0.009764711308,0.009764711308,0.01264753322,0.08229976876,0.099616778,0.7622997806,1.22690721,0.8421437561,0.8421437561,-0.0673778258,0.6731918482,1.069786191,1.214035178,0.0,-22.77,-0.02776513868,-0.06540023315,-0.1073077481,-0.5248351281,0.1874457215,1.100517245,0.9373134525,0.6805977427,0.7472009889,0.7221895082,0.7365291481,0.7720644919,3.3909375,0.0793424769,-1.271467991,1.322754591,0.4439435679,0.6202634232,0.7720644919,-0.412951951,0.08119340826,0.9167846776,-0.9616412054,4.890934135,0.07007926415,-0.1046941904,0.7478503798,0.6713623934,-4.145405617,8.911793365,5.41,1.317979708,5.241315001,Probable Bankrupt
Hindustan Dorr-Oliver Limited,2011,0.88,0.78,0.04773243501,1.15,0.7764921399,0.1510225485,91.35,0.9683915358,1.06010453,-0.7064851427,3.62,0.03805347845,0.7764921399,-0.09284710092,0.9277126912,0.3139351595,0.03805347845,0.03706386061,0.03706386061,0.03706386061,0.04773243501,0.397434429,0.08545394041,0.7394282793,0.8919567005,0.7807864355,0.7807864355,0.05438589017,0.9135773016,1.049426457,1.19203801,14.81,14.81,0.03029183939,-0.04721891812,0.09741805932,0.3450715174,0.280759955,1.069676624,0.9256081455,0.9228730882,0.9848423672,0.7846224748,0.8755851894,0.7764921399,2.75712881,0.1699095344,-1.14284216,0.8543142935,0.01958955224,0.683645039,0.7764921399,-0.8012296962,0.09580503221,0.9945000382,-0.4235463308,3.542171953,0.004294295574,0.04608870417,0.873326801,0.9405158606,-9.376158576,11.98938992,5.43,-1.983859222,8.497584702,Probable Bankrupt
Hindustan Dorr-Oliver Limited,2010,1.15,1.06,0.01861688233,0.75,0.7131271734,0.1001112347,108.97,0.8256781475,1.058639282,-0.4011381161,6.51,0.06835869786,0.7131271734,0.10479384,1.095168902,0.2845131644,0.06835869786,0.01327620467,0.01327620467,0.01327620467,0.01861688233,0.407907242,0.06289526223,0.6998509687,0.6864681339,0.7175981123,0.7175981123,0.1072652757,1.089766518,1.049027461,1.310652897,10.07,24.75,-0.01596801879,-0.08587597999,0.1978021978,0.499494261,0.3935376681,0.9683192464,0.9346621957,0.997379533,1.056627611,1.05532819,1.139803742,0.7131271734,1.198867925,0.4288260847,0.5866240267,0.677992038,0.01583183078,0.8179210134,0.7131271734,0.6234889784,0.09162153219,0.9937695782,0.3710805225,2.525220986,0.004470938897,0.1031101501,0.9879036264,1.111455108,9.913131074,10.88235294,5.55,4.808592108,7.861888833,Probable Bankrupt
Hindustan Dorr-Oliver Limited,2009,1.26,1.18,0.06254250523,0.1,0.6891218691,0.09737625101,89.13,,1.060766638,-0.4187477159,6.06,0.06318268567,0.6891218691,0.1779347694,0.9062679002,,0.06318268567,0.0430994081,0.0430994081,0.0430994081,0.06254250523,,0.06324359443,0.646022461,0.8060462094,0.6934266026,0.6934266026,0.08267518356,0.8913575532,1.042595525,1.372660638,11.56,17.37,-0.02409707734,0.1399284087,0.1621369739,0.3644547616,0.442113695,0.9807731352,0.9459304647,0.8315773029,0.9120628802,1.179743583,1.250394253,0.6891218691,7.535374868,0.3538761921,1.386394374,0.7606691842,0.01404144491,0.8670566385,0.6891218691,0.3038727929,0.07846149971,0.9937920849,0.5803985959,2.247820179,0.004304733471,0.08227954814,0.8235927167,0.9038094539,4.804799532,8.349267049,5.54,3.77175625,3.08669806,Probable Bankrupt
Sejal Glass Limited,2023,0.59,0.49,0.05222371968,-70.64,0.5855198264,0.4869816779,0,1.251385208,1.118043845,1.118043845,18.82,0.2105516743,0.5855198264,-0.2377194713,0.9193134741,-0.04951666995,0.2105516743,0.03057802328,0.03057802328,0.03057802328,0.05222371968,0.6610738255,0.07178993014,0.5549418031,0.7150084317,0.7238114026,0.7238114026,0.01242848688,0.9159597554,1.118525656,1.607479784,0.0,14.0,0.01400560224,-0.07277187244,-0.2830188679,-0.6,0.3815753611,0.3994218261,0.9412112843,0.3095285066,0.0,0.4935983827,0.4805124012,0.5855198264,-0.6028880866,1.51103843,-0.581002893,0.8465430017,0.5007142857,0.3478003551,0.5855198264,-0.2473029046,0.1004043127,0.8089397656,-0.8607142857,2.12,0.1382915762,0.009571459648,0.9068849872,0.8700482079,-3.444813278,6.699034141,10.05,0.2298150623,7.002951544,Financial Distress
Sejal Glass Limited,2021,0.09,0.08,0.0231372549,-0.13,3.834586466,1.031038722,0.19,8.756472492,1.525889968,1.525889968,-183.78,-2.980582524,3.834586466,-3.496992481,0.1919172932,-0.03439849624,-2.980582524,0.08872180451,0.08872180451,0.08872180451,0.0231372549,0.3069306931,0.1634304207,3.745864662,33.00970874,3.843796992,3.843796992,-0.1620300752,0.1883458647,1.621359223,0.2558333333,0.0,3.42,-0.05832449629,0.01339918822,-0.04225490196,0.05697666733,-0.739840579,0.8090614887,0.9810150376,0.04736842105,0.0,0.08308823529,0.08782825566,3.834586466,-158.5169492,0.04611472444,-5.717271051,32.32524272,-0.003238812876,0.337593985,3.834586466,-0.005428940013,0.004950980392,0.9976037948,1.229691321,-1.348403728,0.009210526316,-0.4992033988,0.3539473684,0.1184134892,-0.03321866265,6.623436776,5.98,4.203910403,-5.83105322,Financial Distress
Sejal Glass Limited,2020,0.09,0.09,0.02815321331,-0.15,3.401599128,0.9588453844,0.07,85.08730159,5.492063492,5.492063492,-578.69,-34.12698413,3.401599128,-3.086134836,0.07123387243,0.05178993276,-34.12698413,0.09576594585,0.09576594585,0.09576594585,0.02815321331,0.2571428571,1.111111111,3.305833182,297.1269841,3.405596947,3.405596947,-0.1599127749,0.06759949119,5.904761905,0.2902398632,0.0,4.96,1.465317919,0.03815164612,-0.04701105828,0.06647529838,-0.7063657222,5.095238095,0.9872796656,0.01308377249,0.0,0.08900048079,0.09263112961,3.401599128,66.09689922,0.01846219519,-4.853672478,289.1111111,-0.00166188246,0.3154642922,3.401599128,-0.004121768828,0.003739516,0.9988261032,1.282897719,-1.414035353,0.003997819371,-0.7279874214,0.2311466473,0.01159580342,-0.003709591945,3.729505735,8.0,6.894875427,3.871436941,Financial Distress
Sejal Glass Limited,2019,0.07,0.07,0.001163360274,-0.17,3.129934841,0.8951440768,0,12.7128821,1.753275109,1.753275109,-171.67,-3.200873362,3.129934841,-2.909160598,0.1736297432,-0.2316979686,-3.200873362,0.003641241855,0.003641241855,0.003641241855,0.001163360274,-3.25,0.1135371179,3.126293599,35.65938865,3.13434266,3.13434266,-0.2100421617,0.1636642392,1.864628821,0.3163115356,0.0,7.88,0.01743462017,0.01754815041,-0.06710751898,0.09841070306,-0.6809538367,0.8755458515,0.990034496,0.02702184745,0.0,0.06735243693,0.07043717518,3.129934841,-267.2280702,0.04909813513,-4.050160085,35.66812227,-0.002065188112,0.220774243,3.129934841,-0.003425559947,0.003183933382,0.9985937022,1.363024154,-1.466463141,0.004407819088,-0.5989010989,0.3836719049,0.08865660085,-0.030171278,3.938826467,5.27,5.36166639,6.453851345,Bankrupt
Sejal Glass Limited,2018,0.11,0.1,0.0003752579899,-0.28,2.487785903,0.7564825254,0.13,9.702263083,1.394625177,1.394625177,-77.03,-1.056577086,2.487785903,-2.205850319,0.1944919869,-0.134588455,-1.056577086,0.0009335615373,0.0009335615373,0.0009335615373,0.0003752579899,-0.1131221719,0.3125884017,2.486852342,22.61527581,2.491364556,2.491364556,-0.1162284114,0.1509257819,1.371994342,0.3881418475,0.0,5.59,0.0,0.0,-0.04671961974,0.0779342723,-0.5986135398,0.8642149929,0.9656138167,0.05259063327,0.0,0.09950591031,0.1131651262,2.487785903,-149.9791667,0.06157881589,-3.196617813,22.63932107,-0.002399582681,0.2819355843,2.487785903,-0.01558862947,0.01382200263,0.9985635773,1.479081899,-1.668127282,0.00357865256,-0.5142714071,0.3107203983,0.113922011,-0.04986950695,3.328173375,5.33,5.327608862,6.795383419,Bankrupt
Sejal Glass Limited,2017,0.06,0.04,0.001322663845,-0.7,2.073642348,0.7174935843,0.06,133.6666667,6.924242424,6.924242424,-962.13,-71.63636364,2.073642348,-1.956801975,0.06404278662,-0.4196379594,-71.63636364,0.002742731761,0.002742731761,0.002742731761,0.001322663845,-0.4349593496,3.727272727,2.070899616,229.1060606,2.248902907,2.248902907,-0.1908941306,0.06733406473,7.439393939,0.4659744726,0.0,12.13,0.0,0.0,-0.09205740361,0.1528494565,-0.5553387402,7.303030303,0.9662643993,0.02153044432,0.0,0.0400767145,0.05195438746,2.073642348,34.89182692,0.0278675529,-3.051539778,248.1666667,-0.140331613,0.116840373,2.073642348,-0.017240171,0.01626876529,0.9220684188,1.566816734,-1.660371143,0.1752605595,-0.754168908,0.2549369172,0.009367016747,-0.004625411732,4.948216341,5.36,6.232711415,8.256305502,Bankrupt
Sejal Glass Limited,2016,0.26,0.23,0.005499627144,-1.28,1.036321484,0.6325414781,0.09,17.51258206,1.47702407,1.47702407,-855.73,-13.25601751,1.036321484,-0.7645865533,0.1419049459,-1.092445904,-13.25601751,0.005699381762,0.005699381762,0.005699381762,0.005499627144,-1.059490085,0.386214442,1.030622102,11.73741794,1.403400309,1.403400309,-0.1964837713,0.1367851623,1.549234136,0.9320469799,0.0,410.82,0.0,0.0,-0.1895973154,0.4870689655,-0.2874449339,0.5393873085,0.9659003091,0.01188176198,0.0,0.2293064877,0.1936261013,1.036321484,-19.63895487,0.09292400881,-1.492269985,15.83041575,-0.9099616858,0.2717349304,1.036321484,-0.04459886292,0.03290454884,0.7384361233,1.895354406,-2.568965517,0.3670788253,-0.6146160434,0.3383887172,0.09140914091,-0.1154769425,4.906973441,5.42,7.556488414,7.996253786,Bankrupt
Sejal Glass Limited,2015,0.73,0.66,0.005220359402,0.63,0.4598587323,0.5705782313,0.06,,1.533484677,1.533484677,-430.0,-7.029511918,0.4598587323,-0.1218780296,0.1030885001,,-7.029511918,0.002400627857,0.002400627857,0.002400627857,0.005220359402,,0.8251986379,0.4574581044,11.30646992,0.6273948571,0.6273948571,-0.1082590831,0.06647892526,1.634506243,2.101596225,0.0,-12.11,0.0,0.0,-0.01034032728,-0.01276173956,0.5938925681,1.284903519,0.9664373759,0.03000784821,0.0,0.6619817287,0.5387049301,0.4598587323,13.41434263,-0.06556291391,-0.4489795918,15.36662883,0.4496344939,0.3379807026,0.4598587323,-0.2753787879,0.0729846401,0.7329654157,-0.327097014,1.234171726,0.1675361248,-0.7048929664,0.2113475832,0.04208464699,-0.3337121212,6.665656719,5.44,6.69517609,7.410227605,Probable Bankrupt
Raj Oil Mills Limited,2023,0.44,0.28,0.006762652705,-4.01,1.104046243,0.7276699029,3.64,0.2956585104,1.076628059,1.076628059,1.72,0.01856255273,1.104046243,-0.6184971098,3.404142582,0.1433044316,0.01856255273,0.00746628131,0.00746628131,0.00746628131,0.006762652705,0.05729877217,0.05622459155,1.096579961,0.3516146353,1.167148362,1.167148362,0.07418111753,3.380539499,1.076628059,0.7458551483,0.0,-75.12,0.0,0.03962030541,0.07111692845,-0.469740634,-0.1432108956,0.1633044412,0.8234585742,0.4778420039,0.0,0.279886562,0.4160132068,1.104046243,-0.3026219289,2.892695006,-1.246601942,0.3693334356,-0.3775216138,0.4855491329,1.104046243,-0.2854361371,0.159904014,0.9459347916,3.700288184,-6.60518732,0.06310211946,0.01518877477,3.329961464,3.813103247,-5.076713396,6.699034141,10.05,0.2298150623,7.002951544,Bankrupt
Raj Oil Mills Limited,2022,0.34,0.19,0.007173279534,-2.52,1.254146753,0.7632382892,3.48,0.3083371092,1.074399638,1.074399638,2.19,0.02356139556,1.254146753,-0.8228844532,3.334551588,0.08687095867,0.02356139556,0.008996345235,0.008996345235,0.008996345235,0.007173279534,0.3285094067,0.06261893974,1.245150408,0.4042591754,1.262861962,1.262861962,0.08209165027,3.333145909,1.074399638,0.6424568482,0.0,-32.84,-8.43e-05,-0.02582368655,0.07285362026,-0.3475935829,-0.2081478183,0.1547802447,0.8057351701,0.4456002249,0.0,0.1889710827,0.3414959929,1.254146753,-0.3879060791,2.632012467,-1.490325866,0.4041685546,-0.03315508021,0.4312622997,1.254146753,-0.2360778955,0.1548980049,0.9930988424,3.130481283,-4.771122995,0.008715209446,0.02480767569,3.252459938,3.850314027,-3.770071746,5.131407472,7.33,0.1472360633,9.050277908,Bankrupt
Raj Oil Mills Limited,2021,0.26,0.15,0.007645968489,-1.9,1.328817734,0.7391518738,318.61,0.3213318049,1.078574406,1.078574406,3.93,0.04241350563,1.328817734,-0.98091133,3.187807882,0.1012931034,0.04241350563,0.01016009852,0.01016009852,0.01016009852,0.007645968489,0.3254310345,0.04835348062,1.318657635,0.4497707378,1.368842365,1.368842365,0.1437807882,3.186576355,1.078574406,0.6450417053,0.0,-44.09,-0.006859903382,0.114260009,0.1221037998,-0.4398998331,-0.2694556905,0.1998749479,0.8571428571,0.5548029557,0.0,0.1543095459,0.2541610436,1.328817734,-0.4753842146,2.314439946,-1.571005917,0.4598791163,-0.1085141903,0.3479064039,1.328817734,-0.1456371626,0.1075069509,0.9707602339,2.659432387,-3.602671119,0.04002463054,0.04682916962,3.044027094,3.44683908,-3.011927181,6.623436776,5.98,4.203910403,-5.83105322,Bankrupt
Raj Oil Mills Limited,2020,0.2,0.12,0.02788203753,-1.69,1.277834875,0.751002004,283.8,0.3996201845,1.12371134,1.12371134,1.79,0.0200759631,1.277834875,-1.022610483,2.839328537,-0.01849948613,0.0200759631,0.03562863995,0.03562863995,0.03562863995,0.02788203753,0.2236421725,0.042457949,1.242206235,0.5059685296,1.554984584,1.554984584,0.03665638917,2.837958205,1.12371134,0.6986595174,0.0,-13.31,0.006277160792,-0.05375633399,0.01742627346,-0.04012345679,-0.3569068077,0.2714324471,0.8927714971,0.6471394313,0.0,0.1158176944,0.164133069,1.277834875,-0.6140383541,1.834324741,-1.495490982,0.6016006511,-0.499382716,0.2552243919,1.277834875,-0.1048576214,0.08391420912,0.821766909,1.842592593,-2.302469136,0.2771497088,0.0125901479,2.802672148,2.828856485,-2.469681742,3.729505735,8.0,6.894875427,3.871436941,Bankrupt
Raj Oil Mills Limited,2019,0.31,0.21,0.02170283806,-1.95,0.8059199462,0.7165391969,240.12,0.9658684497,1.110091743,1.110091743,-46.51,-0.5164049137,0.8059199462,-0.5556676757,2.402623613,-2.178607467,-0.5164049137,0.01749075008,0.01749075008,0.01749075008,0.02170283806,0.316872428,0.03778572539,0.7884291961,0.3725703623,1.594349142,1.594349142,-1.930709721,2.40127817,1.110091743,1.139398998,0.0,-994.93,-0.00490264743,-0.1200421941,-2.462854758,3.339558574,-0.3727848101,0.2915565231,0.9182643794,0.5872855701,0.0,0.2090984975,0.1569620253,0.8059199462,-0.4159350307,1.540084388,-0.7896749522,0.7289690561,-1.326542162,0.2502522704,0.8059199462,-0.147094431,0.1014190317,0.5054852321,0.93491794,-1.355970572,0.7884291961,-0.4458588838,4.333333333,2.355677656,-3.892857143,3.938826467,5.27,5.36166639,6.453851345,Bankrupt
Raj Oil Mills Limited,2018,1.09,1.07,0.01406174236,-1.51,0.6547089947,2.818352764,0.52,2.149090234,1.108800594,1.108800594,-59.33,-0.6578165615,0.6547089947,0.06063492063,0.6324867725,-0.4497354497,-0.6578165615,0.009206349206000001,0.009206349206000001,0.009206349206000001,0.01406174236,0.686746988,0.03082064612,0.6455026455,1.148718901,1.837989418,1.837989418,0.01597883598,0.631957672,1.108800594,1.500565702,0.0,4.71,0.007535164099,0.002763544245,-0.07790528528,0.06086627099,-0.4559272267,0.2933531378,0.9824338624,0.1447619048,0.0,1.065783094,0.3891991479,0.6547089947,0.1069364162,0.3802752029,0.2154945468,3.208689194,-1.412046976,0.7153439153,0.6547089947,0.2897033159,0.02683045095,0.3562093385,-0.07235762091,-0.7812855158,1.183280423,0.02506007552,0.6165079365,0.5801378716,9.39965096,3.328173375,5.33,5.327608862,6.795383419,Bankrupt
Raj Oil Mills Limited,2017,1.04,1.03,0.006882202305,-2.75,0.4560583942,1.041122534,42.94,2.968339541,1.153499314,1.153499314,-27.22,-0.3140560674,0.4560583942,0.01627737226,0.4302919708,-0.2104379562,-0.3140560674,0.003138686131,0.003138686131,0.003138686131,0.006882202305,-1.25,0.01019407959,0.452919708,1.224857871,1.318759124,1.318759124,-0.04912408759,0.4294890511,1.153499314,2.184379001,0.0,-8.91,-0.00407885792,-0.001771185033,-0.1718950064,0.2459354248,-0.2417114075,0.3183689473,0.9962043796,0.09350364964,0.0,1.027368758,0.3581668235,0.4560583942,0.04918032787,0.3478718105,0.03098082801,3.533424819,-2.706434623,0.4723357664,0.4560583942,0.2331838565,0.008322663252,0.3458238778,-0.05106480421,-1.430730479,0.8627007299,-0.1041412911,0.4794160584,0.3737543962,22.87443946,4.948216341,5.36,6.232711415,8.256305502,Bankrupt
Raj Oil Mills Limited,2016,0.6,0.57,0.02216748768,-4.68,0.3182777543,0.8061531842,43.7,2.552239939,1.100531511,1.100531511,-8.31,-0.09157175399,0.3182777543,-0.128203582,0.4371344148,-0.02695531568,-0.09157175399,0.007055418199,0.007055418199,0.007055418199,0.02216748768,-0.6324786325,0.01776765376,0.3112223361,0.8015186029,1.167762166,1.167762166,-0.03986009769,0.4370138093,1.100531511,3.119742327,0.0,-5.64,0.004691596523,0.00227214046,-0.1362258431,0.2584471603,-0.1436612445,0.302657555,0.9929445818,0.08834348429,0.0,0.5750284199,0.1627678802,0.3182777543,-0.4884581882,0.3772269558,-0.2287005164,2.923006834,-5.063623293,0.1900741723,0.3182777543,-0.05503292568,0.02216748768,0.272553576,0.7641984184,-1.897196262,0.8494844117,-0.08381795196,0.4769945125,0.3999149763,-3.097365945,4.906973441,5.42,7.556488414,7.996253786,Bankrupt
Raj Oil Mills Limited,2015,0.59,0.56,0.01597075236,-5.91,0.3051673517,0.7634474328,36.77,,1.07945536,1.07945536,-13.57,-0.1465012065,0.3051673517,-0.1243100411,0.3679389313,,-0.1465012065,0.004873752202,0.004873752202,0.004873752202,0.01597075236,,0.03291968287,0.3002935995,0.8957256119,1.128009395,1.128009395,-0.04450968878,0.3677627716,1.07945536,3.240138541,0.0,-5.78,-0.0006386715631,0.008224882874,-0.1281508563,0.3055045872,-0.1134825612,0.2928300586,0.9887844979,0.06664709336,0.0,0.5558976332,0.1603331598,0.3051673517,-0.5625152328,0.3212389381,-0.2156682967,3.296621855,-6.427981651,0.1808573106,0.3051673517,-0.09022201228,0.03675197229,0.2705361791,0.9711009174,-2.383944954,0.8228420435,-0.1083428246,0.4124486201,0.3445572777,-2.740670761,6.665656719,5.44,6.69517609,7.410227605,Bankrupt
Splendid Metal Products Limited,2021,0.2,0.2,0.0003644145332,-1.87,2.000341212,0.3818112633,1.22,123.1405229,1.471521942,1.471521942,-274.24,-4.034547152,2.000341212,-1.591801601,0.01241547242,-0.04546653018,-4.034547152,0.0007677275265,0.0007677275265,0.000728953409,0.0003644145332,0.01531862745,1.523809524,1.999612259,240.8478058,2.003776599,2.003776599,-0.03015850859,0.01222160184,1.471521942,0.4935878549,0.0,3.01,0.0,0.0,-0.01369268225,0.0272869846,-0.5009423703,3.779645191,0.987344128,0.008111545381,0.0,0.1979081055,0.2038848102,2.000341212,69.49882432,0.004717656575,-5.207153729,241.1736695,-0.003422461546,0.4085396116,2.000341212,-0.007950659145,0.006326856576,0.998285544,1.585812622,-1.992815148,0.003435386811,-0.7129326047,0.04257398102,0.008411875589,-0.005217620064,6.623436776,5.98,4.203910403,-5.83105322,Bankrupt
Splendid Metal Products Limited,2020,0.21,0.21,0.0004237255491,-1.93,1.925616586,0.3547923247,2.32,103.4629349,1.527987897,1.527987897,-212.04,-5.032526475,1.925616586,-1.517116048,0.0244928235,-0.02912138857,-5.032526475,0.0008456032341,0.0008456032341,0.0008159329451,0.0004237255491,-0.4299937772,1.215582451,1.924800653,196.3706505,1.928917405,1.928917405,-0.05807959055,0.02327634165,2.373676248,0.5131239359,0.0,6.27,-0.01138613861,-0.0003384003661,-0.03489957704,0.07234572633,-0.4815744846,3.362329803,0.9880799614,0.003649445536,0.0,0.2059498771,0.2117771018,1.925616586,66.00608389,0.01249774079,-4.821319127,196.6240545,-0.003553404881,0.4085005378,1.925616586,-0.007857038087,0.006190245067,0.9982887709,1.633208765,-2.07296857,0.003300819642,-0.8185411427,0.08257241405,0.009924328869,-0.006463599472,3.729505735,8.0,6.894875427,3.871436941,Bankrupt
Splendid Metal Products Limited,2019,0.22,0.21,0.0005220345322,-2.04,1.850123612,0.323990959,33.02,4.506738323,1.031304389,1.031304389,-187.94,-2.02525989,1.850123612,-1.446839795,0.3307674011,-0.7622332259,-2.02525989,0.001001866788,0.001001866788,0.0009658284141,0.0005220345322,-1.181462141,0.05404769745,1.849157783,6.037160732,1.853381481,1.853381481,-0.764337867,0.3302412409,1.077614187,0.531551923,0.0,89.75,-0.00218933157,-0.1795636618,-0.4907903759,1.064029257,-0.4604456716,0.2102638882,0.9834367635,0.04139367599,0.0,0.209024185,0.2175935288,1.850123612,-6.046637679,0.248051645,-4.321084921,6.044639917,-0.003817599811,0.4032838166,1.850123612,-0.01144787183,0.008952502649,0.9982422027,1.695419725,-2.167991284,0.003257868979,-0.7113982203,1.095105268,0.3116173054,-0.2118105372,3.938826467,5.27,5.36166639,6.453851345,Bankrupt
Splendid Metal Products Limited,2018,0.85,0.82,0.001092645873,-6.74,0.8572112199,0.2982049453,21.74,5.778826325,1.02024864,1.02024864,-163.37,-1.706070664,0.8572112199,-0.1303549371,0.2186924833,-0.4069343215,-1.706070664,0.0009570787013,0.0009570787013,0.0009366283017,0.001092645873,-4.067823658,0.09845434727,0.8562745916,4.116169452,1.110346266,1.110346266,-0.3901772641,0.2174736394,1.044268123,1.1426547,0.0,-272.53,-0.004196504197,0.0871062684,-0.4958608284,3.852033063,-0.09938004884,0.2548657619,0.9794964294,0.03919932595,0.0,0.8240124438,0.6546212699,0.8572112199,-0.9721665788,0.2227698519,-0.6314590268,5.327179527,-2.294006449,0.7268562828,0.8572112199,-0.1572903266,0.02391892472,0.772021527,1.181326217,-7.768375403,0.2531350463,-0.65488194,0.6088697473,0.2126139443,-1.597596561,3.328173375,5.33,5.327608862,6.795383419,Bankrupt
Splendid Metal Products Limited,2017,1.38,1.26,0.002192896581,4.17,0.5939061651,0.2800915587,44.8,2.549950515,1.008396091,1.008396091,-21.99,-0.2222375156,0.5939061651,0.2266103079,0.448255312,-0.2619953661,-0.2222375156,0.001319817319,0.001319817319,0.001302374799,0.002192896581,-0.4087777996,0.16651264,0.5926037903,1.339022488,0.8501077076,0.8501077076,-0.1249233256,0.448086701,1.010257519,1.559413792,0.0,-12.02,0.000701973325,0.1157352629,-0.2547137487,-1.009231784,0.1763215309,0.04299637546,0.9261454648,0.009003247216,0.0,1.257205232,0.9651911937,0.5939061651,0.3598769956,0.5571221437,1.450629001,1.913718859,1.709237602,0.820516473,0.5939061651,0.3259098665,0.1243538787,0.6986246093,1.51182095,3.962219507,0.2562015425,-0.2298570747,0.5731786376,0.4789065296,1.957268027,4.948216341,5.36,6.232711415,8.256305502,Bankrupt
Splendid Metal Products Limited,2016,1.62,1.46,0.002054578249,2.58,0.5325631752,0.2632766583,95.44,1.03486681,1.00443766,1.00443766,-2.42,-0.02419644169,0.5325631752,0.3294211145,0.9554490797,0.01990509318,-0.02419644169,0.001103406971,0.001103406971,0.001094192716,0.002054578249,0.1769209276,0.08617679848,0.5314689825,0.5566722609,0.8021975997,0.8021975997,-0.03160489277,0.9544884937,0.9976980995,1.722904438,0.0,-4.94,0.0003236230439,-0.1167148133,-0.07522351649,-0.202531793,0.2465756572,0.0462619399,0.9175554583,0.03593789592,0.0,1.463750752,1.074528632,0.5325631752,0.2706793303,1.208421155,2.501486846,0.8373692841,1.363150417,0.8619842897,0.5325631752,0.2502709695,0.1548070643,0.6638802901,1.66540504,2.692399963,0.2696344245,-0.03563443721,0.9870539725,1.042651637,2.904157197,4.906973441,5.42,7.556488414,7.996253786,Probable Bankrupt
Splendid Metal Products Limited,2015,1.58,1.46,0.01280789893,1.78,0.5398795212,0.1692628254,92.66,1.062202563,1.005422691,1.005422691,0.25,0.002561762613,0.5398795212,0.3154659916,0.9290923663,0.01388350268,0.002561762613,0.006926474079,0.006926474079,0.006914722342,0.01280789893,0.04935840858,0.0740573141,0.5329647988,0.5774700646,0.7867482707,0.7867482707,0.003464412213,0.9266198007,0.9911381617,1.724020688,0.0,0.53,7.25e-05,0.08226159642,0.008271586664,0.02094079266,0.2710545891,0.8897411338,0.9307634634,0.8224382975,0.0,1.456082228,1.087190839,0.5398795212,2.388686215,1.193486229,2.255398162,0.8341315273,1.157640083,0.8553455128,0.5398795212,0.2194738528,0.128244421,0.686216343,1.479312701,2.531653661,0.2468687495,3.81e-05,0.9256279541,1.004449371,2.963567549,6.665656719,5.44,6.69517609,7.410227605,Probable Bankrupt
Splendid Metal Products Limited,2014,1.43,1.31,0.008552862586,1.91,0.5498186204,0.1805144423,80.4,1.099400112,1.006795213,1.006795213,-0.82,-0.008130247918,0.5498186204,0.2344945443,0.8091533552,0.2099642008,-0.008130247918,0.004712056859,0.004712056859,0.004702523107,0.008552862586,0.4356877589,0.08198756309,0.5451160973,0.6753726974,0.7911893832,0.7911893832,-0.004905115335,0.8040027457,0.9876011523,1.69738559,0.0,-1.47,-0.0005641420824,-0.0237624001,-0.005800167329,-0.01527240352,0.2639198923,0.8514626834,0.9332542032,0.6839680429,0.0,1.305098338,0.9913090106,0.5498186204,1.387227752,1.033775866,1.808913567,0.9660854188,1.155931468,0.7843131647,0.5498186204,0.2846368857,0.1213960283,0.6949266914,1.123001062,2.633097056,0.2413707628,-0.01388384649,0.8140584705,0.8723203204,3.471708086,10.01787847,5.44,3.865992884,6.386106401,Probable Bankrupt
Splendid Metal Products Limited,2013,1.72,1.62,0.01429866912,1.57,0.4724061677,0.1845800981,127.42,,1.005622216,1.005622216,0.98,0.009677125499,0.4724061677,0.3412234628,1.281311375,,0.009677125499,0.006766846975,0.006766846975,0.006754779482,0.01429866912,,0.03691228923,0.4656513882,0.3657547013,0.7351426529,0.7351426529,0.01255924385,1.274224739,0.9865529299,2.015901602,0.0,2.35,-0.004320256428,-0.13247865,0.02671341354,0.04764671041,0.360280207,0.8499216347,0.9523243501,1.085208572,0.0,1.621388612,1.106764282,0.4724061677,1.514380875,1.766723983,2.126393563,0.5639454082,0.9919924367,0.8136296305,0.4724061677,0.1397197295,0.1009208879,0.6426047596,1.288329233,1.783624932,0.2627364852,0.002097243623,1.268752131,1.356253128,3.785181911,9.478996914,5.42,2.473521635,5.456388753,Probable Bankrupt
Monnet Ispat & Energy Limited,2023,0,0.0,0.0001401738155,-0.8,5.599686028,368.0,0,-213.25,0.0,0.0,0.0,24.66666667,5.599686028,-5.598901099,0.0,-0.00863422292,24.66666667,0.0007849293564,0.0007849293564,0.0007849293564,0.0001401738155,0,0.0,5.598901099,-1189.0,6.188383046,6.188383046,-0.1161695447,0.0,0.0,0.178581441,0.0,0.85,0.0,-0.00735667174,-0.0207457247,0.0223903177,-0.8384069001,0.0,1.0,0.0,0.0,0.0001401738155,0.0001268391679,5.599686028,1188.833333,0.0,-14266.0,-1313.833333,-0.1134644478,0.0007849293564,5.599686028,0.0,0.0,0.904870624,1.079122542,-1.079273828,0.5886970173,-1.0,0.1161695447,-0.004709576138,0.0008411608019,6.699034141,10.05,0.2298150623,7.002951544,Financial Distress
Monnet Ispat & Energy Limited,2022,0,0.0,0.001691570341,-0.8,5.520622568,0.0,0,-330.0625,0.0,0.0,0.0,14.125,5.520622568,-5.511284047,0.02996108949,-0.05486381323,14.125,0.009338521401,0.009338521401,0.009338521401,0.001691570341,0,0.0,5.511284047,-1773.5,6.028793774,6.028793774,-0.0439688716,0.0,0.0,0.1811389907,0.0,-0.48,0.0,0.0,-0.007964477023,0.008743423089,-0.8341293404,0.0,1.0,0.0,0.0,0.001691570341,0.001548986705,5.520622568,1770.5,0.0,0.0,-1933.75,-0.1010523058,0.009338521401,5.520622568,0.0,0.0,0.9157093068,1.095945528,-1.097802538,0.5081712062,-1.0,0.07392996109,-0.003112840467,0.0005648121999,5.131407472,7.33,0.1472360633,9.050277908,Financial Distress
Monnet Ispat & Energy Limited,2021,0.18,0.18,0.0001390240512,-0.73,5.306528956,7.076923077,0,-390,0.0,0.0,0.0,24.42857143,5.306528956,-4.328661011,0.0003688675765,-0.01401696791,24.42857143,0.0007377351531,0.0007377351531,0.0007377351531,0.0001390240512,0,-0.1428571429,5.305791221,-2055.142857,5.725931391,5.725931391,-0.06307635559,0.0,0.0,0.1883775893,0.0,0.2,0.0,-0.006635315339,-0.01188655637,0.01334686232,-0.8253559235,0.0,0.9996311324,0.0,0.0,0.1842068678,0.1707788443,5.306528956,1676.571429,0.0,-225.6730769,-2217.285714,-0.08874492663,0.9778679454,5.306528956,-8.52e-05,6.95e-05,0.9267538491,0.915938183,-1.122853575,0.4194024345,-1.0,0.06344522316,-0.00258302583,0.0005965061781,6.623436776,5.98,4.203910403,-5.83105322,Financial Distress
Monnet Ispat & Energy Limited,2020,0.19,0.19,0.007222222222,-0.73,5.238268461,7.076923077,0,-389.9285714,0.0,0.0,0.0,15.57142857,5.238268461,-4.26009458,0.01564205166,0.01418697708,15.57142857,0.03783193889,0.03783193889,0.03783193889,0.007222222222,0,-0.1428571429,5.200436522,-2057.142857,5.598035649,5.598035649,-0.0396507821,0.0,0.0,0.1908333333,0.0,-0.16,0.0,-0.002014425889,-0.007569444444,0.008623417722,-0.8213659107,0.0,0.9996362314,0.0,0.0,0.1866666667,0.1747352005,5.238268461,1673.142857,0.0,-225.2115385,-2183.571429,-0.07824367089,0.9781738814,5.238268461,-8.54e-05,6.94e-05,0.935733316,0.9265031646,-1.139240506,0.3597671881,-1.0,0.05529283376,-0.002547307132,0.0005977286312,3.729505735,8.0,6.894875427,3.871436941,Financial Distress
Monnet Ispat & Energy Limited,2019,0.18,0.18,0.000417275193,-0.72,5.305904059,4.487804878,0,-1458.285714,0.0,0.0,0.0,2047.714286,5.305904059,-4.34095941,0.1173431734,-5.533579336,2047.714286,0.00221402214,0.00221402214,0.00221402214,0.000417275193,0,-0.1428571429,5.303690037,-2054.142857,5.623616236,5.623616236,0.06420664207,0.0,0.0,0.1883997496,0.0,-2.44,0.0,-0.155839895,0.0121009806,-0.01388667199,-0.8221784777,0.0,0.9996309963,0.0,0.0,0.1817928924,0.1715879265,5.305904059,1680.714286,0.0,-143.4634146,-2176.285714,-0.0687150838,0.9649446494,5.305904059,-8.5e-05,6.95e-05,0.943503937,0.9388667199,-1.147565842,0.3177121771,-1.0,0.05313653137,-0.002583979328,0.0005950357021,3.938826467,5.27,5.36166639,6.453851345,Bankrupt
Monnet Ispat & Energy Limited,2018,0,0.0,0.0007015629263,-0.78,1.449056817,2.852713178,0,-929.9666667,0.0,0.0,0.0,59.93333333,1.449056817,-1.445498701,5.65e-05,0.4243194397,59.93333333,0.001016604541,0.001016604541,0.001016604541,0.0007015629263,0,-0.06666666667,1.448040212,-1710.466667,1.492206032,1.492206032,-0.05015249068,0.0,0.0,0.6900650894,0.0,0.52,0.0,-0.5774194769,-0.0346104377,0.1018932874,-0.3298512547,0.0,0.999943522,0.0,0.0,0.002416494524,0.002384466901,1.449056817,1706.333333,0.0,-198.4031008,-1760.2,-0.0876649455,0.003558115893,1.449056817,-3.91e-05,3.9e-05,0.9710836077,2.936775674,-2.94400459,0.04314921496,-1.0,0.05020896871,-0.0008472182999,0.0005860748613,3.328173375,5.33,5.327608862,6.795383419,Bankrupt
Monnet Ispat & Energy Limited,2017,0,0.0,0.001153269519,-0.08,1.701363681,2.746268657,0,-448.15625,0.0,0.0,0.0,70.71875,1.701363681,-1.694986756,9.81e-05,-0.8138918866,70.71875,0.001962130874,0.001962130874,0.001962130874,0.001153269519,0,-0.03125,1.69940155,-541.9375,1.766800746,1.766800746,-0.2216226822,0.0,0.0,0.5877061469,0.0,0.88,0.0,0.0019990005,-0.1302041287,0.2888945752,-0.4340052196,0.0,0.9999018935,0.0,0.0,0.003690462461,0.003609306458,1.701363681,539.9375,-5.55e-05,-128.9328358,-562.15625,-0.08533776868,0.006376925341,1.701363681,-5.79e-05,5.77e-05,0.962962963,2.210465711,-2.218781986,0.06543706465,-1.0,0.2217207888,-0.003139717425,0.00185217341,4.948216341,5.36,6.232711415,8.256305502,Bankrupt
Monnet Ispat & Energy Limited,2016,0.05,0.05,0.001067172586,-1.02,0.9122721618,2.647482014,6.59,16.74056999,1.054484493,0.6119027661,-322.35,-3.295892707,0.9122721618,-0.8667315701,0.06701281843,-0.1603656228,-3.295892707,0.0009735518416,0.0009735518416,0.0009735518416,0.001067172586,-441,0.0008382229673,0.91129861,14.13830679,1.262209963,1.262209963,-0.1511709665,0.06598518038,1.02263202,1.09610482,0.0,-12.61,-0.4682034976,0.2122380769,-0.1657081876,0.5765264026,-0.2077387839,0.4945515507,0.9999459138,0.03164043485,0.01131250803,0.04986067469,0.03608004456,0.9122721618,-26.57711443,0.04259330677,-115.2877698,19.54652137,-1.334570957,0.0455405917,0.9122721618,-6.24e-05,5.93e-05,0.7227578523,3.305486799,-3.479166667,0.3499378009,-0.6975706495,0.218183785,0.06452834271,-0.07444617785,4.906973441,5.42,7.556488414,7.996253786,Probable Bankrupt
Monnet Ispat & Energy Limited,2015,0.34,0.3,0.05874383045,-4.98,0.4816351263,2.486486486,12.18,,1.040870894,0.09587471352,-56.6,-0.5653170359,0.4816351263,-0.3172834903,0.1773095926,,-0.5653170359,0.0282930922,0.0282930922,0.0282930922,0.05874383045,,0.1688311688,0.4533420341,3.946906035,1.042602778,1.042602778,-0.0689848047,0.1218420807,0.9984721161,2.033484951,0.0,8.48,-0.005504587156,0.1940718884,-0.1432304268,1.619256018,-0.04086194564,0.4148204736,0.9793977813,0.0504334856,0.05530221745,0.2984612407,0.1576359084,0.4816351263,-4.731723238,0.06652360515,-45.99324324,8.312070283,-13.16739606,0.1643516361,0.4816351263,-0.06493315704,0.04277557341,0.461954578,7.447483589,-11.30525164,0.5609676517,-0.5071915216,0.2462943973,0.1245954693,-0.384604084,6.665656719,5.44,6.69517609,7.410227605,Probable Bankrupt
C & C Constructions Limited,2018,0.77,0.68,0.01599879741,-36.51,0.5995596585,0.02191509515,27.76,3.855429121,1.086613058,0.2371921307,0.68,0.007434380215,0.5995596585,-0.1381204373,0.2797687564,0.03691657976,0.007434380215,0.00959223351,0.00959223351,0.00959223351,0.01599879741,0.0171731838,0.2020229606,0.589967425,2.355029586,1.003409427,1.003409427,-0.01687203059,0.2776571774,1.09061852,1.582107117,0.0,12.59,-0.009978776483,0.1115128869,-0.02678778508,4.710725076,-0.003397842729,0.9158144945,0.9485676027,0.2158291166,0.107758322,0.6838465833,0.4598713234,0.5995596585,-8.844166767,0.1671307477,-0.4618703177,3.903646386,-118.4509063,0.4614392213,0.5995596585,-0.3723735481,0.08578361895,0.5975224491,40.51132931,-175.8534743,0.4038497689,-0.06743289698,0.2966407869,0.2683908764,-1.843223894,3.328173375,5.33,5.327608862,6.795383419,Bankrupt
C & C Constructions Limited,2017,0.85,0.75,0.02047808877,-34.29,0.5681057971,0.02173393226,32.77,3.351388926,1.09533676,0.6366188593,1.15,0.01274565204,0.5681057971,-0.08760985992,0.3360543745,0.001903748406,0.01274565204,0.01163372095,0.01163372095,0.01163372095,0.02047808877,-1.020580744,0.1760711819,0.5564720761,1.905757519,1.005540122,1.005540122,0.007040125776,0.3277522132,1.099471697,1.667846436,0.0,17.2,-0.01543588988,0.0677079594,0.01775771752,-1.820945946,-0.005509597922,0.8851725282,0.9475132286,0.2235861593,0.06799513922,0.7533969342,0.4778485977,0.5681057971,-4.092798,0.2536941163,-0.2798169055,3.334140588,-78.95752896,0.4804959372,0.5681057971,-0.5990966245,0.09238907898,0.5649757626,15.81370656,-102.5439189,0.4374343247,-0.007582222006,0.3290142487,0.3146127342,-3.402581945,4.948216341,5.36,6.232711415,8.256305502,Bankrupt
C & C Constructions Limited,2016,0.59,0.38,0.03619086878,407.97,0.506899517,0.01435752204,22.54,5.018072046,1.11583302,0.3524149788,-3.0,-0.03396819427,0.506899517,-0.2063291784,0.250606102,-0.001706461784,-0.03396819427,0.01834513391,0.01834513391,0.01834513391,0.03619086878,0.1233612344,0.5327459303,0.4885543831,2.541489819,0.9884619609,0.9884619609,-0.007733995558,0.2254485155,1.130352442,1.763158034,0.0,-1.37,0.01206124512,0.09620033606,-0.0171494406,-0.7534246575,0.01167271939,0.7980443776,0.8937439557,0.1371089805,0.07702043471,0.3833388825,0.3040788119,0.506899517,-7.760308593,0.1491002222,-0.4345054412,4.863966045,41.73693987,0.3005703386,0.506899517,-0.5149831213,0.2096195414,0.5128164128,-17.88251683,43.93289993,0.4815624439,-0.1385285425,0.2583400976,0.2231620722,-0.9666580109,4.906973441,5.42,7.556488414,7.996253786,Bankrupt
C & C Constructions Limited,2015,0.59,0.39,0.03337195432,74.54,0.4685631305,0.01398297868,28.5,4.13610289,1.13614594,0.4742291342,-16.48,-0.1890867998,0.4685631305,-0.1928573721,0.2954878531,-0.05553000075,-0.1890867998,0.01563686738,0.01563686738,0.01563686738,0.03337195432,-0.2344770067,0.3742237529,0.4529262631,1.885669698,0.9818599502,0.9818599502,-0.04067938939,0.2850499032,1.14714524,1.935727454,0.0,-8.84,-0.05252687917,0.07924203508,-0.08260514705,-2.133716645,0.01847519073,0.8089221331,0.9070105155,0.1788331319,0.08375801123,0.3899501732,0.2807994749,0.4685631305,-6.020333446,0.2017644447,-0.3962155302,3.888435667,28.29632906,0.2757057584,0.4685631305,-0.4821671243,0.1984566827,0.4772199237,-10.63157895,25.83031107,0.5132968197,-0.1601896564,0.3361672425,0.2739618992,-1.288446071,6.665656719,5.44,6.69517609,7.410227605,Probable Bankrupt
C & C Constructions Limited,2014,0.88,0.59,0.07687139464,11.7,0.3733328604,0.01499563977,33.46,3.197765864,1.107275741,0.5289372209,-7.12,-0.07954776079,0.3733328604,-0.04588687774,0.3393490555,0.08377756608,-0.07954776079,0.02869861764,0.02869861764,0.02869861764,0.07687139464,-1.381791073,0.3629752402,0.3446342427,1.246025572,0.9398056186,0.9398056186,-0.01826759364,0.3346440733,1.116898931,2.387268409,0.0,-3.8,0.04688335293,0.09142425795,-0.03747539871,-0.232426972,0.06404982072,0.7083276958,0.8912457435,0.1971481271,0.09218990106,0.5857821513,0.3484188391,0.3733328604,-1.769540763,0.256269377,-0.1067135685,3.040885875,9.410724808,0.3274459826,0.3733328604,-2.37005135,0.2913064133,0.3972447632,-0.7623116424,6.202121391,0.5664727582,-0.0723005094,0.3576166491,0.3361799388,-6.529512451,10.01787847,5.44,3.865992884,6.386106401,Probable Bankrupt
C & C Constructions Limited,2013,1.28,0.52,0.05096623964,8.7,0.3693331711,0.01674209931,27.57,3.932807804,1.127499575,0.3943288153,-25.5,-0.2884818239,0.3693331711,0.1048304583,0.2785339388,0.08232906184,-0.2884818239,0.01882352291,0.01882352291,0.01882352291,0.05096623964,-0.05154740013,1.15959848,0.3505096482,1.514875517,0.9167113726,0.9167113726,-0.06292758737,0.2757962735,1.131219872,1.942107982,0.0,-11.15,-0.0594129127,0.04162254942,-0.1444679879,-0.6406255188,0.09085588969,0.6420688482,0.7172848997,0.1423585954,0.09749534695,0.5183626712,0.5172441878,0.3693331711,-2.038438381,0.1919288815,0.2493816278,3.682821982,6.572064146,0.4741636294,0.3693331711,2.696879369,0.7654744345,0.402889265,1.258640725,4.434376971,0.5473782015,-0.194962747,0.3414615261,0.339898838,2.325701021,9.478996914,5.42,2.473521635,5.456388753,Probable Bankrupt
C & C Constructions Limited,2012,1.1,0.39,0.07689536833,3.82,0.4601114962,0.02030574305,34.12,2.951664689,1.125965958,0.4582556412,-10.48,-0.1184078015,0.4601114962,0.04467681181,0.3433177641,0.2159439506,-0.1184078015,0.03538044297,0.03538044297,0.03538044297,0.07689536833,-0.002660316633,1.07196203,0.4247310532,1.522480033,0.8500105469,0.8500105469,-0.03368690673,0.3412776857,1.12926642,1.469296867,0.0,-6.62,0.06025398062,-0.0238517279,-0.06865634496,-0.2106119661,0.1764559906,0.7264804714,0.6760403797,0.2047461202,0.1186985068,0.3930105837,0.5938612289,0.4601114962,-3.378659181,0.2791588083,0.118291924,2.695559832,2.599509784,0.504788308,0.4601114962,7.251180359,0.7040893849,0.541300926,0.2978663559,3.067625668,0.3898990508,-0.09741105756,0.3770046708,0.4470322362,6.764400378,8.911793365,5.41,1.317979708,5.241315001,Probable Bankrupt
C & C Constructions Limited,2011,1.19,0.35,0.0433675462,2.15,0.4920346364,0.02769948604,49.24,2.007154735,1.120260809,0.3354542272,3.34,0.03749343602,0.4920346364,0.09569966447,0.4953437693,0.2371468433,0.03749343602,0.02191483883,0.02191483883,0.02133833483,0.0433675462,0.1909881995,0.9433922633,0.4706963015,1.1204446,0.7630184212,0.7630184212,0.02819873246,0.4924381892,1.121363557,1.190396963,15.01,3.24,-0.006320263123,-0.05767419369,0.09625689335,0.1998540383,0.3105843479,0.7475056888,0.5857165368,0.3136835147,0.225841061,0.352517536,0.7702753754,0.4920346364,-2.873206239,0.3937913353,0.294876957,1.688928759,1.143480376,0.5877343008,0.4920346364,4.328995984,0.8419802846,0.644852893,0.4038274408,2.076256893,0.2709837849,0.05310746549,0.4671450369,0.7497522917,4.58875502,11.98938992,5.43,-1.983859222,8.497584702,Probable Bankrupt
C & C Constructions Limited,2010,1.31,0.45,0.08925102097,1.58,0.5082675856,0.03685089488,58.54,,1.119650461,0.8164537449,5.36,0.06008054415,0.5082675856,0.158142136,0.5913918362,,0.06008054415,0.04536340095,0.04536340095,0.04536340095,0.08925102097,,0.8401738058,0.4629041847,0.9719636973,0.7311800328,0.7311800328,0.05116733674,0.5854972139,1.119650461,1.103058959,10.31,6.38,0.002194246771,0.01050100256,0.139526585,0.2638079352,0.3676522266,0.1436402875,0.5606491138,0.05217496448,0.1084207843,0.4467308989,0.9114167396,0.5082675856,-0.6279574731,0.6653253313,0.4945330224,1.311491994,0.8292257811,0.6664097216,0.5082675856,2.778202555,0.8644086277,0.6951332952,0.5882826996,1.890735986,0.2229124472,0.08380351964,0.5402244995,0.9327198713,3.306699799,10.88235294,5.55,4.808592108,7.861888833,Probable Bankrupt
UB Engineering Limited,2015,0.44,0.38,0.006106717389,-0.21,1.576920041,0.1778125,31.14,4.222000544,1.073365376,-2.550467035,-135.82,-1.457876122,1.576920041,-0.8814428921,0.3179414318,-0.4498644986,-1.457876122,0.009629805036,0.009629805036,0.009629805036,0.006106717389,-0.696855684,0.3374444545,1.567290236,5.435204498,1.576920041,1.576920041,-0.4251322125,0.311416318,1.073365376,0.5720626022,0.0,55.97,-0.05052382562,-0.08058864751,-0.2709814129,0.7406850002,-0.3658524377,1.151537136,0.9020969821,0.311416318,0.3333667034,0.3789501785,0.4410351387,1.576920041,22.27528426,-0.1344979477,-3.4896875,5.40201324,0.0,0.6954771489,1.576920041,-0.1110713113,0.06208496012,1.0,1.527842386,-2.733342455,0.0,-0.5809078677,0.7430736443,0.3216181532,-0.3291543536,6.665656719,5.44,6.69517609,7.410227605,Bankrupt
UB Engineering Limited,2014,0.7,0.6,0.01584929212,-0.92,1.10490881,0.1606437041,55.32,2.065304378,1.042715458,-1.728967168,-56.14,-0.5853967168,1.10490881,-0.327756102,0.5576444969,-0.1917974775,-0.5853967168,0.0175120225,0.0175120225,0.0175120225,0.01584929212,0.04783021856,0.2159370725,1.087396788,2.082284542,1.105144724,1.105144724,-0.3106251701,0.5532891752,1.042715458,0.8013500641,0.0,227.98,-0.03217553872,-0.08026404374,-0.2811319515,2.954263031,-0.09514113532,1.078385773,0.885418746,0.5532891752,0.6653968045,0.5996616628,0.7032135175,1.10490881,10.63481675,-0.1647481896,-1.699698852,2.049726402,-0.00224370038,0.7771527085,1.10490881,-0.3495930458,0.1037020005,0.9997865318,3.117190197,-10.50845702,0.0002359132565,-0.3627680475,0.868269667,0.5992908528,-1.618957976,10.01787847,5.44,3.865992884,6.386106401,Bankrupt
UB Engineering Limited,2013,1.09,0.96,0.03974497824,1.31,0.7451502878,0.1465110291,88.37,1.095039637,1.029262064,-0.7831415042,0.13,0.001401032153,0.7451502878,0.06387611536,0.8885251393,0.1196211591,0.001401032153,0.02961598197,0.02961598197,0.02961598197,0.03974497824,0.07235528942,0.1066203203,0.7155343058,0.8678773476,0.8275877821,0.8275877821,0.001507445869,0.8837134939,1.029262064,1.219159327,0.0,0.46,-0.01750607371,-0.02897830767,0.002431697897,0.01050958227,0.2083310335,1.049124798,0.9084569236,0.8837134939,0.9401482953,0.9628706296,0.9775717098,0.7451502878,0.6559566787,0.1273021656,0.3600549309,0.9293986202,0.4781418352,0.8090264031,0.7451502878,1.433134684,0.1228518299,0.9003882173,0.3704848538,4.321911154,0.08243749429,-0.00372506609,0.8870176935,0.9451074386,13.44147795,9.478996914,5.42,2.473521635,5.456388753,Bankrupt
UB Engineering Limited,2012,1.15,1.01,0.07571768194,0.94,0.6765886056,0.1373179953,92.28,1.08298626,1.038398661,-0.8008057296,0.56,0.005838620529,0.6765886056,0.1024594417,0.9270469404,0.07513231174,0.005838620529,0.05122972085,0.05122972085,0.05122972085,0.07571768194,0.3518020441,0.1085399556,0.6253588848,0.7613366549,0.7739112387,0.7739112387,0.02103151268,0.9228095057,1.038398661,1.335438022,0.0,1.6,-0.01836753819,0.03881911232,0.05447480764,0.1630201958,0.2921378447,1.056089681,0.9035421495,0.9228095057,1.055982658,1.00887037,1.006637465,0.6765886056,-0.1204024983,0.1159656729,0.4765505591,0.8132030672,0.4304620563,0.7790480473,0.6765886056,0.941424713,0.142564994,0.8742457426,0.4531823745,2.992579559,0.09732263309,0.01853619426,0.9060154277,0.9835569763,8.673531398,8.911793365,5.41,1.317979708,5.241315001,Probable Bankrupt
UB Engineering Limited,2011,1.18,1.09,0.102962692,0.53,0.7157871115,0.2146629779,114.22,0.7599093047,1.02588176,-0.7663923413,4.26,0.04378569029,0.7157871115,0.131933276,1.145528668,0.3077757415,0.04378569029,0.07369936792,0.07369936792,0.07369936792,0.102962692,0.4995850622,0.06071548539,0.6420877436,0.6428619416,0.7611736545,0.7611736545,0.06971612372,1.14225605,1.02588176,1.302617828,0.0,17.15,-0.01802524517,0.02532982827,0.1266851291,0.3796883564,0.3137606565,1.036278132,0.9323970528,1.14225605,1.310861607,1.08987355,1.113701693,0.7157871115,-1.592592593,0.1622484829,0.8871981891,0.617433658,0.1900399342,0.8477203875,0.7157871115,0.5124025514,0.0944456056,0.9403729455,0.5524234594,2.997102811,0.04538654299,0.06176122931,1.075812544,1.194167552,8.439404678,11.98938992,5.43,-1.983859222,8.497584702,Probable Bankrupt
UB Engineering Limited,2010,1.44,1.36,0.2268514353,0.65,0.6004430517,0.3415366146,142.31,0.4973307027,1.018975222,-0.7474806089,5.82,0.05934350761,0.6004430517,0.2644802248,1.428598444,0.6107899287,0.05934350761,0.1362113681,0.1362113681,0.1362113681,0.2268514353,0.1763405196,0.03499100563,0.4642316836,0.4299116037,0.7254160363,0.7254160363,0.1084936244,1.42316836,1.018975222,1.584045712,0.0,20.74,0.03363705391,-0.08382988232,0.2258616035,0.4939000394,0.3785192909,1.026228747,0.9511292414,1.42316836,1.70050648,1.359083956,1.192313422,0.6004430517,-5.885693215,0.2239684195,1.958783513,0.4218650264,0.4551357733,0.8649232764,0.6004430517,0.1847803882,0.0813911635,0.8277223298,0.9632034632,2.186737505,0.1249729847,0.07807223984,1.32010482,1.468429574,5.280796731,10.88235294,5.55,4.808592108,7.861888833,Probable Bankrupt
UB Engineering Limited,2008,1.19,1.01,0.3084696824,0.14,0.5769417644,0.5739744452,183.65,,1.017810432,-0.8102400369,4.84,0.04927681182,0.5769417644,0.1079336434,1.845630596,,0.04927681182,0.1779690428,0.1779690428,0.1779690428,0.3084696824,,0.05731651023,0.3989727216,0.3197414987,0.6140764906,0.6140764906,0.08683278962,1.836537794,1.017810432,1.554018287,0.0,21.02,0.07539967497,0.1817565276,0.1548363811,0.2314748201,0.6284616254,1.020657024,0.8965780523,1.836537794,2.685769187,1.007820019,1.11529332,0.5769417644,-0.1210428305,0.3008929581,0.5228648285,0.2416910294,0.09622302158,0.6848754078,0.5769417644,0.9581993569,0.1792589028,0.9395275235,0.279676259,1.494964029,0.03713472617,0.04420063933,1.758797807,2.012541612,16.71768489,6.372881356,5.41,5.681844063,7.660815065,Probable Bankrupt
Bharati Defence and Infrastructure Limited,2016,0.34,0.05,0.01585100934,-0.18,1.462537454,0.04461711772,2.25,93.23423879,1.748704991,1.748704991,-1204.97,-23.89248263,1.462537454,-0.9609058399,0.02441967925,-0.1179382828,-23.89248263,0.02318269485,0.02318269485,0.02318269485,0.01585100934,-0.2299685411,38.11282375,1.439354759,128.7653822,1.483576234,1.483576234,-0.07474428002,0.02252115215,1.982817435,0.3877566039,0.0,5.02,-0.050285384,-0.003619519093,-0.1206707759,0.3649590632,-0.3259530739,1.269488313,0.5671085561,0.003168516882,0.0,0.04700062207,0.3381232474,1.462537454,455.3567745,0.08196634099,-5.939602792,128.5766267,-0.04350664574,0.501631614,1.462537454,-0.4505034998,0.2959865696,0.9858188751,1.987082434,-3.024419629,0.02103877989,-0.7997047885,0.09916395927,0.02002818876,-0.01182026036,4.906973441,5.42,7.556488414,7.996253786,Bankrupt
Bharati Defence and Infrastructure Limited,2015,0.58,0.16,0.02931205311,-0.81,1.124529871,0.03961035382,2.48,79.9522645,1.766115622,1.766115622,-464.18,-8.788222635,1.124529871,-0.4697628626,0.02646327156,-0.09835156513,-8.788222635,0.03296227931,0.03296227931,0.03296227931,0.02931205311,-0.1621675525,36.29423848,1.091567592,85.69461019,1.145929231,1.145929231,-0.06464863255,0.02484461685,1.893279859,0.4657305012,0.0,18.39,-0.2651896981,-0.02335988494,-0.07371789018,0.5680696662,-0.1273457619,1.236036389,0.5237278606,0.005440014787,0.0,0.1587284375,0.5713852051,1.124529871,305.4293411,0.03614990921,-2.881909172,84.81345985,-0.1466420372,0.6547670087,1.124529871,-1.013856516,0.4235300026,0.981325758,3.219114219,-7.705994634,0.02139935973,-0.7456325726,0.09111190411,0.02505600408,-0.02793436531,6.665656719,5.44,6.69517609,7.410227605,Bankrupt
Bharati Defence and Infrastructure Limited,2014,1.12,0.29,0.03651252316,-24.97,0.608692451,0.03761732042,5.6,24.90709721,1.43144736,1.43144736,-190.04,-2.825764626,0.608692451,0.07235684184,0.05943585201,0.1231958413,-2.825764626,0.02222489721,0.02222489721,0.02222489721,0.03651252316,0.3626178671,13.37570569,0.5864675538,16.15593399,1.012432479,1.012432479,-0.09375781559,0.05601861483,1.486847819,0.8149529122,0.0,-7.71,-0.07538951611,0.0648043403,-0.1890829149,9.257473209,-0.01227981069,0.3859730753,0.4960556855,0.006113395243,0.0,0.2909597089,0.6726861364,0.608692451,-18.6558727,0.07434260649,0.4630220992,26.28212048,-32.47461929,0.6810492928,0.608692451,6.964708543,0.8279128707,0.6012178229,-5.81998496,-48.95986088,0.4037400282,-0.6479531896,0.1531936676,0.07595133536,0.5206983994,10.01787847,5.44,3.865992884,6.386106401,Bankrupt
Bharati Defence and Infrastructure Limited,2013,1.67,0.64,0.08446722235,7.75,0.3550026125,0.02220310208,11.67,10.29934421,1.171799801,1.171799801,-56.07,-0.6699387841,0.3550026125,0.2370802721,0.117542466,-0.01380343566,-0.6699387841,0.0299860846,0.0299860846,0.0299860846,0.08446722235,0.1548447659,3.747160756,0.3250165279,3.631232361,0.9016285282,0.9016285282,-0.07433941843,0.116797379,1.194690989,1.78495532,0.0,-10.16,-0.09967654861,-0.0563992638,-0.2280093114,-0.82283918,0.1091042139,0.4864547971,0.6336638018,0.03803409006,0.0,0.6359014793,0.6566816223,0.3550026125,-2.57450819,0.134383431,1.02711146,8.915811144,5.556752436,0.5920828846,0.3550026125,1.545198995,1.031925359,0.3937348935,2.410051082,3.60879639,0.5466259157,-0.4029689009,0.1918818844,0.1542831901,0.4123652801,9.478996914,5.42,2.473521635,5.456388753,Probable Bankrupt
Bharati Defence and Infrastructure Limited,2012,1.39,0.66,0.09739602113,4.15,0.4193180683,0.01784618157,22.67,5.660424099,1.138188961,1.138188961,-0.41,-0.005708101174,0.4193180683,0.1623249418,0.2285814958,0.1434412651,-0.005708101174,0.04145126768,0.04145126768,0.04083991144,0.09739602113,0.1161504187,1.862227923,0.3784781568,2.556900629,0.8507160099,0.8507160099,-0.008990223559,0.2267198174,1.382482864,1.656509947,0.0,0.0,-0.05832840278,0.06287380729,-0.03737752207,-0.1049882867,0.1754804052,0.4998035836,0.6946045511,0.07380450274,0.0,0.6588019502,0.6837099611,0.4193180683,-1.744133863,0.2272671074,0.6952915139,4.93842947,2.889780353,0.58164301,0.4193180683,1.881383388,0.7283145469,0.4929001728,1.087356666,2.808861607,0.4313979416,-0.2143133848,0.2375717193,0.2360978878,1.010286316,8.911793365,5.41,1.317979708,5.241315001,Probable Bankrupt
Bharati Defence and Infrastructure Limited,2011,1.5,0.67,0.1593016382,3.22,0.379090164,0.01840852222,24.73,4.509507176,1.15148045,1.15148045,5.66,0.07523356017,0.379090164,0.1882265902,0.2473591793,0.3196582666,0.07523356017,0.06205967134,0.06205967134,0.06038968415,0.1593016382,0.3995470154,1.691395759,0.3187004798,2.034716844,0.821882358,0.821882358,0.02419639541,0.2473008525,1.327354962,1.806626501,10.27,2.18,0.07800728345,-0.1172939801,0.09068014155,0.1929957602,0.2167191451,0.5424609909,0.6848743365,0.09747015358,0.0,0.6652535853,0.6902651562,0.379090164,-1.488647208,0.24864135,0.7447829361,4.087212272,2.485953604,0.5673167542,0.379090164,1.6741825,0.8312683721,0.4612462602,1.056754335,2.128313398,0.442792194,-0.03866814315,0.2231627838,0.2720367909,0.9898230449,11.98938992,5.43,-1.983859222,8.497584702,Probable Bankrupt
Bharati Defence and Infrastructure Limited,2010,1.93,0.94,0.2284773266,2.78,0.2808498254,0.02640197787,5.79,37.250612,2.618523052,2.618523052,50.68,1.327111383,0.2808498254,0.2617926018,0.06504318163,0.3521265939,1.327111383,0.06416781727,0.06416781727,0.06416781727,0.2284773266,0.3105470651,12.57405141,0.2166820081,12.69736842,0.8096263006,0.8096263006,0.04504742309,0.0579184377,2.618523052,2.570333775,6.68,4.07,0.2096837021,-0.03695013682,0.2175442824,0.3209333744,0.235137741,-4.406772746,0.7218777919,-0.1009263521,0.0,0.9418564486,0.6702381417,0.2808498254,-0.1365454271,0.05171347203,1.05861531,33.70257038,2.777571046,0.5426424272,0.2808498254,1.062376118,0.9902879865,0.3468882189,1.375151099,1.475255386,0.5287764753,1.896536162,0.01999575854,0.03064056406,0.08448956376,10.88235294,5.55,4.808592108,7.861888833,Probable Bankrupt
Bharati Defence and Infrastructure Limited,2009,1.76,1.01,0.2042318389,1.44,0.3931732865,0.0314560847,11.76,10.86666039,1.588924438,1.588924438,39.56,0.62863461,0.3931732865,0.2994087044,0.1155429264,0.3914530272,0.62863461,0.0802985033,0.0802985033,0.0802985033,0.2042318389,0.2921770028,3.998917851,0.3128747832,5.312223581,0.7548839347,0.7548839347,0.06819052395,0.1176009695,1.588924438,1.790631144,6.19,7.66,0.01068964496,0.1380081835,0.2329902751,0.373723167,0.3247069569,-0.7615507669,0.704028332,-0.05988522318,0.0,1.008741785,0.9174681816,0.3931732865,0.02636217949,0.1247687716,0.9809917167,9.11442552,1.475670914,0.6925819909,0.3931732865,0.9885205862,0.7527766461,0.5208393879,1.221497677,1.604029039,0.3617106482,1.483526989,0.04735240244,0.1051277866,0.2471970226,8.349267049,5.54,3.77175625,3.08669806,Probable Bankrupt
Bharati Defence and Infrastructure Limited,2008,1.85,1.0,0.3220488082,0.75,0.4033097955,0.0635883479,12.14,,1.546574344,1.546574344,50.81,0.7859329446,0.4033097955,0.344564359,0.1227268045,,0.7859329446,0.129885439,0.129885439,0.129885439,0.3220488082,,4.38483965,0.2734243565,5.137026239,0.6680591002,0.6680591002,0.09309658148,0.1214221134,1.546574344,1.625908059,7.68,10.32,-0.8234601065,0.04338478406,0.3099744608,0.3766204661,0.4968735546,-1.029883382,0.6557446468,-0.08552021699,0.0,1.000766175,1.119473044,0.4033097955,0.001938958707,0.1339746115,1.38879535,6.854810496,0.7975796442,0.7478741545,0.4033097955,0.9991031986,0.8535754824,0.6037037672,1.038029237,1.215004827,0.2647493047,3.097914253,0.02963022306,0.1197270363,0.2278539874,6.372881356,5.41,5.681844063,7.660815065,Probable Bankrupt
Surana Industries Limited,2017,0.38,0.35,8.82e-05,-0.43,1.645422107,0.06812798587,2.47,42.82794235,1.095436349,1.095436349,-1579.77,-15.99727782,1.645422107,-1.016460809,0.02600086264,-0.0974826491,-15.99727782,0.0001450809709,0.0001450809709,0.0001450809709,8.82e-05,-0.1553429863,2.444035228,1.645277026,67.1948759,1.655652276,1.655652276,-0.2193937968,0.0247970827,1.01265012,0.5713744424,0.0,14.71,-0.007455050431,-0.01697608712,-0.1333358752,0.3346191339,-0.3960084407,1.634907926,0.940152139,0.01985648747,0.0,0.3458768635,0.3798873155,1.645422107,69.22849937,0.01620164787,-3.469000495,67.60672538,-0.01560304047,0.6289612987,1.645422107,-0.05887867051,0.03637234529,0.9938210643,1.550304705,-2.509595661,0.010230169,-0.8989501941,0.2453946595,0.02604611977,-0.0240907618,4.948216341,5.36,6.232711415,8.256305502,Bankrupt
Surana Industries Limited,2016,0.62,0.56,0.0006004405599,-1.6,1.005605754,0.05633089975,21.49,5.716122103,1.011528973,1.011528973,-202.37,-2.043246237,1.005605754,-0.3788724896,0.2189638109,-0.4339332097,-2.043246237,0.0006038064818,0.0006038064818,0.0006038064818,0.0006004405599,-0.6654757854,0.2959271006,1.005001947,4.723354982,1.278422672,1.278422672,-0.1458317702,0.2149443891,1.009599087,0.931773609,0.0,1526.9,-0.03163779946,-0.03744351194,-0.1450188304,0.5237783595,-0.2177860874,0.9225360385,0.9369969024,0.1770867945,0.0,0.5605876501,0.4902394786,1.005605754,-26.79311092,0.1684538831,-1.341755975,6.001946668,-0.9798660302,0.626733264,1.005605754,-0.1662910329,0.06265188659,0.7865988111,1.360781747,-3.611795504,0.272816918,-0.4272156548,0.3647955811,0.2272160514,-0.5619324236,4.906973441,5.42,7.556488414,7.996253786,Bankrupt
Surana Industries Limited,2015,0.79,0.48,0.0298887933,7.45,0.2345837123,0.01469122684,16.33,6.227549143,1.009380178,1.009380178,-67.55,-0.6731076212,0.2345837123,-0.04859659395,0.1653490139,-0.04128368361,-0.6731076212,0.007011424087,0.007011424087,0.007011424087,0.0298887933,-0.1710987776,0.4464934552,0.2275722882,1.431336181,0.8930371625,0.8930371625,-0.09690914301,0.1633009007,0.9963969169,3.950928847,0.0,-14.28,0.01176311112,0.00606557743,-0.3720591828,-0.8159752149,0.1197742288,0.9480365477,0.9268235558,0.1368946916,0.0,0.4808973011,0.208263582,0.2345837123,-14.2987127,0.1744592875,-0.06436156522,5.406175411,6.155908593,0.1859871183,0.2345837123,-1.505793683,0.3119417094,0.2626807955,-0.4543315707,2.193132847,0.6584534503,-0.3822489929,0.2622581569,0.1768313009,-3.372487695,6.665656719,5.44,6.69517609,7.410227605,Bankrupt
Surana Industries Limited,2014,0.99,0.59,0.01745204803,3.25,0.2034700919,0.01555343611,15.1,6.383345943,1.02317004,1.02317004,-27.21,-0.2706954164,0.2034700919,-0.002045875467,0.1519714582,0.06187397407,-0.2706954164,0.003550969817,0.003550969817,0.003550969817,0.01745204803,-0.01474094319,0.5421158817,0.1999191221,1.340284345,0.7944720684,0.7944720684,-0.06380260054,0.1510167164,0.9947670386,4.510248962,0.0,-5.15,-0.09504883384,-0.1072492403,-0.4251761081,-0.4209190504,0.258697492,0.3720446378,0.917700771,0.04483697603,0.0,0.5854668188,0.2535321561,0.2034700919,-0.8847640562,0.2240942591,-0.002987014348,5.209901646,2.875531184,0.2014242165,0.2034700919,-40.22690058,0.4044782614,0.2561072944,-0.009954245398,0.9899875426,0.5910019765,-0.3096534516,0.2157740588,0.1654255319,-74.20350877,10.01787847,5.44,3.865992884,6.386106401,Probable Bankrupt
Surana Industries Limited,2013,0.95,0.58,0.08109597169,2.19,0.2407360173,0.01573395063,38.09,2.425224998,1.013380861,1.013380861,0.24,0.002448962932,0.2407360173,-0.01232221927,0.3827361397,0.1813286877,0.002448962932,0.01952272124,0.01952272124,0.01952272124,0.08109597169,0.1192229449,0.2374201536,0.2212132961,0.6420500541,0.7395678168,0.7395678168,0.00671842798,0.3809710858,1.016061115,3.784143163,137.98,0.12,0.0102639493,0.130038765,0.05200144095,0.0480686359,0.352141044,0.2455153366,0.9109795539,0.07797865611,0.0,0.5790298998,0.3088476713,0.2407360173,-0.3582364079,0.5059251186,-0.01707338623,1.920381494,1.915399984,0.228413798,0.2407360173,-7.224384185,0.3697844928,0.3255090498,-0.04731450286,0.9243712293,0.4988317995,0.0105006105,0.3760177118,0.411588806,-30.42868971,9.478996914,5.42,2.473521635,5.456388753,Probable Bankrupt
Surana Industries Limited,2012,1.42,1.06,0.05299523008,3.43,0.266496347,0.01454217682,42.24,2.022477167,1.015084594,1.015084594,2.28,0.02324449768,0.266496347,0.1107161217,0.4261274594,0.3165609957,0.02324449768,0.01412303522,0.01412303522,0.01412303522,0.05299523008,0.2802537411,0.2301242701,0.2523733117,0.6403353795,0.7561416354,0.7561416354,0.01128783512,0.4224603929,1.015084594,3.393015806,11.22,1.31,0.0,0.0,0.05493593341,0.0600357736,0.3225035538,0.1993711633,0.9042263175,0.07078653436,0.0,1.056069959,0.4988648303,0.266496347,0.04484422336,0.5542718227,0.1779513758,1.782916604,2.007908522,0.3772124686,0.266496347,0.865038271,0.3593808455,0.3524423659,0.4540181423,1.092832503,0.4896452884,0.01837039707,0.4148396243,0.4602635886,3.759004953,8.911793365,5.41,1.317979708,5.241315001,Probable Bankrupt
Surana Industries Limited,2011,1.68,1.14,0.1395417156,3.27,0.186214442,0.01801676256,55.33,1.612278663,1.022118939,1.022118939,4.35,0.04452415233,0.186214442,0.1268006929,0.5555342815,0.2541438731,0.04452415233,0.02598468271,0.02598468271,0.02598468271,0.1395417156,0.1835028249,0.1862891207,0.1602297593,0.343933921,0.7832376003,0.7832376003,0.02415663749,0.5534008023,1.022118939,4.828510576,9.24,2.96,0.0,0.0,0.1299941246,0.1116742729,0.2767517796,0.2682815934,0.8991384026,0.1282321298,0.0,1.139296906,0.3996426306,0.186214442,0.06547454663,0.7064914354,0.1845805711,1.398629249,2.754274538,0.3130151349,0.186214442,0.7954341183,0.5416421857,0.2377496202,0.584975499,0.8590716945,0.5970231583,0.04144539863,0.5313776441,0.6021598601,4.269890347,11.98938992,5.43,-1.983859222,8.497584702,Probable Bankrupt
Surana Industries Limited,2010,1.94,1.43,0.274036832,2.37,0.2163913184,0.03025305595,57.76,,1.017044854,1.014063062,-2.99,-0.0299342314,0.2163913184,0.2041121929,0.5934136458,,-0.0299342314,0.05929919137,0.05929919137,0.05929919137,0.274036832,,0.1910144437,0.1570921271,0.374352359,0.7182524402,0.7182524402,-0.01380714011,0.5776017505,0.9992386914,4.111004406,-14.38,-2.2,0.08705009045,-0.1370815392,-0.04764998305,-0.03659674165,0.3922681553,0.07966248652,0.8895856636,0.0325772717,0.001199857038,1.433001921,0.5854536481,0.2163913184,0.1761259191,0.8124393689,0.3721181596,1.139975046,1.781243899,0.4205035114,0.2163913184,0.5409492439,0.5102530787,0.3012747417,0.724450615,0.7680326269,0.5018611218,-0.04877803277,0.6072207859,0.649787696,2.831980835,10.88235294,5.55,4.808592108,7.861888833,Probable Bankrupt
Mandhana Industries Limited(GB Global),2023,0.49,0.47,0.2560707615,0.0,0.3570419772,0.187455506,0.26,4.50722202,1.16224564,1.16224564,20.74,0.2410973837,0.3570419772,-0.18150255,0.4269517458,0.05353079639,0.2410973837,0.09142801098,0.09142801098,0.09142801098,0.2560707615,-0.6837416481,0.04078851744,0.2656139663,1.653524709,0.5312867791,0.5312867791,0.05129462534,0.2509611612,1.16224564,2.776123503,0.0,8.13,-0.01485071127,-0.1787705372,0.1415778486,0.1078468299,0.8822226325,0.5347020349,0.9911926246,0.05914083954,0.0,0.4669816504,0.3304042828,0.3570419772,-1.89418196,0.4737677681,-0.3466971411,2.037063953,0.3717514124,0.1755394272,0.3570419772,-0.04852480277,0.02466761894,0.6720324903,-0.3872358234,0.7617493199,0.1742448019,-0.3319408908,0.3756571204,0.2178464705,-1.189668216,6.699034141,10.05,0.2298150623,7.002951544,Financial Distress
Mandhana Industries Limited(GB Global),2022,0.41,0.37,0.2810797424,1.42,0.4184369236,0.1283775115,0.15,8.855912845,1.286944298,0.1324898963,1490.07,19.51783518,0.4184369236,-0.2480363101,0.2016953017,-0.08903442416,19.51783518,0.1176141427,0.1176141427,0.1176141427,0.2810797424,0.2314814815,0.1328413284,0.3008227809,3.547706906,0.5611697167,0.5611697167,-0.1080806615,0.1544838449,1.309787384,2.352402179,0.0,-18.49,0.007236482796,-0.5752483658,-0.2939078752,-0.2802493624,0.7819920966,1.322087507,0.9843319309,0.07977036745,0.1213206781,0.3697870233,0.3036525464,0.4184369236,6.94162575,0.1757210917,-0.3071001514,3.76067475,0.3252573911,0.1704006135,0.4184369236,-0.0631684492,0.03744427935,0.7456512908,-0.5652214981,0.9535279116,0.1427327931,-0.5100020071,0.3097759632,0.1198231393,-0.4755180481,5.131407472,7.33,0.1472360633,9.050277908,Financial Distress
Mandhana Industries Limited(GB Global),2021,0.06,0.05,0.03677103677,-0.67,2.718651874,0.007578706354,0.12,19.96630587,2.287011173,-0.09217877095,-151.78,-3.556215084,2.718651874,-2.563381354,0.131482292,-0.1764705882,-3.556215084,0.09996764801,0.09996764801,0.09996764801,0.03677103677,-3.030981067,0.2028631285,2.618684226,49.88023743,2.801149447,2.801149447,-0.1918853598,0.1276952062,2.342877095,0.3637623638,0.0,11.08,-0.06290076336,-0.002092505027,-0.07354907355,0.1110148449,-0.6430036959,3.363826816,0.9889432318,0.1054484557,0.0231466384,0.05304605305,0.05543100168,2.718651874,19.98212703,0.024233654,-3.084098454,49.5597067,-0.04580273654,0.1552705197,2.718651874,-0.004313352834,0.004067004067,0.9705486711,1.423191928,-1.509398278,0.0824975736,-0.6145244821,0.3233676518,0.05511295847,-0.02126237955,6.623436776,5.98,4.203910403,-5.83105322,Financial Distress
Mandhana Industries Limited(GB Global),2020,0.09,0.07,0.04083109805,-0.74,2.279553543,0.006883500395,0.38,3.696093835,1.359735616,0.2927727814,-16.67,-0.2346408062,2.279553543,-2.08073439,0.4317049499,-0.2071336137,-0.2346408062,0.09307667422,0.09307667422,0.09307667422,0.04083109805,-1.050811272,0.1268826525,2.186476868,7.634738325,2.369492074,2.369492074,-0.1005661598,0.4202199935,1.407411421,0.422063269,0.0,7.74,-0.003785162164,2.05e-05,-0.05750698968,0.09572181144,-0.5779686241,1.163018745,0.9621158201,0.281106438,0.06722327658,0.07059933864,0.08390792043,2.279553543,43.52708541,0.1169973102,-2.675019756,7.624227977,-0.06567291111,0.1988191524,2.279553543,-0.01820711959,0.01661912264,0.9620431179,1.519347523,-1.664524816,0.08993853122,-0.2372587753,0.5322711097,0.3103332325,-0.1434957359,3.729505735,8.0,6.894875427,3.871436941,Financial Distress
Mandhana Industries Limited(GB Global),2019,0.15,0.12,0.0762529007,-0.77,1.974914573,0.06305088618,39.17,3.200958867,1.310018819,0.3635182364,-14.49,-0.1898467605,1.974914573,-1.681849246,0.3979899497,0.08538693467,-0.1898467605,0.1505929648,0.1505929648,0.1505929648,0.0762529007,0.2798251093,0.2152074559,1.824321608,6.603548705,2.062030151,2.062030151,-0.05137688442,0.3917855946,1.310018819,0.4737613484,0.0,5.19,0.09871053802,-0.004269588443,-0.0232802725,0.04329119035,-0.5150410387,1.073124832,0.935638191,0.2684355109,0.06863834571,0.1158042584,0.1421246564,1.974914573,79.84742647,0.1187426484,-2.389308763,6.391298503,-0.08202740556,0.2930653266,1.974914573,-0.03826847691,0.03258966739,0.9577525198,1.583617231,-1.859565448,0.08711557789,-0.1281386056,0.4493668342,0.3196413738,-0.1778213341,3.938826467,5.27,5.36166639,6.453851345,Financial Distress
Mandhana Industries Limited(GB Global),2018,0.08,0.06,0.01668760884,-0.81,1.993890378,0.05867658783,48.03,4.000255744,1.289896128,0.5058231036,-243.74,-3.144082468,1.993890378,-1.827231037,0.4885646052,-0.9792243564,-3.144082468,0.03327326271,0.03327326271,0.03327326271,0.01668760884,-4.408788667,0.136095373,1.960617116,5.354461756,2.09834,2.09834,-1.182629335,0.4803305349,1.289896128,0.4761148954,0.0,94.21,0.03736578819,0.01397868983,-0.5990638479,1.087520843,-0.5234328087,1.015934844,0.949320909,0.2919285599,0.06957226047,0.05816781665,0.07942437403,1.993890378,316.4765432,0.1649792624,-2.209478253,5.545601196,-0.09509771227,0.166659341,1.993890378,-0.02773545873,0.02541719022,0.9502227374,1.663629694,-1.815367171,0.1044496213,-0.7125824099,1.67119394,0.3922585425,-0.2037942813,3.328173375,5.33,5.327608862,6.795383419,Financial Distress
Mandhana Industries Limited(GB Global),2017,0.62,0.46,0.004709352953,-7.67,0.8331013858,0.05211890412,38.25,3.909026073,1.208254414,0.6429790717,-140.98,-1.703449082,0.8331013858,-0.312588831,0.3851341348,-0.4749718702,-1.703449082,0.003923368471,0.003923368471,0.003923368471,0.004709352953,-1.899353252,0.4374839238,0.8291780173,2.631638022,0.9650228,0.9650228,-0.5540536539,0.3824988156,1.208254414,1.034093938,0.0,-270.74,0.003135220917,0.001188987673,-0.6739439498,-16.05227513,0.0362449468,0.3605986204,0.861505093,0.07560997276,0.09271802582,0.4585488084,0.5393785046,0.8331013858,-2.228496197,0.3113229981,-0.6645002911,3.035963989,3.771640212,0.5205125548,0.8331013858,-0.4430577593,0.1662401592,0.8632971012,-8.936931217,23.8184127,0.1319214142,-0.5927344668,0.9391877887,0.3674632021,-1.012740664,4.948216341,5.36,6.232711415,8.256305502,Bankrupt
Mandhana Industries Limited(GB Global),2016,1.4,0.81,0.01257350113,1.45,0.4566350984,0.04836519225,82.63,1.179776845,1.066305319,0.8584722384,3.66,0.03907474324,0.4566350984,0.184184772,0.8331401097,0.1713165806,0.03907474324,0.005741501925,0.005741501925,0.005741501925,0.01257350113,0.01900671042,0.3512711919,0.4508935965,0.5891971351,0.6111738461,0.6111738461,0.04769863137,0.8263998675,1.066305319,1.593746222,10.97,19.76,-0.001135666612,0.04982057367,0.1418255756,0.1665591037,0.6361956691,0.6205592467,0.7277604629,0.4607956798,0.1317736518,0.8071660164,1.048506697,0.4566350984,-0.2994333891,1.192458346,0.5359161203,0.7811905039,0.3974494669,0.6408198704,0.4566350984,1.478078422,0.5961861845,0.7471443704,0.4736944007,1.17439399,0.1545387476,0.05214696486,0.7854414783,1.0649279,4.207798578,4.906973441,5.42,7.556488414,7.996253786,Bankrupt
Mandhana Industries Limited(GB Global),2015,1.4,0.7,0.01524089816,1.37,0.4609547227,0.06026749158,93.44,,1.051514986,0.8527198877,4.06,0.04274401298,0.4609547227,0.1858208774,0.9384251072,,0.04274401298,0.007025363987,0.007025363987,0.007025363987,0.01524089816,,0.36264942,0.4539293588,0.5187005057,0.6641573197,0.6641573197,0.05996390416,0.9344521427,1.051514986,1.470260541,10.56,7.04,0.001996202031,0.1430746925,0.1777666829,0.2439904063,0.5056673627,0.6069486281,0.6777235398,0.5165822815,0.1329983677,0.7039718306,0.9738289122,0.4609547227,-0.3906613032,1.240883434,0.5583113456,0.7394537053,0.6050529277,0.6467756002,0.4609547227,1.734339352,0.6991499258,0.6940444817,0.553297387,1.372531694,0.203202597,0.06373752137,0.878461203,1.311260645,4.782413141,6.665656719,5.44,6.69517609,7.410227605,Bankrupt
ABG Shipyard Limited,2015,1.3,0.61,0.007092376148,11.53,0.577888292,0.01979710177,3.61,32.84877269,1.172933125,1.172933125,-200.05,-2.380347187,0.577888292,0.1753339608,0.0369943163,0.001375310168,-2.380347187,0.0259829931,0.0259829931,0.004098601138,0.007092376148,0.1179942671,13.08005919,0.5737896909,18.99598383,0.930083443,0.930083443,-0.09527499371,0.03619613804,1.189816894,1.041868526,0.0,-17.15,-0.3256442602,-0.07603917031,-0.204427067,-1.689671426,0.07517234883,1.076069437,0.602083623,0.02476362108,0.0,0.6148348752,0.8098437388,0.577888292,96.18304967,0.06294437564,0.8020694296,30.4383967,5.037364052,0.7532222529,0.577888292,2.269476917,0.6885697157,0.6213295123,2.507760226,8.265399738,0.352195151,-0.7302283749,0.13226931,0.05052720675,0.1735066245,6.665656719,5.44,6.69517609,7.410227605,Bankrupt
ABG Shipyard Limited,2014,1.18,0.61,0.02424148937,3.63,0.6105200375,0.01735757212,13.2,8.20576034,1.057952593,1.057952593,-13.85,-0.1588144092,0.6105200375,0.1109893011,0.1353636431,0.1085375395,-0.1588144092,0.03581214,0.03581214,0.014799915,0.02424148937,0.001438292005,3.04938332,0.5957201225,5.297256715,0.8859729614,0.8859729614,-0.02023709485,0.1320739682,1.145957007,1.062294576,0.0,-4.58,0.1040637955,-0.01967824346,-0.04582375843,-0.2453481477,0.1287026169,0.4197826603,0.6485521245,0.03993489873,0.0,0.6061413883,0.8143694786,0.6105200375,-3.595842511,0.1463594341,0.4700384171,7.558846535,2.415680766,0.7215093386,0.6105200375,3.166502284,0.575653302,0.6890955639,0.9733594985,5.35416902,0.2754529239,-0.2163837073,0.1556007379,0.1777067874,1.038407426,10.01787847,5.44,3.865992884,6.386106401,Bankrupt
ABG Shipyard Limited,2013,0.95,0.4,0.003346260812,2.27,0.7077563728,0.01781715373,18.88,5.227477978,1.052101814,1.052101814,4.59,0.04970180983,0.7077563728,-0.03376348047,0.1938406975,0.1749553962,0.04970180983,0.02371317023,0.02371317023,0.002368337414,0.003346260812,0.2299283717,2.255181474,0.7053880353,4.054455266,0.8536253711,0.8536253711,0.01442130583,0.1888123822,1.081631175,0.8566925216,0.0,3.09,-0.1664356017,-0.00592015773,0.02888270865,0.1396548108,0.1714740844,0.572964781,0.6063295917,0.08944153105,0.0,0.3960720027,0.7895652064,0.7077563728,-5.733951066,0.2080971934,-0.1308434106,4.87651358,0.9965456407,0.6739928923,0.7077563728,-11.65965128,0.55622305,0.8291182487,-0.2306648408,4.835239399,0.1458689983,0.02362212649,0.1794193917,0.287900561,-5.170160988,9.478996914,5.42,2.473521635,5.456388753,Bankrupt
ABG Shipyard Limited,2012,1.01,0.43,0.06303199118,2.33,0.6333413588,0.0200487438,27.05,3.636138784,1.042615152,1.042615152,7.71,0.08206008362,0.6333413588,0.005286946244,0.2753666171,0.149809578,0.08206008362,0.06423021362,0.06423021362,0.03992076694,0.06303199118,0.2585271272,1.444243707,0.5934205918,2.48938385,0.8344258886,0.8344258886,0.03166367536,0.2705830853,1.063542043,0.998766247,0.0,5.54,-0.1155072757,-0.04872223643,0.06702527293,0.25637992,0.1984287803,0.5458240851,0.632559972,0.1268593504,0.0,0.4281865905,0.7653505407,0.6333413588,-3.134166785,0.3049674411,0.01902110788,3.12284709,1.214468423,0.638628305,0.6333413588,69.49948251,0.5801611136,0.7590145121,0.03193099574,3.825123104,0.2010845299,0.08845190088,0.2437029417,0.4022020456,48.12171393,8.911793365,5.41,1.317979708,5.241315001,Probable Bankrupt
ABG Shipyard Limited,2011,0.97,0.49,0.1253394818,1.82,0.6621275117,0.02446442041,27.49,3.329260824,1.036890452,1.036890452,9.21,0.09964319154,0.6621275117,-0.02046030867,0.2759792501,0.3065068802,0.09964319154,0.1079344034,0.1079344034,0.08299071917,0.1253394818,0.5717751686,1.259969127,0.5791367925,2.603370701,0.8332977203,0.8332977203,0.03710916884,0.2749417534,1.081023357,1.026307041,10.5,7.39,0.3045091129,0.2304159638,0.0738160179,0.2931910491,0.2000512849,0.6238074753,0.6795461274,0.149842316,0.0,0.4851230688,0.7700335514,0.6621275117,-3.563110453,0.3023538535,-0.07636723536,2.950077182,1.026801847,0.641667203,0.6621275117,-15.66222082,0.4839760725,0.7945869712,-0.1227356261,3.971916359,0.1711702087,0.1040194858,0.2388700812,0.3742714318,-12.43063857,11.98938992,5.43,-1.983859222,8.497584702,Probable Bankrupt
ABG Shipyard Limited,2010,1.12,0.69,0.01136086147,2.72,0.4636717314,0.02577940685,33.64,2.721380233,1.027262319,0.9067186597,12.03,0.1236269653,0.4636717314,0.05367570357,0.3541709203,0.2175761108,0.1236269653,0.005267710309,0.005267710309,0.005267710309,0.01136086147,-0.1478045532,0.6042316107,0.4584040211,1.415855221,0.7937351741,0.7937351741,0.05809516031,0.3364132795,1.027262319,1.729937351,9.33,7.54,-0.009672044316,0.10349182,0.1658853906,0.3729010313,0.2598660518,0.3661765873,0.8021230469,0.1127360539,0.02486740812,0.6890014211,0.6517884704,0.4636717314,-0.6947186751,0.3752560637,0.1464039449,2.407642518,1.600192574,0.517347435,0.4636717314,3.686527422,0.4267608735,0.5841642736,0.2602271296,2.247943776,0.3300634427,0.1362405336,0.29607576,0.4082731108,6.101182654,10.88235294,5.55,4.808592108,7.861888833,Probable Bankrupt
ABG Shipyard Limited,2009,1.13,0.61,0.0214957761,2.11,0.5579834604,0.03338666107,33.52,2.116183083,1.021381793,0.9250842116,12.11,0.1237223692,0.5579834604,0.07381848202,0.3373511982,0.6109922331,0.1237223692,0.01199428753,0.01199428753,0.01199428753,0.0214957761,0.5651989147,0.8845036215,0.5459891729,1.700199506,0.7821029858,0.7821029858,0.05816849886,0.3352042777,1.021381793,1.271932622,5.94,9.18,-0.0264118896,-0.07692541017,0.1370695849,0.3510032553,0.2786039923,0.2373610328,0.7097173656,0.07444239373,0.02020425682,0.6120599127,0.8078244859,0.5579834604,-0.8648594853,0.3849728375,0.2040244958,2.346554192,1.02855712,0.6318019424,0.5579834604,3.932384227,0.5202351951,0.7134398801,0.3387769322,2.560766894,0.2241195254,0.2006627863,0.2791826994,0.4624193602,4.445865604,8.349267049,5.54,3.77175625,3.08669806,Probable Bankrupt
ABG Shipyard Limited,2007,1.69,1.02,0.1758910643,0.76,0.4859129162,0.1718644525,43.06,,1.022664407,0.9329625929,16.47,0.1684407177,0.4859129162,0.3329491401,0.441992926,,0.1684407177,0.08546773997,0.08546773997,0.08546773997,0.1758910643,,0.7705029616,0.4004451762,1.153929704,0.6415111599,0.6415111599,0.101701427,0.4306378827,1.022664407,1.390261044,6.56,13.79,-0.3753965107,-0.3762631304,0.2743599398,0.3718805818,0.5588193355,0.3639049398,0.6755457983,0.1496036102,0.02944056276,1.01748243,1.276458007,0.4859129162,0.03171459144,0.5925661866,1.842750101,1.320473273,0.4340392957,0.8188620563,0.4859129162,0.9744857776,0.6677208835,0.7574504492,0.9287573361,1.355447818,0.1555982437,0.2654970341,0.340291499,0.6233389904,1.264739821,5.796523376,,2.570606702,8.060732573,Probable Bankrupt
AMIT SPINNING INDUSTRIES Limited,2023,0.55,0.3,0.007448789572,1.14,0.3230399037,0.02553930077,0.78,1.326267829,1.031695721,1.031695721,-8.8,-0.09086106709,0.3230399037,-0.1459795468,0.7856426709,-0.01373571285,-0.09086106709,0.002406256266,0.002406256266,0.002406256266,0.007448789572,-0.3011292346,0.1052562071,0.3206336475,0.4255150555,0.5524363345,0.5524363345,-0.06907960698,0.7832364147,1.031695721,2.848230912,0.0,-4.55,0.0,0.01306715064,-0.213842334,-0.1543458781,0.8101633394,0.279582673,0.9200922398,0.1930018047,0.0,0.300744879,0.320508167,0.3230399037,-0.413015582,1.417785844,-0.180510786,0.7245113576,0.5125448029,0.1770603569,0.3230399037,-0.5473901099,0.247361887,0.5847549909,-0.3261648746,0.7217741935,0.2293964307,-0.08363636364,0.8547222779,0.8251062439,-5.200549451,6.699034141,10.05,0.2298150623,7.002951544,Financial Distress
AMIT SPINNING INDUSTRIES Limited,2022,0.89,0.43,0.01022676745,0.87,0.2224310157,0.02571464237,1.18,0.8660058412,1.021860342,1.021860342,10.42,0.1065581025,0.2224310157,-0.02482444862,1.159232519,0.0644842251,0.1065581025,0.002274750272,0.002274750272,0.002274750272,0.01022676745,0.4050144648,0.09177803345,0.2201562655,0.1990441632,0.4890713085,0.4890713085,0.1190782316,1.141924637,1.021860342,4.034682081,0.0,20.9,-0.005802875455,0.2115267947,0.535349044,0.2330623306,1.044691608,0.4155234977,0.8974384334,0.4472356839,0.0,0.4273010227,0.4040444894,0.2224310157,-0.1950333131,2.334883721,-0.03133191861,0.4356137711,0.5218737902,0.1976065671,0.2224310157,-4.131474104,0.4610938195,0.4548028311,-0.04858691444,0.4353464963,0.2666402928,0.09784158981,1.040154287,1.245206083,-45.01593625,5.131407472,7.33,0.1472360633,9.050277908,Financial Distress
AMIT SPINNING INDUSTRIES Limited,2021,0.62,0.35,0.03828158231,1.34,0.248546358,0.02597075139,49.33,1.903538332,1.032013479,1.032013479,4.01,0.03938500421,0.248546358,-0.09546463685,0.5051273919,0.08901575219,0.03938500421,0.009514747859,0.009514747859,0.009514747859,0.03828158231,0.2317666126,0.1299494524,0.2390316101,0.4951558551,0.575007929,0.575007929,0.01987525108,0.4933925362,0.9829401853,3.760952786,0.0,9.13,0.0008163265306,0.06085677514,0.07996597193,0.04676616915,0.7391064534,0.4534540859,0.9347711175,0.2112274025,0.0,0.35346661,0.2662254091,0.248546358,-0.5857418112,0.9009009009,-0.1138426626,1.126579612,0.768159204,0.1530817211,0.248546358,-0.6832779623,0.2624415142,0.4322485751,-0.2246268657,0.5848258706,0.326461571,0.01677559913,0.4852521408,0.5369825831,-5.258028793,6.623436776,5.98,4.203910403,-5.83105322,Financial Distress
AMIT SPINNING INDUSTRIES Limited,2020,0.51,0.26,0.04531085353,1.39,0.2202622723,0.2718985335,45.79,1.458917589,1.019434194,1.019434194,-24.91,-0.2418204182,0.2202622723,-0.1078101427,0.4588603922,0.6235348729,-0.2418204182,0.009980271556,0.009980271556,0.009980271556,0.04531085353,0.9261603376,0.1166051661,0.2102820007,0.4669126691,0.6116978067,0.6116978067,-0.06081002669,0.4579319949,0.9707257073,4.290305585,0.0,-1.64,-0.004343629344,-0.04154809334,-0.2760800843,-0.1566049014,0.6347941567,0.4169741697,0.9449924568,0.1674596727,0.0,0.260800843,0.1838360842,0.2202622723,-0.5919831224,0.786188579,-0.1227374818,1.275522755,1.008069337,0.1124521295,0.2202622723,-0.5102260495,0.2497365648,0.3600834756,-0.2776449492,0.567244471,0.3914355344,-0.1188030371,0.5196704189,0.4992017684,-4.375672766,3.729505735,8.0,6.894875427,3.871436941,Financial Distress
AMIT SPINNING INDUSTRIES Limited,2019,1.11,0.94,0.4928909953,-8.83,0.0650431566,0.7026288836,0,-230.1428571,0.0,0.0,0.0,50.57142857,0.0650431566,0.00709001233,0.0,0.01356350185,50.57142857,0.03205918619,0.03205918619,0.03205918619,0.4928909953,1,-2.5,0.03298397041,-15.07142857,1.119297164,1.119297164,-0.1664611591,0.0,0.0,15.20853081,0.0,-13.44,0.0,-2.600936381,-2.559241706,1.395348837,-0.1065822088,-19.85714286,0.9892108508,0.0,0.0,0.9431279621,0.06444505646,0.0650431566,0.04109589041,0.0,0.007852509389,-251.9285714,-8.837209302,0.07213316893,0.0650431566,1.52173913,0.1658767773,0.0581107133,-0.05943152455,-0.5452196382,1.054254007,-1.0,0.1664611591,-0.004362729822,-0.6086956522,3.938826467,5.27,5.36166639,6.453851345,Bankrupt
AMIT SPINNING INDUSTRIES Limited,2018,0,0.0,0.002211370128,-0.4,3.3915625,0.6554140127,0,-15.31170886,0.0,0.0,0.0,11.58860759,3.3915625,-3.3828125,0.0,-1.0240625,11.58860759,0.0075,0.0075,0.0075,0.002211370128,0,0.0,3.3840625,-34.34493671,4.804375,4.804375,-0.2428125,0.0,0.0,0.2948493504,0.0,9.02,0.0,-0.0001300897619,-0.0715931079,0.06382454411,-0.7918563809,-0.8544303797,1.0,0.0,0.0,0.002579931816,0.001821256667,3.3915625,18.47269625,0.0,-3.447452229,-48.57594937,-0.3713652045,0.00875,3.3915625,0.0,0.0,0.7059320931,0.8891900772,-0.8914900608,1.4128125,-1.0,0.2428125,-0.09875,0.02919168591,3.328173375,5.33,5.327608862,6.795383419,Bankrupt
AMIT SPINNING INDUSTRIES Limited,2017,0,0.0,0.0,-0.57,1.59734445,0.5831680363,0.24,-18.40243902,-0.0433604336,-0.0433604336,-8244.38,3.539295393,1.59734445,-1.592712676,0.002624671916,-0.09680407596,3.539295393,0.0,0.0,0.0,0.0,0.03448275862,-0.07859078591,1.59734445,-28.03794038,2.314188668,2.314188668,-0.1350934074,0.00247027945,-0.0433604336,0.6232360332,0.0,22.56,-0.3125,0.02688638335,-0.08457374831,0.1027960526,-0.5678831143,-0.8482384824,0.9955226185,0.00247027945,0.0,9.67e-05,0.002001467743,1.59734445,15.1686217,0.001067449463,-2.923207708,-40.62059621,-0.5454652256,0.004631773969,1.59734445,-0.002811167119,0.002803015658,0.690239509,1.21193609,-1.215460526,0.716844218,-0.9820627803,0.1377180794,-0.05722704715,0.03576967817,4.948216341,5.36,6.232711415,8.256305502,Bankrupt
AMIT SPINNING INDUSTRIES Limited,2016,0.27,0.26,0.002374784111,-0.73,1.304054054,0.5378985886,0.54,-13.89513109,-0.06741573034,-0.06741573034,-3856.15,2.814606742,1.304054054,-0.9553772523,0.005771396396,-0.08896396396,2.814606742,0.003096846847,0.003096846847,0.003096846847,0.002374784111,-2.607142857,-0.05243445693,1.300957207,-17.34831461,2.012105856,2.012105856,-0.2115709459,0.005489864865,-0.07303370787,0.7638169257,0.0,55.28,0.1388888889,0.01413180355,-0.1622409326,0.2090403338,-0.5030082552,-0.691011236,0.9960585586,0.003096846847,0.0,0.2643566494,0.1732894921,1.304054054,7.547065338,0.002518539247,-1.773915316,-26.72659176,-0.6995827538,0.3486768018,1.304054054,-0.004125534109,0.003022452504,0.6481040996,0.9439499305,-1.288456189,0.7080518018,-0.9766839378,0.2173423423,-0.07546636518,0.07867982909,4.906973441,5.42,7.556488414,7.996253786,Probable Bankrupt
AMIT SPINNING INDUSTRIES Limited,2015,0.41,0.39,0.002159278547,-0.98,1.017709411,0.4932885906,41.43,,1.483870968,1.483870968,-75.23,-1.161290323,1.017709411,-0.6028955533,0.4149431231,,-1.161290323,0.002197518097,0.002197518097,0.002197518097,0.002159278547,,0.0486278286,1.015511892,3.790563312,1.735005171,1.735005171,-0.1981644261,0.41442606,1.54357246,0.9697701003,0.0,864.44,0.0003244646334,0.02399046342,-0.08319573225,0.1151952163,-0.4236328416,0.7419354839,0.9869441572,0.1547311272,0.0,0.3947669249,0.2390850842,1.017709411,-8.889925373,0.1642080167,-1.117929051,6.454020221,-0.9759057334,0.4148138573,1.017709411,-0.02165523156,0.0128286549,0.586574281,0.8202602884,-1.384628913,0.7172957601,-0.3502002952,0.6131075491,0.2720366732,-0.4453259005,6.665656719,5.44,6.69517609,7.410227605,Probable Bankrupt
Uttam Value Steels Limited,2020,0.19,0.11,0.02343260592,-0.7,0.9460022868,0.3041143173,69.33,1.517833426,1.035875187,1.035875187,-18.29,-0.1895634873,0.9460022868,-0.7647630933,0.7113719393,-0.0317816108,-0.1895634873,0.02216729879,0.02216729879,0.02216729879,0.02343260592,0.450508038,0.1091828603,0.923834988,1.413413612,1.720494729,1.720494729,-0.1075771097,0.693314602,1.035875187,0.979832261,0.0,-196.57,0.0,0.0,-0.1137176001,0.1493100579,-0.4187718317,0.2636055396,0.9269235596,0.1366640638,0.0,0.1143366719,0.1053413245,0.9460022868,-1.699915834,0.4029739762,-1.009632289,2.537455924,-1.074945327,0.1812391935,0.9460022868,-0.09555435015,0.0772476361,0.5498431763,1.061441621,-1.312989878,0.7744924424,-0.1534093569,0.818949049,0.722069492,-0.8751772015,3.729505735,8.0,6.894875427,3.871436941,Bankrupt
Uttam Value Steels Limited,2019,0.16,0.12,0.004694238617,-0.79,0.9032640609,0.2909775429,83.36,1.349992084,1.027908546,1.027908546,-25.43,-0.261437963,0.9032640609,-0.7556802633,0.8574503093,-0.1896270369,-0.261437963,0.004240137036,0.004240137036,0.004240137036,0.004694238617,-0.4120149319,0.04798903489,0.8990239238,1.113796379,1.553670675,1.553670675,-0.04271557972,0.8336109412,1.027908546,1.064009965,0.0,-21.14,0.001726562722,0.001976701453,-0.04729024608,0.07714979619,-0.3563629563,0.3774131998,0.9610819613,0.2673516205,0.0,0.1203034236,0.09499039919,0.9032640609,-1.573761058,0.5365428818,-0.9848833113,1.910571002,-1.174717469,0.1475837976,0.9032640609,-0.0515006684,0.04308600369,0.5813742098,1.364855134,-1.631410335,0.6504066139,-0.07393631396,0.900165889,0.8438174519,-1.073175748,3.938826467,5.27,5.36166639,6.453851345,Bankrupt
Uttam Value Steels Limited,2018,0.15,0.09,0.00325418353,-1.26,0.7234988228,0.2768671912,74.87,1.414712048,1.027013991,1.027013991,-17.66,-0.1769106901,0.7234988228,-0.6149721534,0.7697631686,-0.1158625077,-0.1769106901,0.002354397953,0.002354397953,0.002354397953,0.00325418353,-1.233876422,0.06177176539,0.7211444248,0.9674943412,1.286560619,1.286560619,-0.1322950126,0.7487099092,1.001207711,1.318325096,0.0,-23.26,-0.0190000037,0.03984485891,-0.182854496,0.4616650149,-0.222733865,0.4155513695,0.9538066554,0.2716901396,0.0,0.08615539217,0.0843541049,0.7234988228,-1.512775359,0.5969466255,-0.9072458667,1.717296854,-1.964895937,0.1085266694,0.7234988228,-0.07511453061,0.06384715936,0.5623511336,2.14604559,-2.524767096,0.5630617966,-0.1699982054,0.9020581812,0.7840234396,-1.216001034,3.328173375,5.33,5.327608862,6.795383419,Bankrupt
Uttam Value Steels Limited,2017,0.42,0.22,0.03256362128,-2.78,0.4664560973,0.2786793296,89.37,1.1119484,1.018581779,1.018581779,-14.51,-0.1376742126,0.4664560973,-0.2694354586,0.9055008488,-0.09601097472,-0.1376742126,0.0151894997,0.0151894997,0.0151894997,0.03256362128,0.07381515935,0.09811805816,0.4512665976,0.4949164076,1.169398045,1.169398045,-0.1297572174,0.8937651278,0.9482972329,1.945572701,0.0,-11.96,-0.002993186458,-0.1043289949,-0.2781766991,0.7659900536,-0.1448591825,0.652781866,0.907524249,0.5782419579,0.0,0.2241258894,0.16848039,0.4664560973,-1.105912364,0.8209419754,-0.4464452898,1.224631321,-4.149646168,0.1970206387,0.4664560973,-0.343220419,0.1982517788,0.3988856484,1.590546449,-2.753609688,0.7029419475,-0.1366740749,1.035258066,1.038533916,-3.498035178,4.948216341,5.36,6.232711415,8.256305502,Bankrupt
Uttam Value Steels Limited,2016,0.42,0.32,0.02096177194,-8.12,0.7861137042,0.2632488915,86.91,,1.018825184,1.018825184,-13.89,-0.1325356157,0.7861137042,-0.4563054716,0.8771973824,,-0.1325356157,0.01647833619,0.01647833619,0.01647833619,0.02096177194,,0.08574784751,0.769635368,0.8625771748,1.033769443,1.033769443,-0.1207869474,0.8691765012,0.9537192989,1.17267171,0.0,-28.52,-0.005732278581,0.05360897459,-0.1536507336,3.576811993,-0.03266631923,0.6872746545,0.9218533019,0.5991254592,0.0,0.3201337583,0.3190346117,0.7861137042,-1.875246476,0.8981800129,-0.7827910812,1.116240671,-7.333723009,0.3298082327,0.7861137042,-0.1712596121,0.0994088993,0.760434263,13.51237794,-23.27884748,0.2476557384,-0.1290679871,0.9979843298,0.9886113448,-1.997246777,4.906973441,5.42,7.556488414,7.996253786,Bankrupt
PSL Limited,2020,0.78,0.72,0.02511461568,-1.53,0.3795447239,0.09301407905,11.48,11.99086325,1.335508751,1.335508751,-60.99,-0.8145950756,0.3795447239,-0.08188029739,0.1191974241,-0.06263235512,-0.8145950756,0.009680102465,0.009680102465,0.009532119876,0.02511461568,-0.1930064466,0.3037080985,0.370012604,4.412874518,2.490598003,2.490598003,-0.06832203053,0.1148651062,1.335508751,2.565912422,0.0,-8.2,0.01479342514,-0.009592689723,-0.1754393041,0.04467137492,-0.5984900016,1.602669831,0.9738785216,0.08356934005,0.0,0.7154438753,0.1195152434,0.3795447239,2.083579445,0.04542288149,-0.1194672146,28.84675171,-1.416245879,0.2976644265,0.3795447239,-0.3190203166,0.06882318934,0.1523910015,0.05493117342,-0.2546258101,2.111053279,-0.3874496571,0.1875194546,0.08831543097,-1.05041755,3.729505735,8.0,6.894875427,3.871436941,Bankrupt
PSL Limited,2019,0.87,0.79,0.02237054957,-1.6,0.3295044731,0.08598487195,10.36,13.899379,1.372339737,1.372339737,-79.45,-1.109774242,0.3295044731,-0.04127389636,0.1098188174,-0.06365159933,-1.109774242,0.007510456534,0.007510456534,0.007371196151,0.02237054957,0.2081218274,0.3950449576,0.322133277,4.438644156,2.316317955,2.316317955,-0.08138568883,0.1036913606,1.396791513,2.945858898,0.0,-7.9,0.01989158614,-0.002608026835,-0.2439482927,0.06106583392,-0.5682803401,1.735687949,0.9706736841,0.07042733729,0.0,0.7857382281,0.1244348066,0.3295044731,1.292710806,0.04354865794,-0.05915632549,31.10304677,-1.509372013,0.2882305768,0.3295044731,-0.7105293775,0.08900126791,0.1422535591,0.03135556739,-0.2503228584,1.986813482,-0.4671873823,0.1912045063,0.07647821269,-1.798603839,3.938826467,5.27,5.36166639,6.453851345,Bankrupt
PSL Limited,2018,0.98,0.9,0.01829148041,-1.71,0.2747112841,0.07895418723,7.57,19.83754404,1.375010742,1.375010742,-124.81,-1.79900318,0.2747112841,-0.00586009806,0.08082691492,-0.08443868568,-1.79900318,0.005155802761,0.005155802761,0.005024876071,0.01829148041,-0.1162117452,0.4155710235,0.269686408,5.228839048,2.146732702,2.146732702,-0.09165771248,0.07572528872,1.441350864,3.560708651,0.0,-10.45,-0.001999875008,-0.005682475389,-0.3232480936,0.07743731275,-0.5341758202,2.136976884,0.9781668458,0.04940902401,0.0,0.8991914278,0.1252373832,0.2747112841,0.4636081929,0.03231986742,-0.008203196592,40.76514566,-1.632482805,0.268851186,0.2747112841,-3.725731895,0.0794767289,0.1279671586,0.00511025634,-0.2395599983,1.872021418,-0.5811804738,0.1724846274,0.05371038761,-8.965331279,3.328173375,5.33,5.327608862,6.795383419,Bankrupt
PSL Limited,2017,1.1,1.01,0.02261911034,-1.86,0.2370639589,0.07245216927,4.5,45.11444208,1.610194413,1.610194413,-695.62,-12.29537657,0.2370639589,0.02429215532,0.04745608886,-0.2992868473,-12.29537657,0.005482908064,0.005482908064,0.005362175844,0.02261911034,-2.37217488,0.8818820454,0.2317017831,9.302891684,1.969138347,1.969138347,-0.2589581226,0.04504144446,1.767521647,4.123474352,0.0,-32.9,-0.06980519481,-0.001420751857,-1.091951601,0.2671056927,-0.4921636655,3.562816533,0.9775271543,0.01929217614,0.0,1.007674341,0.1327261311,0.2370639589,-0.02785746159,0.02078906698,0.03383962281,77.06273485,-1.787231301,0.2613561143,0.2370639589,0.9251071123,0.09479655094,0.1203896919,-0.02506572504,-0.2446131244,1.732074388,-0.8674338664,0.3064142114,0.02606866181,1.049014567,4.948216341,5.36,6.232711415,8.256305502,Bankrupt
PSL Limited,2016,0.62,0.45,0.03937607183,-2.35,0.3325771412,0.05232124632,8.83,20.88703895,1.207995678,0.5208977948,-516.15,-6.989489711,0.3325771412,-0.1248069467,0.09018552341,-0.7253740908,-6.989489711,0.01318850332,0.01318850332,0.0130955814,0.03937607183,-7.634840411,0.8940130642,0.3194815598,5.097686754,1.521791791,1.521791791,-0.4559133583,0.08834631036,1.354157458,2.831444978,0.0,-65.69,-0.09147828915,0.02669622854,-1.370589822,0.8735799467,-0.3428798828,1.588183292,0.9416738761,0.04382710116,0.01472830023,0.4493516003,0.1365299746,0.3325771412,4.77237809,0.03700288039,-0.2059798732,23.12504297,-2.279098044,0.2077701945,0.3325771412,-0.4673307489,0.175376226,0.21854313,0.2391891726,-0.6373751888,1.18921465,-0.8562945926,0.5460988817,0.06928173073,-0.522733691,4.906973441,5.42,7.556488414,7.996253786,Bankrupt
PSL Limited,2015,1.73,0.47,0.05990953716,-19.4,0.2311559375,0.0362392361,5.56,26.43094489,1.321796339,0.5024790236,-193.31,-2.76039283,0.2311559375,0.1683820143,0.05687760924,-0.05921756377,-2.76039283,0.01390230133,0.01390230133,0.01384844523,0.05990953716,-0.008493447003,7.493325706,0.2173074923,5.933972159,1.032122376,1.032122376,-0.075639959,0.05562406216,1.42791762,3.063299885,0.0,-7.84,-0.301666306,0.01684692741,-0.3272248154,2.354743597,-0.03112264268,1.438930206,0.7080999569,0.01744751816,0.01546145971,0.4656506335,0.3871032749,0.2311559375,7.22396003,0.03442617346,0.3320977661,26.13996949,-24.93484419,0.3995379518,0.2311559375,1.733558328,1.262784102,0.2239617539,-5.241891658,-7.196103371,0.8009664384,-0.618257494,0.1325175682,0.05501295595,0.2313469874,6.665656719,5.44,6.69517609,7.410227605,Probable Bankrupt
PSL Limited,2014,2.22,0.75,0.14634575,172.32,0.1895420253,0.01864040456,13.52,8.422702506,1.059669716,0.5822279495,-43.66,-0.4719650386,0.1895420253,0.2313192218,0.143172984,-0.1085737229,-0.4719650386,0.02778951502,0.02778951502,0.02773866986,0.14634575,-0.1709491215,2.220315717,0.1618033554,1.514252098,0.9927396605,0.9927396605,-0.06402809459,0.1352919828,1.080848262,3.809596048,0.0,-7.28,-0.04028921523,0.03012090749,-0.3639264802,-9.500845206,0.007313437581,0.5883630048,0.7220785505,0.05002288033,0.03009971424,0.7541324799,0.4239391895,0.1895420253,-0.9044507962,0.1084988467,0.461411215,7.70939728,110.6281092,0.420861247,0.1895420253,1.201462842,1.466278779,0.1909282291,31.86066168,26.10649602,0.8031976352,-0.3657841072,0.2072010786,0.1733496178,0.5411225225,10.01787847,5.44,3.865992884,6.386106401,Probable Bankrupt
PSL Limited,2013,1.58,0.51,0.109041631,12.85,0.2736803815,0.01789100918,50.42,2.082593947,1.043389314,0.7586937127,-20.69,-0.2156622451,0.2736803815,0.1586246708,0.50739619,-0.01576029797,-0.2156622451,0.02988842057,0.02988842057,0.02984255518,0.109041631,-0.4034685071,0.6065843783,0.2438378263,0.5655088122,0.9350941427,0.9350941427,-0.1013814973,0.5042931589,1.042026556,2.581262569,0.0,-14.36,-0.05011682755,-0.1531934254,-0.3595154989,-1.515923877,0.06941104041,0.3406961506,0.7064409246,0.1248234578,0.07367153435,0.5069635468,0.4623117958,0.2736803815,-0.422895239,0.4631337886,0.3366597855,1.87053141,10.19035552,0.4323050523,0.2736803815,1.85065207,1.072634706,0.2926768215,2.443919199,4.216574478,0.6614137612,-0.1915925606,0.6087776873,0.6850597306,3.05093922,9.478996914,5.42,2.473521635,5.456388753,Probable Bankrupt
PSL Limited,2012,0.89,0.35,0.0730716278,3.41,0.7430175165,0.02615292571,42.02,,1.036636423,0.6702570639,1.64,0.01681864082,0.7430175165,-0.08091241728,0.4228213313,,0.01681864082,0.05458933437,0.05458933437,0.05429349942,0.0730716278,,0.9852236497,0.6887240171,1.804791062,0.8481525886,0.8481525886,0.009775009731,0.420295835,1.02089944,0.7999698242,47.93,2.69,0.03257252933,0.002660052944,0.01699067273,0.0831385095,0.1790331286,0.2726911716,0.5943915921,0.09015181004,0.08891993406,0.3452094811,0.7806438466,0.7430175165,-1.624839449,0.4109019948,-0.2548402283,1.928285346,0.6923731594,0.6621050993,0.7430175165,-5.012931532,0.5458934667,0.8760422671,-0.5328534515,4.893185267,0.105135072,-0.007723943471,0.4130463215,0.6926270734,-5.088115306,8.911793365,5.41,1.317979708,5.241315001,Probable Bankrupt
Moser-Baer (I) Limited,2017,0.07,0.05,0.004431236811,-0.2,3.755596288,0.2144342058,40.45,3.648523373,1.276049418,1.276049418,-152.66,-1.903261669,3.755596288,-3.488923802,0.4096767624,-0.3679788194,-1.903261669,0.01664193652,0.01664193652,0.01664193652,0.004431236811,-0.6497503037,0.2657031684,3.738954351,11.5730603,3.829955486,3.829955486,-0.4098222339,0.4045619854,1.246678262,0.2433105367,0.0,5.04,0.003189815075,0.008638751012,-0.1090998392,0.1447849456,-0.7389003596,0.8959816385,0.9137761485,0.1923074685,0.0,0.04804793173,0.06962809007,3.755596288,-105.9139803,0.108096816,-5.797555622,11.75091897,-0.02627574834,0.2666724855,3.755596288,-0.02471359548,0.02295876471,0.9805848401,1.232854658,-1.3270867,0.07435919816,-0.5213476764,0.8194989962,0.3551328668,-0.09301204659,4.948216341,5.36,6.232711415,8.256305502,Bankrupt
Moser-Baer (I) Limited,2016,0.17,0.11,0.006433325635,-0.51,2.025870503,0.1483252628,38.18,3.546591127,1.277532677,1.277532677,-108.59,-1.335886334,2.025870503,-1.689643292,0.3978153419,-0.2021106451,-1.335886334,0.01303308464,0.01303308464,0.01303308464,0.006433325635,-0.4908778532,0.3349409476,2.012837418,6.525498041,2.589019711,2.589019711,-0.3882872383,0.3818940509,1.230112624,0.4422869381,0.0,14.03,-0.01763153944,0.008763470098,-0.1916622924,0.2443537874,-0.6137534235,1.020688899,0.8960160617,0.2187933337,0.0,0.1146387553,0.1298666093,2.025870503,279.2523179,0.1531898604,-2.656739078,8.297468008,-0.3544003919,0.3362272112,2.025870503,-0.06154194726,0.05132802822,0.7824855462,1.063324312,-1.274918422,0.5631492084,-0.5247716549,0.7861025802,0.3464832327,-0.1837396941,4.906973441,5.42,7.556488414,7.996253786,Bankrupt
Moser-Baer (I) Limited,2015,0.33,0.21,0.01830449827,-0.95,1.124875712,0.1216771126,41.34,2.824367136,1.184167658,1.184167658,-80.41,-0.93896723,1.124875712,-0.7543036492,0.422594468,0,-0.93896723,0.02059028552,0.02059028552,0.02059028552,0.01830449827,0,0.3642378149,1.104285426,3.177061992,1.941664986,1.941664986,-0.3144344306,0.4134440163,1.167717692,0.7743409877,0.0,133.02,-0.01255812776,0.02847109336,-0.2794966971,0.3338756891,-0.484978095,0.9373682054,0.8710373697,0.2200036092,0.0,0.2147876691,0.1908527296,1.124875712,-39.83070049,0.2159141439,-1.245176666,5.42582025,-0.8673883881,0.3705720625,1.124875712,-0.170969119,0.1146461151,0.579335632,0.8010318537,-1.19456041,0.8167892742,-0.4516853825,0.7370288986,0.4064826964,-0.4693887125,6.665656719,5.44,6.69517609,7.410227605,Bankrupt
Moser-Baer (I) Limited,2014,0.33,0.22,0.01830541959,-0.95,1.124819096,0.1216771126,41.34,3.134497956,1.184167658,1.184167658,-80.41,-0.93896723,1.124819096,-0.7534579578,0.422594468,-0.2196108404,-0.93896723,0.02059028552,0.02059028552,0.02059028552,0.01830541959,-0.6735992976,0.3642378149,1.104228811,3.17690209,1.941664986,1.941664986,-0.3144344306,0.4134440163,1.167717692,0.7743799625,0.0,133.08,-0.01255812776,0.02847109336,-0.2795107649,0.3338756891,-0.484978095,0.9373682054,0.8710373697,0.2200036092,0.0,0.2154999937,0.191259121,1.124819096,-39.79256423,0.2159141439,-1.24378063,5.42582025,-0.8674485107,0.3713611385,1.124819096,-0.171161017,0.1146518856,0.5793064738,0.8001337727,-1.194500287,0.8168458896,-0.4516853825,0.7370288986,0.4064826964,-0.4699155607,10.01787847,5.44,3.865992884,6.386106401,Probable Bankrupt
Moser-Baer (I) Limited,2013,0.52,0.29,0.04185254867,-1.33,0.7602539218,0.09906534586,33.19,3.759858304,1.160239949,1.160239949,-60.78,-0.7060017661,0.7602539218,-0.3648269519,0.3472276622,-0.1494285888,-0.7060017661,0.03181856426,0.03181856426,0.03181856426,0.04185254867,-0.03924847531,0.6191167365,0.7284353576,2.659727368,1.480864472,1.480864472,-0.2031838873,0.3319958337,1.161478264,1.082575494,0.0,-46.05,-0.04383770165,-0.008024858252,-0.267254111,0.4225327469,-0.3247187577,0.9293957633,0.8230322654,0.1545493845,0.0,0.2873503562,0.2670244155,0.7602539218,-26.84617596,0.2239495782,-0.6281615138,5.069447123,-1.498573075,0.3954269699,0.7602539218,-0.4850730838,0.2327745107,0.5133852128,0.7586897629,-1.581014957,0.7206105497,-0.4184922409,0.5504115495,0.3472999221,-0.783492119,9.478996914,5.42,2.473521635,5.456388753,Probable Bankrupt
Moser-Baer (I) Limited,2013,0.51,0.28,0.06513398665,-1.74,0.6848782236,0.07155794021,42.55,2.982454664,1.179352323,1.176729639,-54.34,-0.6425085202,0.6848782236,-0.3353677775,0.442418414,-0.147040338,-0.6425085202,0.04460884908,0.04460884908,0.04460884908,0.06513398665,-0.1604038492,0.4445239197,0.6402693745,1.902729274,1.227776978,1.227776978,-0.2221734225,0.4255269741,1.182199408,1.226489222,0.0,-38.76,0.02474758886,0.02585847123,-0.3243910619,0.975376773,-0.1855198317,0.9118736063,0.8399957595,0.2120592563,0.0003844438003,0.2767005856,0.2846693269,0.6848782236,-15.61669452,0.3453600511,-0.5648829972,3.287078723,-2.383466312,0.3495104461,0.6848782236,-0.4771008166,0.2336243656,0.5578197308,1.472351507,-3.006792996,0.5428987548,-0.3824137093,0.6645918365,0.4285083251,-1.073284913,9.478996914,5.42,2.473521635,5.456388753,Probable Bankrupt
Moser-Baer (I) Limited,2012,0.46,0.24,0.02344649353,-3.38,0.7646309341,0.06165720922,58.29,2.150720928,1.111411114,1.111411114,-29.01,-0.3268348478,0.7646309341,-0.4156164522,0.5931857642,-0.2261377415,-0.3268348478,0.01792791425,0.01792791425,0.01792791425,0.02344649353,-0.3899235977,0.3127692053,0.7467030198,1.477453728,0.9902141359,0.9902141359,-0.1688749227,0.5829949981,1.126488734,1.096125731,0.0,-37.9,-0.04015150066,0.07742497511,-0.2208552056,-17.25680234,0.009882573603,0.7922596446,0.8381316415,0.309483728,0.0,0.2447535341,0.3524636432,0.7646309341,-5.371328571,0.5808739866,-0.6918861296,1.878694463,23.05194513,0.3490144818,0.7646309341,-0.3894657143,0.2116947553,0.7721874556,-42.47110412,78.13627164,0.2255832019,-0.2617440168,0.7620606869,0.6174840432,-1.245217585,8.911793365,5.41,1.317979708,5.241315001,Probable Bankrupt
Moser-Baer (I) Limited,2011,0.78,0.41,0.06236965333,43.32,0.5016968925,0.05681868052,48.14,2.383192776,1.104264736,1.104264736,-31.63,-0.3513387072,0.5016968925,-0.1111998492,0.4932492215,-0.06618508781,-0.3513387072,0.03129066126,0.03129066126,0.03129066126,0.06236965333,0.07332746479,0.4232856806,0.4704062312,1.157341051,0.8409838566,0.8409838566,-0.1357119141,0.4814526333,1.110640518,1.627495591,0.0,-30.56,-0.007749612894,0.0324738792,-0.2705022125,-0.8534361139,0.1890834671,0.6075830404,0.8165094805,0.1676002118,0.0,0.4126127286,0.464333578,0.5016968925,-1.732359892,0.5691987913,-0.2091667426,1.867843288,2.133663646,0.3904970432,0.5016968925,-1.650096837,0.3657397967,0.5965594803,-0.6992991208,3.155006038,0.3392869642,-0.2550149235,0.6289611357,0.5309074524,-3.898305358,11.98938992,5.43,-1.983859222,8.497584702,Probable Bankrupt
Moser-Baer (I) Limited,2010,1.16,0.75,0.2300471311,3.42,0.3892955916,0.05447207622,41.28,,1.138094438,1.019250078,-16.04,-0.1788526281,0.3892955916,0.06381033981,0.4604686629,,-0.1788526281,0.08955633399,0.08955633399,0.08955633399,0.2300471311,,0.4304484719,0.2997392576,1.050735338,0.7003348073,0.7003348073,-0.07476017257,0.412878552,1.114387355,2.159078134,-2.56,-10.85,-0.09103465896,0.04718182911,-0.1951269079,-0.2534897176,0.4278884749,0.6483509993,0.8405195994,0.1451841777,0.03143612547,0.7542482812,0.6469847374,0.3892955916,-0.7343118128,0.5723663021,0.1226859643,1.648532732,1.03795577,0.4531059314,0.3892955916,2.499287749,0.4096640291,0.5558706886,0.2129387776,1.299101801,0.3110392157,-0.2285943421,0.5352288355,0.4407966675,5.806241427,10.88235294,5.55,4.808592108,7.861888833,Probable Bankrupt
JVL Agro Industries Limited,2019,0.21,0.17,0.01233035006,-1.51,2.277700366,0.04318415638,122.57,1.110329281,1.015955035,0.9706307586,-77.59,-0.7883498302,2.277700366,-1.795169531,1.233792641,-0.6792073076,-0.7883498302,0.03484543531,0.03484543531,0.02808484285,0.01233035006,-3.001482894,0.08076755268,2.249615524,1.887869896,2.346648088,2.346648088,-0.5102544253,1.225741859,1.015955035,0.3962569389,0.0,35.1,-0.03715180707,-0.4202414726,-0.03045655376,0.05151375795,-0.5738602626,0.00633923912,0.902554575,-0.01374825824,0.0116513822,0.1690676334,0.2056255635,2.277700366,-1.578699957,0.3228079435,-4.47337963,1.921739056,-0.05119950947,0.4825308355,2.277700366,-0.05428201811,0.04278237227,0.9706186361,1.333065072,-1.691384993,0.06894772153,-0.2971853325,1.744047066,1.336752665,-0.6720770447,3.938826467,5.27,5.36166639,6.453851345,Bankrupt
JVL Agro Industries Limited,2018,0.42,0.23,0.07134990088,-2.59,1.2277829,0.04252247689,211.72,0.46562022,1.003569087,0.9780814335,1.96,0.01967805375,1.2277829,-0.7129694511,2.127702993,0.03537402422,0.01967805375,0.09142541029,0.09142541029,0.08760218821,0.07134990088,-0.2177722484,0.1100677398,1.140180712,0.5819739238,1.235533837,1.235533837,-0.2076402975,2.117216793,1.003569087,0.6253479384,0.0,65.81,-0.01768906953,-0.1471277405,-0.3720487815,1.939403429,-0.1906332552,0.08047199359,0.7677915053,0.1576003442,0.02176021969,0.2301750205,0.4166728853,1.2277829,-0.4872261213,1.893502281,-2.937647208,0.5441241168,-0.03290795689,0.5148134489,1.2277829,-0.3256920676,0.1891283017,0.9937266491,3.027036196,-5.212766513,0.007750937366,-0.09340232723,2.335343291,2.747734405,-2.959014768,3.328173375,5.33,5.327608862,6.795383419,Bankrupt
JVL Agro Industries Limited,2017,0.58,0.34,0.1328347488,-0.81,1.250766241,0.04157999009,269.88,0.4422378354,1.002948197,0.9831135802,-1.64,-0.01646727857,1.250766241,-0.5266447892,2.724828751,-0.3800108325,-0.01646727857,0.1700321789,0.1700321789,0.1661452194,0.1328347488,-1.119074014,0.1089412066,1.084621021,0.4648181827,1.287246312,1.287246312,-0.04169242043,2.698805238,1.002948197,0.5651361003,0.0,-1.01,-0.002538148969,0.135342105,-0.03123965174,0.1360278622,-0.2231479006,0.2104728482,0.7068531558,0.5549176411,0.02073123645,0.3445684679,0.5625352698,1.250766241,-0.3858720918,2.073806766,-2.046780584,0.4166311462,-0.126999268,0.7241214516,1.250766241,-0.5566310542,0.234373806,0.97166038,1.833425764,-4.354333503,0.03648007137,-0.02447692577,2.766521171,3.806833138,-5.109462909,4.948216341,5.36,6.232711415,8.256305502,Bankrupt
JVL Agro Industries Limited,2016,1.14,0.5,0.2481660168,0.41,0.6986591064,0.04042179262,209.74,0.4417990995,1.002646449,1.002646449,1.07,0.01081093012,0.6986591064,0.099740502,2.10173522,0.1515477532,0.01081093012,0.1733834475,0.1733834475,0.1733834475,0.2481660168,0.422893074,0.2151767978,0.5252756589,0.3339734252,0.7323476719,0.7323476719,0.01080472083,2.097496445,1.002646449,0.7870200251,3.42,7.5,-0.04107128312,-0.1308084183,0.02186240169,0.05706793638,0.3654716719,0.2619962036,0.5498587075,0.5398204754,0.0,0.4984667239,1.090192048,0.6986591064,-0.2269619572,2.857968803,0.5200423719,0.2671963978,0.1258668875,0.7983996084,0.6986591064,4.513124392,0.644293173,0.9539992182,0.3726494842,2.610323293,0.03368856547,0.003140202766,2.090930499,3.804541332,20.97402898,4.906973441,5.42,7.556488414,7.996253786,Bankrupt
JVL Agro Industries Limited,2015,1.18,0.7,0.3471621576,0.44,0.6493352417,0.04081979967,271.13,0.3468110749,1.002422452,1.002422452,1.28,0.01284865508,0.6493352417,0.1136755718,2.714548492,0.1238632715,0.01284865508,0.2254246235,0.2254246235,0.2254246235,0.3471621576,0.1926912071,0.1131973353,0.4239106182,0.2400642232,0.7092423987,0.7092423987,0.01400808703,2.711392047,1.002422452,1.068507157,5.26,9.91,-0.00505598921,-0.04506460821,0.02399510543,0.05358713759,0.4099551886,0.3489458107,0.6938193534,0.9350044354,0.0,0.7035351504,1.075811056,0.6493352417,-0.1093159448,3.820723735,0.5078284547,0.1788711453,0.2060381455,0.7630108135,0.6493352417,2.69346036,0.4715293842,0.9155335932,0.3909633706,2.23325285,0.05990715697,0.00401832226,2.700540405,3.898478312,23.79437955,6.665656719,5.44,6.69517609,7.410227605,Probable Bankrupt
JVL Agro Industries Limited,2014,1.18,0.73,0.4319247442,0.44,0.6319173121,0.04382324537,299.98,0.3158719257,1.002097776,1.002097776,1.29,0.01302654485,0.6319173121,0.1119876266,3.002615053,0.1088259592,0.01302654485,0.2729407234,0.2729407234,0.2729407234,0.4319247442,0.002179656539,0.09424429233,0.3589765888,0.2110910302,0.7064370058,0.7064370058,0.01044157748,2.999857135,1.002097776,1.136022726,5.35,10.59,0.02385340097,0.1189571793,0.02524254667,0.05433655657,0.4155543832,0.311462654,0.7178724277,0.920740911,0.0,0.7307559985,1.053037897,0.6319173121,-0.08254453294,4.238661743,0.4705713465,0.1448087829,0.2538456656,0.7439049388,0.6319173121,2.519274502,0.4464627997,0.894513321,0.381477328,2.152578236,0.07451969365,0.002567919072,2.992173476,4.170068616,26.73132176,10.01787847,5.44,3.865992884,6.386106401,Probable Bankrupt
JVL Agro Industries Limited,2013,1.19,0.69,0.3640927161,0.51,0.6206550453,0.0512985029,306.54,0.3170984185,1.001671738,1.001671738,1.4,0.01403212288,0.6206550453,0.1208397516,3.069812018,0.05916875187,0.01403212288,0.2259759812,0.2259759812,0.2259759812,0.3640927161,0.02766929238,0.1032218538,0.3946790641,0.2028087021,0.7119417861,0.7119417861,0.03643244976,3.065413916,1.001671738,1.102239292,4.67,11.32,-0.002487505628,-0.01056362159,0.07774633336,0.1675135501,0.4046092243,0.5025622688,0.6841103777,1.530873835,0.0,0.6857354626,1.041510431,0.6206550453,-0.1281277615,4.289104491,0.5296975252,0.1587968952,0.316903794,0.7414947969,0.6206550453,2.61412009,0.5089616603,0.8717778017,0.4194976771,2.154616725,0.09128674087,0.01056061323,3.033379568,4.47339786,25.32525812,9.478996914,5.42,2.473521635,5.456388753,Probable Bankrupt
JVL Agro Industries Limited,2012,1.15,0.67,0.3657405387,0.54,0.6788757019,0.05708941569,246.4,,1.001807251,1.001807251,1.74,0.01747009,0.6788757019,0.1025544147,2.470847965,,0.01747009,0.2482923649,0.2482923649,0.2482923649,0.3657405387,,0.1327335269,0.430583337,0.2760153737,0.7566934851,0.7566934851,0.03937562045,2.464002608,1.001807251,0.9921319132,4.43,13.38,0.0003698180375,0.01086743685,0.07517787769,0.2097618903,0.321539064,0.5068615285,0.673534249,1.239513417,0.0,0.6701732943,1.032690425,0.6788757019,-0.1846078671,3.240865479,0.5628837474,0.2067042976,0.3198343584,0.7814301166,0.6788757019,3.183341761,0.4808917893,0.8971607597,0.4215029535,2.790207661,0.07781778311,0.01337883335,2.431472344,3.651718638,23.98295167,8.911793365,5.41,1.317979708,5.241315001,Probable Bankrupt
Tulsi Extrusions Limited,2018,0.74,0.56,0.002751945341,-3.02,0.6307158248,0.3491236982,0.15,8.468793993,1.228531206,1.228531206,-71.6,-0.8798686063,0.6307158248,-0.1626167106,0.1799736653,-0.1602824994,-0.8798686063,0.001735695475,0.001735695475,0.001735695475,0.002751945341,-0.1633847791,0.8817456593,0.6289801293,4.945096199,1.420636821,1.420636821,-0.1122216902,0.1566914053,1.228531206,1.407193016,0.0,-28.91,0.0,0.0,-0.1779275005,0.2667899829,-0.2960903269,0.6794931957,0.8875389035,0.0623054824,0.0,0.5638641108,0.3294994944,0.6307158248,-6.729136164,0.1102965959,-0.3450596901,11.12482403,-1.877916904,0.4680991142,0.6307158248,-0.6915715863,0.1783070791,0.44396697,0.3865964713,-1.499430848,0.7899209959,-0.4637443671,0.2921953555,0.1437049026,-0.7843209422,3.328173375,5.33,5.327608862,6.795383419,Bankrupt
Tulsi Extrusions Limited,2017,0.83,0.64,0.008884940027,-4.15,0.5805736098,0.2983503364,32.65,3.385062382,1.09485558,0.9089044608,-14.81,-0.1603144762,0.5805736098,-0.09702878366,0.3221396884,-0.04333023832,-0.1603144762,0.005158361704,0.005158361704,0.005158361704,0.008884940027,-0.04666056725,0.3736113485,0.5754152481,1.923602803,1.265758795,1.265758795,-0.04529041576,0.3265758795,1.082037259,1.528209685,0.0,-9.09,-0.01888854199,0.008802673405,-0.07267880942,0.1587732919,-0.2099600619,0.5571697146,0.8872382131,0.1358196637,0.02216969598,0.6386494891,0.3820197245,0.5805736098,-1.569664222,0.2364495884,-0.204145865,4.176721928,-2.57822205,0.4835448262,0.5805736098,-1.162147794,0.194224789,0.4586763387,0.3651009317,-2.184588509,0.6851851852,-0.1111891057,0.3674301042,0.3401744186,-3.110579479,4.948216341,5.36,6.232711415,8.256305502,Bankrupt
Tulsi Extrusions Limited,2016,0.86,0.65,0.02028825851,-5.12,0.5385642243,0.2744882676,28.34,3.999137601,1.102912993,0.8622077424,-22.32,-0.2453047144,0.5385642243,-0.07272817166,0.2854741422,-0.06343320479,-0.2453047144,0.01092653021,0.01092653021,0.01092653021,0.02028825851,0.0708041958,0.4384821771,0.5276376941,2.087581449,1.208345694,1.208345694,-0.06239493721,0.2834470484,1.098696819,1.646745616,0.0,-12.73,-0.01476976542,0.02643207856,-0.1141099789,0.2949691505,-0.1724222586,0.4697201993,0.8868782755,0.08731335904,0.02569558101,0.6549160011,0.3855155483,0.5385642243,-1.358511023,0.2090016367,-0.1468796805,4.641433499,-3.214760323,0.4658360526,0.5385642243,-1.555404487,0.210043147,0.4457037643,0.3490745135,-2.584954912,0.6697814694,-0.1851904491,0.3478690794,0.2908908462,-3.547246771,4.906973441,5.42,7.556488414,7.996253786,Bankrupt
Tulsi Extrusions Limited,2015,0.88,0.68,0.0284143842,-7.45,0.4990469106,0.2451181453,41,3.058644973,1.081957261,0.9464545896,-95.39,-1.021491015,0.4990469106,-0.06067227672,0.4120600679,-0.3423683109,-1.021491015,0.01418011065,0.01418011065,0.01418011065,0.0284143842,-2.312323612,0.258135017,0.4848667999,1.303302574,1.136408015,1.136408015,-0.2968989725,0.4100144126,1.07078679,1.805757406,0.0,-43.9,-0.01694534845,-0.06558114798,-0.585895286,2.143490116,-0.1200343657,0.6993686255,0.9011576549,0.235157376,0.02282862169,0.6803614682,0.3857546128,0.4990469106,-1.385702746,0.3377654134,-0.1163620152,2.930791646,-4.672460804,0.4383746339,0.4990469106,-1.629118774,0.1980622322,0.4391441312,0.4447852761,-3.658486708,0.6373611047,-0.4216669946,0.7089590404,0.4249084249,-6.311111111,6.665656719,5.44,6.69517609,7.410227605,Probable Bankrupt
Tulsi Extrusions Limited,2014,1.08,0.44,0.04125861444,3.71,0.3819485332,0.2071590053,28.18,4.464651916,1.127091203,0.9759848894,-112.46,-1.234889369,0.3819485332,0.03040903266,0.2864613999,-0.2922453503,-1.234889369,0.01575866727,0.01575866727,0.01575866727,0.04125861444,-0.4701789264,0.9500809498,0.366189866,1.487857528,0.810272573,0.810272573,-0.2903750909,0.2818550203,1.097949271,1.979597388,0.0,-51.28,-0.03543212832,-0.09245565292,-0.7519042437,-1.513691128,0.2341525967,0.6864543983,0.7561043189,0.1549890902,0.02393673862,0.4410591222,0.5089121607,0.3819485332,-2.65232358,0.3292156444,0.06616428033,3.094981112,2.257575758,0.4123575659,0.3819485332,8.020501139,0.6385564019,0.4713827741,0.1602774735,2.013143483,0.4283240398,-0.5113779646,0.5768364908,0.3395172003,8.44191344,10.01787847,5.44,3.865992884,6.386106401,Probable Bankrupt
Tulsi Extrusions Limited,2013,1.45,0.81,0.0466889881,1.05,0.4322585833,0.2303116622,0.51,2.104033024,1.062009979,1.062009979,1.07,0.01158232359,0.4322585833,0.193374608,0.4875505883,0.1011765967,0.01158232359,0.02018171585,0.02018171585,0.02018171585,0.0466889881,0.1772433111,0.614932288,0.4120768674,0.9579472559,0.5907373161,0.5907373161,0.008415748707,0.4875505883,1.0804823,1.671502976,0.0,9.0,0.0,0.0,0.02678571429,0.02829076621,0.6927997822,0.4319909717,0.7225215084,0.1829487283,0.0,0.8054315476,1.05907173,0.4322585833,-0.3281397051,0.805861803,0.6044738606,1.264433357,0.3872298625,0.6256331913,0.4322585833,1.434927235,0.6419270833,0.7317272356,0.4724950884,1.056188605,0.1584787328,0.0001678133915,0.4791348396,0.6245270421,2.333471933,9.478996914,5.42,2.473521635,5.456388753,Probable Bankrupt
Tulsi Extrusions Limited,2012,1.34,0.73,0.09933869018,1.04,0.4193404103,0.2507525312,55.38,1.634223261,1.047849492,0.8753738242,1.18,0.01201674732,0.4193404103,0.1416090172,0.5599355916,0.2075978053,0.01201674732,0.0416567271,0.0416567271,0.0416567271,0.09933869018,0.1854895515,0.4631613289,0.3776836832,0.7646675004,0.5695372137,0.5695372137,0.00924379771,0.5538227576,1.009896145,1.778994525,0.0,1.13,0.0485184993,0.003926701571,0.02837232454,0.02763923525,0.7558115183,0.5148714045,0.7460042939,0.26953125,0.08303664921,0.7319917514,0.984921466,0.4193404103,-0.422438915,0.9212565445,0.4331843474,0.9625903975,0.3489193682,0.5609494275,0.4193404103,1.793640766,0.6057029083,0.7362827225,0.3289692436,0.9741618177,0.1501968034,0.005685510071,0.5506917939,0.7351107203,3.872604759,8.911793365,5.41,1.317979708,5.241315001,Probable Bankrupt
Tulsi Extrusions Limited,2011,1.37,0.78,0.03918242728,0.6,0.4437043727,0.392882664,59.4,1.384514099,1.045089601,0.8900378958,1.29,0.01310296101,0.4437043727,0.1639572514,0.5990065478,0.3777000075,0.01310296101,0.01738541431,0.01738541431,0.01738541431,0.03918242728,0.4191409628,0.4456291348,0.4263189584,0.7573383005,0.4650786483,0.4650786483,0.01749830662,0.5940769173,1.014002184,1.66533797,0.0,1.37,0.003318788028,-0.1962132859,0.06157238572,0.05107281041,1.150173962,0.4087609994,0.7389177391,0.228117709,0.09766162311,0.781104232,1.306578202,0.4437043727,-0.2803910918,1.197750627,0.6226954409,0.7641467018,0.03995779107,0.6076616241,0.4437043727,1.592380078,0.5884148927,0.9540415891,0.3065072107,0.8294759057,0.02137427561,0.0216139261,0.5815082411,0.7928804237,3.573330273,11.98938992,5.43,-1.983859222,8.497584702,Probable Bankrupt
Tulsi Extrusions Limited,2010,1.66,1.02,0.06423173804,0.84,0.3841083631,0.2207310613,65.92,,1.035414901,1.025430913,5.76,0.0592446077,0.3841083631,0.2527665236,0.6622724799,,0.0592446077,0.02467194775,0.02467194775,0.02467194775,0.06423173804,,0.379579919,0.3594364153,0.5982857681,0.5159339663,0.5159339663,0.05520953014,0.6592489569,1.026843741,1.968986146,9.93,6.17,-0.04093514054,-0.1967885607,0.1859256927,0.147532792,0.9382325363,0.3235377225,0.7563040455,0.1979802866,0.006211908111,1.02361461,1.234411627,0.3841083631,0.0208855472,1.250820441,0.7381246689,0.7651879062,0.2723297939,0.6368748866,0.3841083631,0.9641148325,0.6344458438,0.7444913268,0.5221736415,0.79350406,0.1318256032,0.08596473752,0.6070629497,0.8488846246,2.539952153,10.88235294,5.55,4.808592108,7.861888833,Probable Bankrupt
Adhunik Metaliks Limited,2018,0.1,0.06,0.003818716586,-1.14,1.021931306,0.08456066115,0.34,4.245569878,1.060770507,1.060770507,-141.12,-1.479122414,1.021931306,-0.9187844233,0.4041903075,-1.230632974,-1.479122414,0.003902466026,0.003902466026,0.003902466026,0.003818716586,-8.810147756,0.1043733814,1.01802884,2.685963279,2.001090476,2.001090476,-0.2985137417,0.3987600675,1.048069369,0.9396805278,0.0,580.22,0.0,0.0,-0.2892095527,0.2952303541,-0.5002724705,0.4485843978,0.9602889485,0.1130442003,0.0,0.06207445685,0.0515453366,1.021931306,-4.568665734,0.2002063584,-1.136488439,5.249250735,-0.978092584,0.1031468822,1.021931306,-0.04322129375,0.03885882665,0.5106872066,0.9177836021,-1.020818128,0.9791591708,-0.4414440672,0.7027040492,0.3962047717,-0.4141026491,3.328173375,5.33,5.327608862,6.795383419,Bankrupt
Adhunik Metaliks Limited,2017,0.64,0.33,0.009391570255,-2.27,0.558319995,0.0531823271,28.26,3.976564261,1.050139566,1.050139566,-129.96,-1.28304929,0.558319995,-0.2018859731,0.2921843787,-0.2767094733,-1.28304929,0.005243501458,0.005243501458,0.005243501458,0.009391570255,-0.163659098,0.6100833926,0.5530764936,1.950354548,1.431843166,1.431843166,-0.2146808115,0.2826180284,0.9872570606,1.47828116,0.0,-15.71,-0.003978801737,-0.02798281447,-0.3461813689,0.4475698475,-0.3015994884,0.6969434283,0.8253539301,0.1525826664,0.0,0.3255981404,0.2489337033,0.558319995,-4.340188787,0.1950062132,-0.3503358884,4.983477522,-2.022778729,0.356434022,0.558319995,-0.865072829,0.3128064039,0.3899309702,0.4674983623,-1.292876763,0.8735231714,-0.447178513,0.5068651901,0.3468401699,-1.417958331,4.948216341,5.36,6.232711415,8.256305502,Bankrupt
Adhunik Metaliks Limited,2016,1.19,0.64,0.02435156565,-9.04,0.2892618206,0.0424397167,12.81,8.091816544,1.065030566,1.065030566,-87.83,-0.8549511237,0.2892618206,0.05427595135,0.1333282797,-0.1302747229,-0.8549511237,0.007043978215,0.007043978215,0.007043978215,0.02435156565,-0.02323678812,1.209296831,0.2822178424,2.197513363,1.031651253,1.031651253,-0.1143966164,0.1281327627,0.9734207495,2.906773283,0.0,-5.41,-0.01581953803,-0.01201659488,-0.4476750437,4.09131663,-0.03068018675,0.6078231594,0.840818532,0.05148868182,0.0,0.6373336917,0.332997969,0.2892618206,-2.032154825,0.1505258438,0.09595843313,7.783910694,-23.45529354,0.343537772,0.2892618206,2.932817648,0.5503023787,0.280387214,-1.714812085,-9.139032179,0.7423894325,-0.4842918792,0.2477248961,0.1565515296,2.425225612,4.906973441,5.42,7.556488414,7.996253786,Bankrupt
Adhunik Metaliks Limited,2015,1.68,0.89,0.02215452522,7.36,0.1823334583,0.04087847343,19.05,5.269978536,1.059875493,1.007543439,-43.63,-0.4307508706,0.1823334583,0.1233039728,0.1934133096,-0.03516042827,-0.4307508706,0.0040395112,0.0040395112,0.0040395112,0.02215452522,-0.1427940668,0.7463195675,0.1782939471,0.9442925465,0.8160930412,0.8160930412,-0.1258387704,0.1905913267,0.9870594836,4.694109103,0.0,-10.17,-0.004655227468,-0.0321348272,-0.9241521108,-0.9162451025,0.2253504803,0.6688367785,0.8558931464,0.1038493154,0.00619095884,0.8859074961,0.374512973,0.1823334583,-0.3253280981,0.2968583729,0.2373334657,4.205569855,3.446088103,0.3056374311,0.1823334583,1.16871217,0.7903478326,0.2234223907,0.6704693154,0.9914440403,0.6337595829,-0.4140384709,0.3192520799,0.2256006044,1.565967476,6.665656719,5.44,6.69517609,7.410227605,Bankrupt
Adhunik Metaliks Limited,2014,0.97,0.56,0.01252081051,2.63,0.3851702461,0.04216067484,42.45,3.24444646,1.040588461,0.9971708585,1.58,0.01747156821,0.3851702461,-0.01103742491,0.4397991866,-0.4957172665,0.01747156821,0.004822643666,0.004822643666,0.004822643666,0.01252081051,-0.09874171148,0.4136377576,0.3803476025,1.001446965,0.7379874143,0.7379874143,0.007038767211,0.4245670751,1.103879163,2.183214437,0.0,1.09,0.001842966013,0.06069337487,0.01909822561,0.02807524775,0.3550366587,0.5845956487,0.8409092419,0.2006090187,0.01131388258,0.5583039326,0.506963688,0.3851702461,-1.064830412,0.5305751711,-0.02268141892,1.906236637,1.346565728,0.3741328212,0.3851702461,-14.41375677,0.4130401028,0.5219198033,-0.04212555241,1.470044827,0.3528171681,-0.1348209796,0.4327604194,0.4573783997,-34.84632751,10.01787847,5.44,3.865992884,6.386106401,Probable Bankrupt
Adhunik Metaliks Limited,2013,0.76,0.45,0.01417430039,4.31,0.3752596213,0.02072081595,32.88,2.947817567,1.033364808,0.9906249113,2.67,0.02809686763,0.3752596213,-0.09103792969,0.3431121231,0.155357361,0.02809686763,0.005319042595,0.005319042595,0.005319042595,0.01417430039,0.06101443628,0.373516173,0.3699405787,1.199361741,0.7738301772,0.7738301772,0.01200755262,0.3288210141,1.050939994,2.353392627,0.0,1.55,-0.02944662199,0.0456741465,0.04056945822,0.06731260313,0.2922732009,0.6633878113,0.883133226,0.1865841062,0.008640511656,0.4459710239,0.3672920751,0.3752596213,-1.974025837,0.4050232662,-0.1375224615,2.456227104,1.762262316,0.2842216916,0.3752596213,-1.283715199,0.3114291211,0.4849379519,-0.4025202326,1.659194036,0.3985705559,-0.09322733219,0.3311045704,0.354287166,-3.436839665,9.478996914,5.42,2.473521635,5.456388753,Probable Bankrupt
Adhunik Metaliks Limited,2012,0.72,0.32,0.04892546685,3.87,0.3296194216,0.02314042773,30.05,2.789458871,1.039767388,0.9781417926,0.84,0.008361370555,0.3296194216,-0.09294597843,0.3091295692,0.3057777123,0.008361370555,0.01612678408,0.01612678408,0.01612678408,0.04892546685,0.18270058,0.4278155216,0.3134926375,1.085406356,0.7463910666,0.7463910666,-0.0004378847929,0.3005322996,0.9896251456,2.639649415,0.0,0.4,0.007350277145,0.09164551075,-0.003634303678,-0.004723560247,0.3397802368,0.6512299572,0.8700797134,0.1769094012,0.01253675493,0.3238679204,0.3170904017,0.3296194216,-2.104188911,0.4115300796,-0.1324400691,2.404692933,1.643363424,0.2366734431,0.3296194216,-1.397804281,0.3941524014,0.4416175867,-0.3664933139,1.299715342,0.4167716451,-0.04980502765,0.309567454,0.349028901,-3.267306142,8.911793365,5.41,1.317979708,5.241315001,Probable Bankrupt
Adhunik Metaliks Limited,2011,0.85,0.36,0.06109209083,3.26,0.3159102016,0.03560114039,31.66,2.703782105,1.046858151,0.9673193805,11.1,0.1137633565,0.3159102016,-0.04820641818,0.322259432,0.3282108884,0.1137633565,0.01929961473,0.01929961473,0.01929961473,0.06109209083,0.3489164087,0.4947431624,0.2966105868,1.021842221,0.7988116029,0.7988116029,0.04707749774,0.3166148298,1.02412141,2.681288636,10.05,5.1,-0.01260066486,0.08905134413,0.2003165828,0.3145412607,0.251859633,0.7226681208,0.8470464335,0.2037587747,0.01539161962,0.3632368195,0.33512756,0.3159102016,-2.346183586,0.3694794925,-0.07336429335,2.521407215,2.400244787,0.2677037834,0.3159102016,-3.172888016,0.4841678608,0.395475229,-0.2396083416,1.570220779,0.4829014013,0.09720606557,0.2751819342,0.3649829602,-6.413202358,11.98938992,5.43,-1.983859222,8.497584702,Probable Bankrupt
Adhunik Metaliks Limited,2010,1.05,0.56,0.1689667893,2.68,0.2980829689,0.05075057428,40.59,,1.038624239,0.8226949399,9.11,0.08841676995,0.2980829689,0.0156007252,0.4157524185,,0.08841676995,0.05036612221,0.05036612221,0.05036612221,0.1689667893,,0.354145336,0.2477168467,0.7121234575,0.7775042787,0.7775042787,0.05566410931,0.4059769415,0.9698833324,2.857461762,11.73,5.28,0.03123419158,0.1569997679,0.2438539903,0.3266971652,0.2861665555,0.6035795118,0.8517606855,0.2335682042,0.05812469175,0.5550279515,0.4034494763,0.2980829689,-0.7993407079,0.4791406771,0.02273707915,1.737140971,2.154743952,0.3136836941,0.2980829689,9.502078438,0.4973089038,0.3833843454,0.07011696722,1.3397245,0.4794213098,0.1274371623,0.3600883092,0.4914329599,26.83101392,10.88235294,5.55,4.808592108,7.861888833,Probable Bankrupt
Jenson & Nicholson (India) Limited,2017,0.01,0.01,0.002658822198,-0.22,34.55913978,1.213938412,74.81,14.90229885,4.862068966,4.862068966,42.91,3.770114943,34.55913978,-34.20039101,1.347018573,-0.5347018573,3.770114943,0.09188660802,0.09188660802,0.09188660802,0.002658822198,0.04137931034,1.666666667,34.46725318,406.3678161,35.66666667,35.66666667,0.3216031281,0.7478005865,8.793103448,0.02483453075,0.0,-0.95,-0.3262411348,0.004385123469,0.009305877694,-0.009277013309,-0.9719626168,2.252873563,0.8582600196,0.1730205279,0.0,0.006279346043,0.01005837696,34.55913978,322.3119266,0.01159317017,-56.70502431,418.3103448,-0.03194789082,0.3587487781,34.55913978,-0.00414439649,0.004101374668,0.9689478444,0.9865497406,-0.996898263,1.107526882,-0.6415633937,1.025415445,0.09908883827,-0.002486637894,4.948216341,5.36,6.232711415,8.256305502,Bankrupt
Jenson & Nicholson (India) Limited,2016,0.03,0.02,0.006709185786,-0.23,23.06942675,1.188888889,240.19,0.7566747573,1.216626214,1.216626214,-27.38,-0.3131067961,23.06942675,-22.48789809,2.401910828,-1.177070064,-0.3131067961,0.1547770701,0.1547770701,0.1547770701,0.006709185786,-5.956834532,0.0421723301,22.91464968,10.98877427,23.79617834,23.79617834,-0.6573248408,2.401910828,1.144114078,0.03950964963,0.0,2.97,-0.05586034913,-0.005968950749,-0.02849333223,0.02883487008,-0.9579764454,0.7703276699,0.9114649682,1.542038217,0.0,0.02136999917,0.0244379015,23.06942675,-46.82298547,0.1073340471,-56.04126984,11.26122573,-0.03188041352,0.5815286624,23.06942675,-0.003937007874,0.003837764709,0.9694593148,0.9864766695,-1.011986588,0.7267515924,-0.238184468,3.059235669,2.303284416,-0.09335523707,4.906973441,5.42,7.556488414,7.996253786,Bankrupt
Jenson & Nicholson (India) Limited,2015,0.07,0.04,0.01265754167,-0.24,10.79432417,0.9578005115,154.15,0.7048036675,1.162846323,1.162846323,20.48,0.2152680885,10.79432417,-10.02633119,2.041252194,-0.06904622586,0.2152680885,0.136629608,0.136629608,0.136629608,0.01265754167,-0.002068252327,0.1927446681,10.65769456,7.353996412,11.15886483,11.15886483,0.3159742539,1.541544763,1.050229221,0.06643176582,0.0,-3.22,0.0003428179637,-0.01224404184,0.02927225911,-0.03110330329,-0.9103851498,0.6324496711,0.7170860152,0.8899941486,0.0,0.04493833853,0.06882357568,10.79432417,-19.10900217,0.1529587583,-43.82352941,7.509268487,-0.0358839962,0.7679929783,10.79432417,-0.0282170995,0.02620951348,0.9673317427,0.9869538922,-1.062552199,0.3645406671,-0.1132779379,1.72527794,2.046919625,-0.146396265,6.665656719,5.44,6.69517609,7.410227605,Bankrupt
Jenson & Nicholson (India) Limited,2014,0.06,0.04,0.0124394746,-0.26,10.23015873,0.6069692058,147.68,1.222243714,1.139845261,1.139845261,65.43,0.6829787234,10.23015873,-9.570607553,2.670498084,-1.458675424,0.6829787234,0.1272577997,0.1272577997,0.1272577997,0.0124394746,-0.2363261094,0.1874274662,10.10290093,7.230367505,10.73563218,10.73563218,0.9660645868,1.476737822,1.043713733,0.07182793398,0.0,-10.46,-0.4364500255,-0.00920261038,0.09443300072,-0.09922977455,-0.9068522484,0.6553191489,0.7348111658,0.8659003831,0.0,0.03854899548,0.06143570919,10.23015873,-20.16835017,0.1502243296,-28.33954619,7.497678917,-0.05191994153,0.6595511768,10.23015873,-0.0277086729,0.02592225997,0.9529162843,0.9830494181,-1.050795525,0.5054734537,-0.1424213231,1.704433498,1.925512104,-0.147836779,10.01787847,5.44,3.865992884,6.386106401,Probable Bankrupt
Jenson & Nicholson (India) Limited,2013,0.13,0.1,0.07204385278,-0.37,4.690672306,0.2129050597,65.94,1.485962226,1.116726221,1.116726221,-9.86,-0.09937042709,4.690672306,-4.083259127,0.6839937667,0.05587711487,-0.09937042709,0.3379341051,0.3379341051,0.3379341051,0.07204385278,0.1794657763,0.2038454994,4.352738201,7.170495151,5.348063224,5.348063224,-0.06500445236,0.6595057881,1.008167432,0.1847606844,0.0,0.82,0.05165320737,-0.005765188253,-0.01385823782,0.01495020864,-0.8130164214,0.5960524077,0.8666518255,0.3655387355,0.0,0.1010654707,0.1135762899,4.690672306,-15.95703454,0.136595417,-10.42751563,7.658839544,-0.1511916647,0.607413179,4.690672306,-0.03265728928,0.02842837142,0.8770786938,0.9390983795,-1.078795791,0.6573909172,-0.1214147719,0.7489982191,0.754816337,-0.1602060844,9.478996914,5.42,2.473521635,5.456388753,Probable Bankrupt
Jenson & Nicholson (India) Limited,2012,0.13,0.1,0.07068165736,-0.36,4.498585239,0.2023777357,62.77,1.605503695,1.120381175,1.120381175,1.3,0.01341890315,4.498585239,-3.936217873,0.6690639,0.05340721528,0.01341890315,0.3179674605,0.3179674605,0.3179674605,0.07068165736,0.2838250254,0.1911707507,4.180617779,7.420653442,5.535133223,5.535133223,-0.03690167413,0.6276821504,1.035394788,0.1965301255,0.0,-0.23,0.03471619511,-0.005090630258,-0.008202950966,0.008136844568,-0.8193358751,0.6069622715,0.8841075218,0.3423720821,0.0,0.09924784443,0.1015996081,4.498585239,-17.00643246,0.1227076189,-9.021075385,8.605989887,-0.2285595445,0.5623673662,4.498585239,-0.02944259742,0.02576198338,0.8127329656,0.8679387527,-0.9919411444,1.036547984,-0.1165664663,0.7059655742,0.6856914255,-0.1540120406,8.911793365,5.41,1.317979708,5.241315001,Probable Bankrupt
Jenson & Nicholson (India) Limited,2011,0.11,0.09,0.06523555834,-0.36,4.769211608,0.1929417826,55.64,1.890992474,1.142285983,1.142285983,-8.98,-0.09430856068,4.769211608,-4.253954415,0.5963382738,-0.002864615768,-0.09430856068,0.3111221821,0.3111221821,0.3111221821,0.06523555834,-0.1178977273,0.1655691439,4.458089426,9.005644403,5.798106863,5.798106863,-0.06252335285,0.55648275,1.050799624,0.1912932205,0.0,0.93,0.02738315833,-0.00195476124,-0.01310978795,0.01303083792,-0.8275299121,0.5985418627,0.9123178478,0.2908207747,0.0,0.08965319127,0.08886645329,4.769211608,-20.4212068,0.1043326961,-8.798299845,10.36100659,-0.2144377531,0.5152571927,4.769211608,-0.02061191626,0.01838504126,0.822546345,0.8865901776,-0.9939777801,1.028895255,-0.1597353497,0.6588616266,0.5804778157,-0.1244912897,11.98938992,5.43,-1.983859222,8.497584702,Probable Bankrupt
Jenson & Nicholson (India) Limited,2010,0.13,0.11,0.07897548921,-0.89,3.719076006,0.1850296443,45.36,2.358625731,1.151461988,1.151461988,-10.6,-0.1131578947,3.719076006,-3.222056632,0.4818678589,-0.003601589667,-0.1131578947,0.293715847,0.293715847,0.293715847,0.07897548921,0.05463786531,0.2301169591,3.425360159,8.756140351,5.733109786,5.733109786,-0.05414803775,0.4536761053,1.068128655,0.2426033527,0.0,1.2,0.07110208228,-0.003076056582,-0.01455954051,0.01144026659,-0.8255745944,0.5950292398,0.902260308,0.226403378,0.0,0.1073599145,0.08669280593,3.719076006,-19.30036101,0.08530641423,-6.409090909,12.80643275,-0.425520191,0.4970193741,3.719076006,-0.03033456676,0.02628063848,0.6487013409,0.6807483404,-0.7857573929,2.01403378,-0.1536144578,0.5360158967,0.4707501721,-0.1318223867,10.88235294,5.55,4.808592108,7.861888833,Probable Bankrupt
Jenson & Nicholson (India) Limited,2009,0.13,0.1,0.07056792798,-0.9,3.656230665,0.1768177526,46.37,,1.116564417,1.116564417,-20.31,-0.2029874633,3.656230665,-3.180670709,0.4853359733,,-0.2029874633,0.2580126222,0.2580126222,0.2580126222,0.07056792798,,0.1984529208,3.398218042,7.881034943,5.666625418,5.666625418,-0.08328177206,0.4636802376,0.9994665244,0.2483246463,0.0,2.33,0.4125656952,-0.01460953878,-0.02254112232,0.01766062952,-0.8235281272,0.5705521472,0.9079321866,0.2382130924,0.0,0.1048872944,0.08392295597,3.656230665,-16.42670807,0.09126048218,-6.067752597,11.65830888,-0.4308026836,0.4755599555,3.656230665,-0.02894603743,0.02518107358,0.6452218728,0.6815783193,-0.7834849248,2.010394753,-0.1845484222,0.5686177453,0.5109717868,-0.1458584601,8.349267049,5.54,3.77175625,3.08669806,Probable Bankrupt
Usher Agro Limited,2017,0.59,0.58,0.00175165434,-3.65,1.02582737,0.1732545171,37.4,3.188629534,1.019030614,1.019030614,-93.03,-0.9488307277,1.02582737,-0.416120943,0.375718758,-0.3390141835,-0.9488307277,0.001796894965,0.001796894965,0.001796894965,0.00175165434,-27.31757151,0.03729913339,1.024030475,2.79689065,1.225985497,1.225985497,-0.344388896,0.3740736008,1.019901581,0.9614869599,0.0,1202.42,-0.170491453,-0.0444848319,-0.3335072012,1.513906068,-0.1843296659,-0.2275835039,0.9863196397,-0.1164627524,0.0,0.5810198521,0.4973194453,1.02582737,-0.9545922168,0.3030101685,-1.162279723,3.337717197,-0.8857122663,0.6097064273,1.02582737,-0.03287592362,0.01333592838,0.8367369539,1.841361275,-4.539350461,0.2001581268,-0.4809746143,0.720107654,0.3718614123,-0.8814125324,4.948216341,5.36,6.232711415,8.256305502,Bankrupt
Usher Agro Limited,2016,0.95,0.55,0.06792008054,10.46,0.7286689013,0.08020229691,96.21,1.056172364,1.013766158,1.013766158,-18.46,-0.1880238841,0.7286689013,-0.0370796703,0.9644233178,0.003990075507,-0.1880238841,0.04949125046,0.04949125046,0.04949125046,0.06792008054,-0.4273315742,0.3061755201,0.6791776508,0.7711384064,0.9272243627,0.9272243627,-0.1786349051,0.9621390145,1.018216017,0.9753218796,0.0,-65.44,0.03580033995,0.09122369166,-0.2464783545,-2.467874119,0.07848762414,0.01402494446,0.7106867224,-0.01375353381,0.0,0.5520696062,0.7458704266,0.7286689013,-0.3503296844,1.03416225,-0.1310083237,0.9288906282,2.728323226,0.691589231,0.7286689013,-7.802477079,0.3970435366,0.7858603921,-0.5095066383,10.01253893,0.1985554615,-0.1619550018,1.143058223,1.329595999,-25.4836738,4.906973441,5.42,7.556488414,7.996253786,Bankrupt
Usher Agro Limited,2015,1.19,0.49,0.03402914771,2.31,0.5949567956,0.07836435513,78.74,1.17822808,1.011192938,1.011192938,2.93,0.02971944474,0.5949567956,0.1118223681,0.7882955981,0.1682245789,0.02971944474,0.02024587268,0.02024587268,0.02024587268,0.03402914771,0.1693314268,0.5333554162,0.574710923,0.7653719938,0.7564147859,0.7564147859,0.0285514111,0.7874033665,1.012941593,0.9839365514,4.64,6.05,0.01605887237,0.1070781118,0.05713796852,0.139559467,0.3220259818,0.1714144853,0.5853997377,0.1106666587,0.0,0.4910926366,0.9343804178,0.5949567956,-0.4700823711,1.031974604,0.3844918465,0.9470319072,0.6628398643,0.7067791637,0.5949567956,3.707668416,0.696857764,0.7865483419,0.4590687841,2.442499631,0.1614579903,0.03461674877,0.759744187,1.327884615,6.951590447,6.665656719,5.44,6.69517609,7.410227605,Bankrupt
Usher Agro Limited,2014,1.21,0.42,0.01800311539,2.12,0.5222527789,0.07568706996,88.29,1.037181996,1.011411397,1.011411397,4.8,0.04867596423,0.5222527789,0.1107023556,0.8841862005,0.1914127743,0.04867596423,0.009402177043,0.009402177043,0.009402177043,0.01800311539,0.2819014831,0.4748941019,0.5128506019,0.5989992321,0.7260770028,0.7260770028,0.04212981628,0.882940736,1.012691256,1.121969039,0.0,9.08,-0.01703826466,0.1349561251,0.08422590739,0.1605824069,0.3772643895,0.2130017257,0.5859514485,0.1682384957,0.0,0.4191582923,0.8717465669,0.5222527789,-0.4420895804,1.211947846,0.3057908762,0.8219921227,0.7440931431,0.6329551345,0.5222527789,3.740196397,0.7928125388,0.7192801547,0.404136771,1.906567847,0.2038242239,0.04722780319,0.8420563843,1.4879655,7.875853548,10.01787847,5.44,3.865992884,6.386106401,Probable Bankrupt
Usher Agro Limited,2013,1.34,0.58,0.06171303075,2.13,0.4864845614,0.09800437749,85.29,1.070698791,1.011464955,1.011464955,4.21,0.04271859036,0.4864845614,0.1636543324,0.8549805905,0.1973449909,0.04271859036,0.0300224367,0.0300224367,0.0300224367,0.06171303075,0.2312348668,0.4368105427,0.4564621247,0.5779014056,0.7159353966,0.7159353966,0.056029417,0.852977314,1.013262964,1.299707174,0.0,7.25,-0.02102830613,0.03959657261,0.1564421669,0.2679203887,0.3967740732,0.1855651567,0.6322874746,0.1415559671,0.0,0.580545388,0.9080971509,0.4864845614,-0.2976338891,1.161259032,0.4733101584,0.8148050217,0.8077417333,0.6501388938,0.4864845614,2.246885371,0.7558565154,0.6795090224,0.5761165961,1.712584234,0.2294508351,0.06572686243,0.7989511735,1.331376028,5.143844187,9.478996914,5.42,2.473521635,5.456388753,Probable Bankrupt
Usher Agro Limited,2012,1.36,0.64,0.1227773461,1.88,0.4853412608,0.130633259,89.99,,1.010676334,1.010676334,5.2,0.05255945485,0.4853412608,0.1759381482,0.9020975918,,0.05255945485,0.05958891194,0.05958891194,0.05958891194,0.1227773461,,0.3955351248,0.4257523488,0.5450785464,0.69091857,0.69091857,0.06109749199,0.8999123692,1.010676334,1.334757965,13.51,9.1,-0.02560151859,0.05977170196,0.155345797,0.2439348263,0.4473485639,0.1734499383,0.6478131136,0.138179277,0.0,0.6368560589,0.9571018029,0.4853412608,-0.239479713,1.281792348,0.5443967736,0.7090356418,0.6651234568,0.661279409,0.4853412608,2.001765336,0.7256479408,0.7024579768,0.5692291128,1.570269882,0.2055773092,0.07005025258,0.8410000998,1.374479889,5.060904104,8.911793365,5.41,1.317979708,5.241315001,Probable Bankrupt
Indosolar Limited,2023,0.24,0.24,0.07873286402,56.05,0.8262666463,0.8021596606,0,-7921,0.0,0.0,0.0,-54058.5,0.8262666463,-0.6239093831,0.01729680086,-2.849839278,-54058.5,0.06505433951,0.06505433951,0.06505433951,0.07873286402,0,0.0,0.7612123068,-2699.0,0.9834685443,0.9834685443,-0.09520893923,0.0,0.0,1.21026306,0.0,-45.08,0.0,-0.9056809339,-0.110781771,-5.537037037,0.01680933852,-212.5,1.0,0.0,0.0,0.2449055206,0.2057587549,0.8262666463,9.545667447,-0.00373540856,-0.7859622059,-3000.0,9.509259259,0.2023572631,0.8262666463,0.0,0.0,0.840155642,-37.74074074,49.98148148,0.1572018981,-1.0,0.1125057401,-0.0003061380683,0.0004906771344,6.699034141,10.05,0.2298150623,7.002951544,Financial Distress
Indosolar Limited,2020,0.02,0.01,0.003853970156,-0.04,4.910699376,1.615728678,0,-823.1612903,0.0,0.0,0.0,26.90322581,4.910699376,-4.828992883,0.003220547891,-0.02918373027,26.90322581,0.01892568884,0.01892568884,0.01892568884,0.003853970156,0,-17.32258065,4.891773687,-3984.16129,4.935509522,4.935509522,-0.03315971532,0.0,0.0,0.1992891206,0.0,0.84,0.0,0.0,-0.006752544349,0.008425774383,-0.797386674,-23.06451613,0.9786489603,0.0,0.0,0.0122906023,0.01655482426,4.910699376,163.5268097,0.0,-5.274187945,-3988.935484,-0.006304176517,0.08170649278,4.910699376,-0.004421427042,0.004347861289,0.9949731337,1.227031177,-1.247792528,0.02481014671,-1.0,0.03638026321,-0.001259445844,0.0002552406672,3.729505735,8.0,6.894875427,3.871436941,Bankrupt
Indosolar Limited,2019,0.02,0.01,0.003824928485,-0.04,4.767278347,1.567138405,5.1,58.01909722,1.527777778,1.527777778,-3970.27,-60.7650463,4.767278347,-4.691983774,0.06231408151,-1.873169789,-60.7650463,0.01823449874,0.01823449874,0.01823449874,0.003824928485,-3.96461825,0.6215277778,4.749043848,142.8252315,4.791732664,4.791732664,-0.3740390187,0.05107204945,1.530092593,0.2054116255,0.0,4.7,-0.1704545455,0.02616218134,-0.07845965592,0.09864593628,-0.7913072222,3.0,0.9792543944,0.006876569442,0.0,0.01144237081,0.01571343341,4.767278347,70.59548611,0.01064224326,-5.115491534,143.0115741,-0.006449377987,0.07529457215,4.767278347,-0.004421499852,0.004351666518,0.9948965606,1.237424732,-1.257282295,0.02445431717,-0.8831341301,0.4363531003,0.03408552943,-0.007113921549,3.938826467,5.27,5.36166639,6.453851345,Bankrupt
Indosolar Limited,2018,0.05,0.02,0.00720404767,-0.74,1.203853601,0.5439460834,42.23,3.116476226,1.048855678,1.048855678,-51.83,-0.5456555976,1.203853601,-1.144315065,0.4281718926,-0.5010756736,-0.5456555976,0.008672618727,0.008672618727,0.008672618727,0.00720404767,-0.3743435859,0.08933418222,1.195180982,3.000134035,1.613846609,1.613846609,-0.1327112354,0.422363255,1.052575143,0.8008890577,0.0,29.8,-0.01188460433,0.02435325974,-0.1102163448,0.2161522791,-0.3803624245,0.4199979895,0.9641531759,0.1307346851,0.0,0.01967989456,0.0368923141,1.203853601,-5.070830204,0.2607706728,-1.244188766,4.00026807,-0.667907914,0.05953853601,1.203853601,-0.03132600905,0.02977673037,0.7459529265,1.864171029,-1.96116356,0.4099930081,-0.2496284221,0.5608831281,0.4161855354,-0.3506609482,3.328173375,5.33,5.327608862,6.795383419,Bankrupt
Indosolar Limited,2017,0.05,0.03,0.006822259572,-0.2,1.26309142,0.352698444,39.62,2.599976562,1.036563928,1.036563928,-13.09,-0.1357787414,1.26309142,-1.195757717,0.3988695605,0.01271968326,-0.1357787414,0.008617137534,0.008617137534,0.008617137534,0.006822259572,0.2811135371,0.08587835462,1.254474283,3.30502754,1.267847865,1.267847865,-0.05175657034,0.3962002186,1.036704559,0.7657241736,0.0,-16.46,0.01325042397,0.03858979794,-0.04087682347,0.1927630259,-0.2112618341,0.3918434314,0.9671796342,0.1236586109,0.0,0.02732449702,0.05310866186,1.26309142,-5.286006089,0.3123569309,-1.31467402,3.294925583,-0.0177580095,0.06733370358,1.26309142,-0.02744733767,0.02598415704,0.9962484103,4.464316768,-4.715704635,0.004756444938,-0.1208976882,0.4506261309,0.3951414229,-0.3196071675,4.948216341,5.36,6.232711415,8.256305502,Bankrupt
Indosolar Limited,2016,0.06,0.03,0.0009917589553,-2.27,0.7684588724,0.343688221,23.37,4.507468728,1.042019188,1.042019188,-54.82,-0.5718738615,0.7684588724,-0.7227131684,0.2357509663,-0.02050481772,-0.5718738615,0.0007621259685,0.0007621259685,0.0007621259685,0.0009917589553,0.1556567957,0.1066267255,0.7676967464,3.42865239,1.216189733,1.216189733,-0.1281732566,0.2337912138,1.043112173,1.270207089,0.0,-6.29,-0.03686725457,0.01207048327,-0.1667926043,0.5928739298,-0.1777598735,0.3894263855,0.9761019071,0.06317479903,0.0,0.02843042339,0.03761395342,0.7684588724,-5.455811178,0.1920310938,-0.7644383025,5.422904101,-2.071008897,0.04574570397,0.7684588724,-0.03306718891,0.03109872724,0.6318577205,3.342957865,-3.554557663,0.4477308607,-0.35825584,0.3639242229,0.229615928,-0.3101210204,4.906973441,5.42,7.556488414,7.996253786,Probable Bankrupt
Indosolar Limited,2015,0.11,0.08,0.03929269935,-6.43,0.5545795622,0.3429838339,26.31,4.058515361,1.036902859,1.036902859,-26.41,-0.2776416267,0.5545795622,-0.4931097637,0.2666210281,-0.03181955582,-0.2776416267,0.021790928,0.021790928,0.021790928,0.03929269935,-0.6510791367,0.07899129817,0.5327886342,2.215521222,1.086256868,1.086256868,-0.06949803517,0.2631359021,1.05121648,1.767514188,0.0,4.92,0.02832773858,0.06468325422,-0.125316618,0.8057101629,-0.07940743166,0.474160895,0.9802272444,0.09470296414,0.0,0.07518676456,0.05658863971,0.5545795622,-3.896521445,0.2389425438,-0.5311829605,4.252495116,-6.163883735,0.06146979854,0.5545795622,-0.04009808164,0.03565359582,0.5105418235,5.716759431,-6.429396001,0.5316773058,-0.2278209808,0.3361190633,0.2553648847,-0.5076265686,6.665656719,5.44,6.69517609,7.410227605,Probable Bankrupt
Indosolar Limited,2014,0.14,0.05,0.005448583615,-15.76,0.3494920599,0.3159522216,1.35,93.90905383,1.255301794,1.255301794,-874.06,-11.17047308,0.3494920599,-0.3011968257,0.01558716837,0.0159318266,-11.17047308,0.001904236711,0.001904236711,0.001904236711,0.005448583615,-0.1015795207,2.995106036,0.3475878232,33.08401305,1.035646277,1.035646277,-0.1180109774,0.01350198609,1.278140294,2.770765021,0.0,-7.44,0.1130604288,-0.01889445397,-0.3376642588,3.310611554,-0.03441935538,3.634584013,0.9683603746,0.01238184685,0.0,0.04765661596,0.04663294341,0.3494920599,11.95913313,0.01280429972,-0.329546633,97.85725938,-19.24897269,0.04829523424,0.3494920599,-0.105046344,0.09053031237,0.3374627685,8.44960116,-9.804447667,0.6861542173,-0.9007416962,0.1335981457,0.01090892913,-0.03507266278,10.01787847,5.44,3.865992884,6.386106401,Probable Bankrupt
Indosolar Limited,2013,0.51,0.23,0.02034061918,10.33,0.1269876016,0.3278326111,4.66,,1.202036199,1.202036199,-232.72,-2.802941176,0.1269876016,-0.06239492855,0.04885822359,,-2.802941176,0.002583006444,0.002583006444,0.002583006444,0.02034061918,,0.915158371,0.1244045951,3.281221719,0.9163105912,0.9163105912,-0.1093005744,0.0466079434,1.204298643,7.595876715,0.0,-12.42,-0.1144362883,-0.0247682752,-0.860718472,-1.306026365,0.09133301481,0.7990950226,0.9645821659,-0.00330975063,0.0,0.2297455699,0.07049211658,0.1269876016,-12.57995495,0.05076923077,-0.06970624774,23.60972851,9.431575643,0.06459267302,0.1269876016,-0.5676396295,0.2789078122,0.1385857621,-0.7455534631,1.51736765,0.7893229896,-0.7059181753,0.158158798,0.04012236413,-0.6202638226,9.478996914,5.42,2.473521635,5.456388753,Probable Bankrupt
KHAITAN ELECTRICALS LTD.,2018,0.1,0.06,0.004134198592,-0.82,4.188811923,0.7178526841,39.67,4.486387435,1.318673647,1.318673647,-121.16,-1.598603839,4.188811923,-3.76290932,0.4488874895,-0.6980478589,-1.598603839,0.01731738035,0.01731738035,0.01731738035,0.004134198592,-1.132343847,0.5643979058,4.171494542,13.93054101,5.06759026,5.06759026,-0.4806884971,0.3967254408,1.319371728,0.1982160307,0.0,10.67,-0.01376389624,0.0722392511,-0.1147553306,0.1181752503,-0.8026675503,0.9113438045,0.8302896725,0.2562972292,0.0,0.06116108341,0.08404440394,4.188811923,-147.519685,0.07824538149,-22.38014981,16.79546248,-0.2160439674,0.4259026029,4.188811923,-0.04510082838,0.0405151462,0.8265885179,0.9250954691,-1.029801837,0.8787783375,-0.5869933386,0.9295759866,0.3621539628,-0.07990963099,3.328173375,5.33,5.327608862,6.795383419,Bankrupt
KHAITAN ELECTRICALS LTD.,2017,0.24,0.16,0.01555852068,-1.01,2.455096112,0.6428172163,44.65,5.001850606,1.305181696,1.305181696,-413.57,-5.026581427,2.455096112,-1.857345942,0.4693738797,-1.675258051,-5.026581427,0.03819766364,0.03819766364,0.03819766364,0.01555852068,-4.336426914,0.5800807537,2.416898449,6.682537012,3.11879597,3.11879597,-1.846282218,0.4465047284,1.215343203,0.3205105612,0.0,103.88,-0.06328950761,0.01236647575,-0.7518441127,0.8711785298,-0.6793634436,0.6233176312,0.7868842326,0.2167624699,0.0,0.1566677576,0.1916605561,2.455096112,-14.96114337,0.1536098615,-16.79709335,8.385094213,-0.313243874,0.59775017,2.455096112,-0.1147420965,0.08680546814,0.7871935631,0.8766044341,-1.158722287,0.6636998578,-0.8126518084,2.315656097,0.4668918388,-0.1978036606,4.948216341,5.36,6.232711415,8.256305502,Bankrupt
KHAITAN ELECTRICALS LTD.,2016,1.09,0.58,0.03445499472,-6.26,0.832151191,0.5891393443,65.29,1.759778189,1.083068392,1.083068392,-33.47,-0.3497597043,0.832151191,0.0780676016,0.6778873923,-0.1995702701,-0.3497597043,0.0286717649,0.0286717649,0.0286717649,0.03445499472,-0.230923913,0.6802218115,0.8034794261,1.331534196,1.104013123,1.104013123,-0.2126007901,0.6529353326,1.044768946,0.6908490199,0.0,-69.71,-0.02833054579,0.04043109762,-0.2554833694,2.043980453,-0.09421366538,0.8181515712,0.5748908347,0.5062495668,0.0,0.5829585207,0.8244637439,0.832151191,-3.053669445,0.6131003453,1.731045082,1.720665434,-2.613727232,0.9102187926,0.832151191,5.445398047,0.5108556833,0.7537511771,-0.7505553088,-8.000444247,0.2718619319,-0.2720078873,0.8904881824,1.08708757,8.00532702,4.906973441,5.42,7.556488414,7.996253786,Bankrupt
KHAITAN ELECTRICALS LTD.,2015,1.3,0.68,0.05870995812,7.08,0.7082683307,0.5445075758,82.81,1.311068749,1.064569739,1.064569739,-11.37,-0.1195591075,0.7082683307,0.2108780648,0.8509273704,-0.06640858227,-0.1195591075,0.04158240404,0.04158240404,0.04158240404,0.05870995812,-0.04953861098,0.5535352054,0.6666859267,0.8987462424,0.9141195277,0.9141195277,-0.09294890314,0.8281812754,1.050907936,0.7959971719,0.0,-32.29,-0.008953373585,-0.01045046564,-0.1294392778,-1.067503925,0.09394884329,0.9322042183,0.5637795882,0.7289343426,0.0,0.6818404307,1.005499136,0.7082683307,-4.217736121,0.9163752054,5.184185606,1.107192609,2.396949989,0.9191463955,0.7082683307,2.068590739,0.6158971012,0.7748093211,2.455483292,8.247140614,0.205851197,-0.1292672475,0.9438762736,1.397820443,3.737053612,6.665656719,5.44,6.69517609,7.410227605,Probable Bankrupt
KHAITAN ELECTRICALS LTD.,2014,1.28,0.68,0.0681709916,2.96,0.7203489317,0.5083996463,92.77,1.113057293,1.055086718,1.055086718,-3.23,-0.03363487341,0.7203489317,0.1984503964,0.9488341852,0.01334681862,-0.03363487341,0.04910690097,0.04910690097,0.04910690097,0.0681709916,0.04425560557,0.4810677352,0.6712420307,0.8071762492,0.8311329444,0.8311329444,-0.03108237461,0.9278115913,1.039645437,0.7922276545,0.0,-10.73,-0.002992231706,0.00845303027,-0.04462830638,-0.1903743316,0.2031769487,0.9303422176,0.5706803446,0.8268706316,0.0,0.6795035728,1.105478172,0.7203489317,-3.713829169,1.134183707,4.857648099,0.8762876166,0.6560427807,0.9187993281,0.7203489317,2.163360029,0.5959884668,0.8667072296,1.175187166,4.265775401,0.1107840127,-0.05754096246,0.9799165598,1.563801506,4.496996724,10.01787847,5.44,3.865992884,6.386106401,Probable Bankrupt
KHAITAN ELECTRICALS LTD.,2013,1.26,0.7,0.06041908335,2.17,0.7416620904,0.5088495575,93.68,1.057430816,1.047172821,1.047172821,1.58,0.01618948879,0.7416620904,0.1900421014,0.9615229727,0.05833790957,0.01618948879,0.04481054366,0.04481054366,0.04481054366,0.06041908335,0.1124169198,0.4529667438,0.6968515468,0.8078196028,0.7984257734,0.7984257734,0.008072487644,0.9368478858,1.020416301,0.7875953304,0.0,5.75,0.006054605689,0.05995231327,0.01322901498,0.04867417363,0.2524645788,0.8792965946,0.5841295991,0.8038623467,0.0,0.6955105264,1.166926498,0.7416620904,-2.037826231,1.201957907,4.59380531,0.8208389824,0.2816018888,0.9317041918,0.7416620904,2.188306685,0.5607275958,0.9289054977,0.942789684,3.6793498,0.05676368296,-0.02449747538,0.9534504851,1.57174642,4.831053747,9.478996914,5.42,2.473521635,5.456388753,Probable Bankrupt
KHAITAN ELECTRICALS LTD.,2012,1.26,0.73,0.05421270718,2.49,0.7318391229,0.4734458625,85.79,1.183307785,1.053627834,1.053627834,-3.67,-0.03769509476,0.7318391229,0.1937095426,0.8792255506,0.01922516183,-0.03769509476,0.03967498008,0.03967498008,0.03967498008,0.05421270718,0.1818001488,0.4683435526,0.6921641428,0.8743961353,0.8017028556,0.8017028556,-0.03211321268,0.8579204168,1.025037161,0.830801105,0.0,-11.76,0.002138212278,0.02412589108,-0.04465044624,-0.1647877659,0.2473449396,0.7862318841,0.608012752,0.6544913788,0.0,0.7290692733,1.154478444,0.7318391229,-1.10821382,1.10067407,4.102511322,0.9104654404,0.3523184002,0.9255486655,0.7318391229,2.023582539,0.535619422,0.9128558266,0.9768650132,3.690618567,0.06986373267,-0.07277846508,0.9113387633,1.376558603,4.320722529,8.911793365,5.41,1.317979708,5.241315001,Probable Bankrupt
KHAITAN ELECTRICALS LTD.,2011,1.34,0.87,0.06527385336,1.98,0.6944345344,0.4565303692,92.34,0.9924015111,1.04267674,1.04267674,1.18,0.01189422558,0.6944345344,0.2335791018,0.9425417212,0.1776271455,0.01189422558,0.04532841796,0.04532841796,0.04532841796,0.06527385336,0.09103582035,0.3561575823,0.6491061165,0.7563302752,0.7656677369,0.7656677369,0.01892813256,0.9234748484,1.005785213,0.9691183606,31.32,3.57,0.001966792265,-0.05780331858,0.0366469732,0.1086018777,0.3060495457,0.7519913654,0.6729892575,0.6869425615,0.0,0.8654565174,1.212031788,0.6944345344,-0.4103055096,1.241826512,4.678443827,0.7845439827,0.3039837605,0.9280136362,0.6944345344,1.4,0.4709021891,0.9069659082,0.9967859257,2.96346105,0.07123320252,-0.01291845494,0.9236135886,1.364305699,3.930844294,11.98938992,5.43,-1.983859222,8.497584702,Probable Bankrupt
KHAITAN ELECTRICALS LTD.,2010,1.38,0.84,0.06615611405,1.46,0.6703219898,0.4672897196,85.95,,1.049563503,0.8970994086,1.0,0.01010982822,0.6703219898,0.253832064,0.8609370481,,0.01010982822,0.044345898,0.044345898,0.044345898,0.06615611405,,0.4223317375,0.6259760918,0.7832441566,0.7234647643,0.7234647643,0.0133760725,0.8595632893,1.004364968,0.9526120879,0.0,2.62,0.01848671854,-0.03697781331,0.02736130586,0.06632386265,0.3822373243,0.7018304703,0.6385568302,0.5966692374,0.0901792258,0.8394635602,1.277400227,0.6703219898,-0.4217038156,1.144546605,4.279561154,0.7935229513,0.1921736099,0.9241540538,0.6703219898,1.423946069,0.5392082839,0.9265440736,0.9179013422,2.424002092,0.05314277451,0.01416100321,0.8475609756,1.340252878,3.37162932,10.88235294,5.55,4.808592108,7.861888833,Probable Bankrupt
SEL Manufacturing Company Limited,2023,0.5,0.2,0.01896434249,6.27,0.1438042981,0.02971300448,0.42,2.663512962,1.092508675,1.092508675,-33.53,-0.3794856093,0.1438042981,-0.07181233261,0.4688663531,-0.1308625645,-0.3794856093,0.002727153962,0.002727153962,0.002727153962,0.01896434249,0.321564161,0.1075321494,0.1410771442,0.3595019392,0.8788131165,0.8788131165,-0.1601427265,0.4526504017,1.131598285,6.654780831,0.0,-14.58,0.0001868390568,0.04103874384,-1.113615717,-1.321452634,0.1378983555,0.347458665,0.9569860866,0.05603729832,0.0,0.2015103339,0.08191953916,0.1438042981,-0.4399086587,0.4972777107,-0.07887892377,2.190161257,6.065085568,0.07199196551,0.1438042981,-0.5989766913,0.2991142403,0.1636346743,-0.5925751246,1.186632529,0.7350088183,-0.3052339166,0.6290090796,0.4179891471,-5.570210347,6.699034141,10.05,0.2298150623,7.002951544,Financial Distress
SEL Manufacturing Company Limited,2022,1.14,0.86,0.05774175953,3.85,0.09265770872,0.02718403584,0.29,4.250036927,1.241115477,1.241115477,-31.24,-0.3877876577,0.09265770872,0.0126571311,0.3080888671,-0.07753124571,-0.3877876577,0.005350219135,0.005350219135,0.005350219135,0.05774175953,0.3673754896,0.1055803374,0.08730748958,0.3791025376,0.8095726323,0.8095726323,-0.09711261453,0.3033451505,1.241115477,10.51390945,0.0,-8.35,-0.0101159165,0.03221404682,-1.048079171,-0.5099719421,0.235219621,1.189595581,0.9741947595,0.2144708626,0.0,0.8581002104,0.1300869565,0.09265770872,0.2837332502,0.3746978818,0.01438382579,3.290419781,3.764768332,0.1053148398,0.09265770872,2.038790645,0.2785007403,0.1144526198,0.06646697505,0.4865776901,0.7169149236,-0.2513720599,0.4052014816,0.2508875301,19.31032516,5.131407472,7.33,0.1472360633,9.050277908,Financial Distress
SEL Manufacturing Company Limited,2021,1.27,1.08,0.1070814713,2.3,0.07796994043,0.02502454868,0.09,15.20389666,1.358692549,1.358692549,1316.85,17.8925207,0.07796994043,0.02118777515,0.1291301755,-0.8550158473,17.8925207,0.008349135938,0.008349135938,0.008349135938,0.1070814713,-0.8540468819,0.16136169,0.06962080449,0.8304310591,0.7211013355,0.7211013355,-0.1664734617,0.1275689005,1.358692549,12.63114472,0.0,-17.92,0.02337430402,-1.139525159,-2.135097972,-0.5968958724,0.3867676439,1.968812446,0.9848496016,0.1130014675,0.0,1.077432107,0.1375087116,0.07796994043,-0.06637200737,0.1769084235,0.02388397915,7.591278904,2.305967998,0.09915771558,0.07796994043,0.7150537634,0.1943107597,0.1081261906,0.07596943924,0.2795636923,0.643131395,-0.5684461068,0.2956036372,0.09533529284,4.431372549,6.623436776,5.98,4.203910403,-5.83105322,Financial Distress
SEL Manufacturing Company Limited,2020,0.05,0.04,0.0006649171956,-0.99,1.629782146,0.1356657386,0.12,11.62349914,1.344082333,1.344082333,-166.57,-2.238841243,1.629782146,-1.542167413,0.1631465447,-0.2030472805,-2.238841243,0.001083670174,0.001083670174,0.001083670174,0.0006649171956,-0.7347328244,0.1597865447,1.628698476,17.19778921,2.197217135,2.197217135,-0.04510957712,0.1273745923,1.344082333,0.6042878294,0.0,7.01,-0.007770404401,0.09863202421,-0.02767828646,0.03767869319,-0.5448788451,1.63746903,0.9848575154,0.1027788915,0.0,0.04446744565,0.03987531873,1.629782146,25.77858168,0.05797087154,-1.747989682,23.17404231,-0.4739616334,0.08761473358,1.629782146,-0.009818962872,0.009291109614,0.7417483326,1.288126746,-1.361308737,0.5674349888,-0.3883752797,0.2082561218,0.09622402758,-0.06145049879,3.729505735,8.0,6.894875427,3.871436941,Financial Distress
SEL Manufacturing Company Limited,2019,0.14,0.12,0.001468195095,-1.44,1.169783335,0.1220617326,18.21,7.281058685,1.236245955,1.236245955,-61.38,-0.7677735865,1.169783335,-1.009944513,0.2097055079,-0.121171723,-0.7677735865,0.001717470154,0.001717470154,0.001717470154,0.001468195095,-0.5675192519,0.1498979655,1.168065864,8.030713417,1.829354928,1.829354928,-0.03711777281,0.1821749418,1.250654464,0.8361935759,0.0,20.65,0.002050888718,0.08632725112,-0.03173046813,0.04475499158,-0.4533592225,1.138024859,0.9781653095,0.1218382936,0.0,0.1179740961,0.08737441794,1.169783335,51.31899642,0.098436964,-1.239073016,12.54696679,-0.7952826602,0.159838822,1.169783335,-0.02161969319,0.0186655852,0.6394512715,1.217747045,-1.410473725,0.6595715933,-0.2704247968,0.2468232807,0.1489152055,-0.1442293971,3.938826467,5.27,5.36166639,6.453851345,Financial Distress
SEL Manufacturing Company Limited,2018,0.23,0.19,0.001403809841,-1.85,0.9176093454,0.115521389,33.81,4.465157347,1.111987951,1.111987951,-200.2,-2.22628348,0.9176093454,-0.7091193453,0.3527948281,-0.7153940504,-2.22628348,0.001288149029,0.001288149029,0.001288149029,0.001403809841,-8.046758488,0.1003972203,0.9163211963,3.017808859,1.6204888,1.6204888,-0.1078777946,0.3381163565,1.111987951,1.056520128,0.0,-127.48,-0.006558208057,0.05447721605,0.03253278232,-0.04811107802,-0.3829022454,0.5622913712,0.9694727427,0.1309894913,0.0,0.1939417288,0.1286587109,0.9176093454,-5.557417953,0.1236578598,-0.9231530872,5.325183417,-1.132783468,0.2084900001,0.9176093454,-0.04304953397,0.03326825026,0.5662546666,1.142839879,-1.478849167,0.702879455,-0.2660376591,0.4606726227,0.3136393144,-0.4287920903,3.328173375,5.33,5.327608862,6.795383419,Bankrupt
SEL Manufacturing Company Limited,2017,0.83,0.51,0.004552780892,40.28,0.5027063314,0.1089970691,32.53,3.443909469,1.066935946,1.066935946,-27.48,-0.2932536757,0.5027063314,-0.08351924563,0.3408447626,-0.100492557,-0.2932536757,0.00228871178,0.00228871178,0.00228871178,0.004552780892,-0.6590803305,0.5279313593,0.5004176196,1.648446779,0.9704902933,0.9704902933,-0.1350527294,0.3253701983,1.066935946,1.668973078,0.0,-22.54,-0.01960069286,0.08320182487,-0.3594057161,-6.122579621,0.03040700864,0.3314442806,0.8390033332,0.07643610419,0.0,0.5136008894,0.4319333111,0.5027063314,-1.199306242,0.3822737853,-0.1759775526,3.174873039,15.85186753,0.4191870858,0.5027063314,-1.927659495,0.320259875,0.5179921272,-2.830229605,17.03528727,0.4677839618,-0.3163019267,0.4758974919,0.3634759988,-3.651344935,4.948216341,5.36,6.232711415,8.256305502,Bankrupt
SEL Manufacturing Company Limited,2016,1.22,0.62,0.0188808241,8.17,0.4004758095,0.1046007273,34.97,3.082077681,1.059021466,1.059021466,-15.0,-0.1616863026,0.4004758095,0.08906602885,0.3704915847,-0.001061137403,-0.1616863026,0.007561313314,0.007561313314,0.007561313314,0.0188808241,0.154414902,0.7476707803,0.3929144962,1.233643022,0.8984074427,0.8984074427,-0.06563446937,0.3497185432,1.077288142,1.890962355,0.0,0.78,-0.01824311499,0.03782147544,-0.1995734988,-0.7867147026,0.1130807164,0.5354670675,0.7572846799,0.1207554504,0.0,0.6163331527,0.5448995801,0.4004758095,-1.018889934,0.3985703255,0.1981936763,2.744200986,4.901260944,0.4895418383,0.4004758095,2.725116672,0.6060673688,0.4457619009,0.8766983648,3.941979808,0.4979316332,-0.2117218071,0.436126054,0.4286744609,3.644808308,4.906973441,5.42,7.556488414,7.996253786,Bankrupt
SEL Manufacturing Company Limited,2015,1.43,0.78,0.04371547952,4.94,0.3160991537,0.0947136438,40.57,,1.049831991,1.049831991,-5.22,-0.05611683655,0.3160991537,0.1359352769,0.4276130444,,-0.05611683655,0.01381842608,0.01381842608,0.01381842608,0.04371547952,,0.5431548122,0.3022807276,0.8374387565,0.8550872101,0.8550872101,-0.03221134497,0.4057835874,1.075038952,2.514973818,0.0,-3.09,0.02760453174,-0.08158516657,-0.1367952442,-0.2983923018,0.169471357,0.4890728539,0.7949810955,0.1326447031,0.0,0.7814495015,0.5286413189,0.3160991537,-0.3582167421,0.4763239276,0.2741879238,2.22876612,3.719396037,0.4520344306,0.3160991537,1.50820971,0.6485904885,0.3696689062,0.9380488568,2.181306108,0.5389880564,-0.1393323389,0.4598243894,0.4748030233,2.776758442,6.665656719,5.44,6.69517609,7.410227605,Probable Bankrupt
Amtek Auto Limited,2019,0.13,0.08,0.01594205366,-0.31,2.372316779,0.01595221725,80.51,1.527369599,1.183219724,0.527734593,-7.8,-0.09306734832,2.372316779,-2.072581799,0.8103500787,-0.0631151196,-0.09306734832,0.03781960138,0.03781960138,0.03781960138,0.01594205366,0.1506694904,0.1458781791,2.334497177,3.512556805,2.506098823,2.506098823,-0.04594183024,0.8051119394,1.19208423,0.3799983828,0.0,2.43,0.001836114176,0.02107479579,-0.01819547528,0.0286604243,-0.6009734369,0.8543410667,0.9014765394,0.4938288224,0.08832506805,0.08481646353,0.1196022189,2.372316779,-22.06959839,0.2294391827,-3.957451115,3.654643028,-0.08882686994,0.2997349801,2.372316779,-0.04753658487,0.04153048255,0.9466174107,1.376126033,-1.575140185,0.1337820443,-0.0667609896,0.8562919089,0.7491950431,-0.3258649455,3.938826467,5.27,5.36166639,6.453851345,Bankrupt
Amtek Auto Limited,2018,0.13,0.1,0.01521221334,-0.31,2.266641237,0.01443515374,73.45,4.102738103,1.162799197,0.5820914331,-207.23,-2.424065771,2.266641237,-1.966742851,0.7509575755,-3.153014226,-2.424065771,0.03451861653,0.03451861653,0.03448063007,0.01521221334,-1.855560024,0.1253367812,2.232160607,3.609318725,2.392569531,2.392569531,-0.4770941621,0.7345854094,1.169727626,0.4064555368,0.0,25.6,-0.005518407335,0.0212862232,-0.1925139291,0.3133488136,-0.582039315,0.8904733461,0.9212888807,0.3980601579,0.07621151932,0.09758371256,0.1253457349,2.266641237,-29.7380399,0.2119724669,-3.612701772,3.754936727,-0.09042873006,0.2998983862,2.266641237,-0.0400210527,0.03472588339,0.9473669239,1.412312137,-1.627668268,0.1259282942,-0.4053716516,1.228051738,0.6816504431,-0.3193081259,3.328173375,5.33,5.327608862,6.795383419,Bankrupt
Amtek Auto Limited,2017,0.43,0.37,0.01095995002,1.64,0.8375839545,0.003652403046,17.31,6.508390406,1.141328519,0.6593606658,-45.82,-0.5277867229,0.8375839545,-0.4770579266,0.1749222815,0.04353725059,-0.5277867229,0.00928659003,0.00928659003,0.00917987828,0.01095995002,-1.166970642,0.3600774889,0.8284040762,5.57263191,0.8908167298,0.8908167298,-0.05338255286,0.1731028461,1.151691647,1.129294831,0.0,-0.81,-0.02306516542,0.05583967869,-0.09062172816,-0.6951917203,0.1225653566,0.8439597443,0.9458792305,0.0998551388,0.04066003082,0.3658203536,0.4047140291,0.8375839545,-22.64832058,0.1771917245,-0.9208234054,5.865725609,0.4875543222,0.3605260279,0.8375839545,-0.1134469558,0.06461533701,0.9402427306,-4.369331728,7.671358012,0.05323277529,-0.248613214,0.2283048343,0.1589030752,-0.3150626164,4.948216341,5.36,6.232711415,8.256305502,Bankrupt
Amtek Auto Limited,2016,0.74,0.4,0.04891763095,2.62,0.3597077525,0.003060054679,6.03,17.75456408,1.046005641,0.9283569314,-45.12,-0.4795405751,0.3597077525,-0.09387469348,0.06065059168,-0.0166022886,-0.4795405751,0.01839815369,0.01839815369,0.01759605109,0.04891763095,-0.03564221301,2.159079747,0.3421117015,6.333875924,0.781258293,0.781258293,-0.0255891848,0.06034815955,1.062634186,2.439156481,0.0,-7.57,-0.0995016199,0.04485364321,-0.1222519834,-0.2010361297,0.2799864129,0.5193227902,0.8773834959,0.01763111568,0.00427605004,0.3981469789,0.3402627037,0.3597077525,-7.930607657,0.09529359082,-0.1603843075,13.44686584,1.927161245,0.2658330591,0.3597077525,-1.306172085,0.3408781246,0.4604210359,-0.4291577256,1.644440639,0.4215505404,-0.3111785688,0.08623977648,0.06472779095,-0.6049670406,4.906973441,5.42,7.556488414,7.996253786,Bankrupt
Amtek Auto Limited,2015,0.92,0.54,0.07247113789,2.06,0.3244994748,0.003181339163,58.63,2.220169184,1.19471332,0.9430777045,-4.2,-0.0501945488,0.3244994748,-0.02553736889,0.5962976028,-0.1792138971,-0.0501945488,0.02462764373,0.02462764373,0.02351684618,0.07247113789,-0.08168048875,0.2545211033,0.3009826286,0.66119598,0.7411387047,0.7411387047,-0.01020373767,0.5863372686,1.19471332,2.696728598,0.0,-5.72,-0.01138619752,0.1358318499,-0.02347258492,-0.02942441228,0.3492751002,0.539589403,0.8750870138,0.2178264585,0.08331561673,0.5363617916,0.4033821254,0.3244994748,-0.6658311549,0.7043242254,-0.04611278573,1.462217122,1.60950763,0.2989621059,0.3244994748,-4.891380422,0.3849404881,0.4378390613,-0.09865271229,1.253565058,0.4166392299,-0.03324654141,0.6065013405,0.5608317018,-19.21797587,6.665656719,5.44,6.69517609,7.410227605,Bankrupt
Amtek Auto Limited,2014,1.04,0.62,0.09415917781,2.08,0.2719261625,0.002198560008,51.36,2.114250492,1.158188665,0.9368670726,6.08,0.07052740047,0.2719261625,0.01088729728,0.5220664293,0.1245442991,0.07052740047,0.03833638242,0.03833638242,0.02560434388,0.09415917781,0.3093721354,0.258341171,0.2463218186,0.6130990164,0.6997585549,0.6997585549,0.04542085362,0.5136883125,1.158188665,3.256099469,1.77,3.87,-0.06945513886,0.1043358065,0.2175579144,0.1970403812,0.4290643436,0.6151366745,0.8854186333,0.2401543999,0.07014003021,0.6186682867,0.4041586312,0.2719261625,-0.6074730504,0.6443199415,0.0163444923,1.519983513,1.424961142,0.2828134598,0.2719261625,10.5243169,0.4213694102,0.3885999829,0.03626180681,0.9056916257,0.4278323925,0.07771547399,0.4766455757,0.5009238584,40.73805526,10.01787847,5.44,3.865992884,6.386106401,Probable Bankrupt
Amtek Auto Limited,2013,1.16,0.77,0.3027206305,2.13,0.2312390892,0.002430405192,38.99,2.418574017,1.108911693,0.9426628833,5.38,0.05967582065,0.2312390892,0.03686992521,0.4014117715,0.2990917492,0.05967582065,0.07354469914,0.07354469914,0.07000084287,0.3027206305,0.2504368353,0.2570587613,0.1612382463,0.657612017,0.693779154,0.693779154,0.03748385446,0.3899316363,1.108911693,3.933631065,3.1,8.53,0.06119337152,0.1658052014,0.2195829571,0.165815501,0.4413808691,0.5137212602,0.9096092646,0.1519628651,0.04213071324,0.7685477383,0.3864472042,0.2312390892,-0.3130011169,0.5007500083,0.05398367982,1.773939323,1.510478699,0.2681090144,0.2312390892,2.451611575,0.3908972991,0.3333035993,0.1204030545,0.7551383005,0.4625400649,0.07145293902,0.363927917,0.3865775543,9.537164041,9.478996914,5.42,2.473521635,5.456388753,Probable Bankrupt
Amtek Auto Limited,2012,1.61,1.16,0.3010391766,1.33,0.2186702707,0.004416591405,40.29,2.375356357,1.068903284,0.9537684716,9.37,0.1002066294,0.2186702707,0.1325856269,0.4128845289,0.2090943562,0.1002066294,0.06915480827,0.06915480827,0.06582831823,0.3010391766,0.1870240343,0.2564230413,0.1528419525,0.5800638568,0.6050593416,0.6050593416,0.0540347437,0.4029511021,1.068903284,4.131035337,2.35,4.03,-0.02343510547,0.1230310995,0.3156793044,0.1747849392,0.6527304533,0.4865619055,0.9033346153,0.1548488969,0.03586679964,1.164266693,0.5805313189,0.2186702707,0.1855825903,0.6053201718,0.2450752653,1.430411305,0.9783471587,0.3512558976,0.2186702707,0.7290789124,0.442060022,0.3614030156,0.3357102494,0.5536788022,0.386389071,0.1228963167,0.3588497852,0.4173162385,2.84326599,8.911793365,5.41,1.317979708,5.241315001,Probable Bankrupt
Amtek Auto Limited,2011,3.11,2.28,0.8006753058,1.08,0.1188637906,0.005285751369,34.47,,1.080048495,0.9728708452,6.4,0.06922301139,0.1188637906,0.2510720281,0.3501116032,,0.06922301139,0.09825468826,0.09825468826,0.09517130191,0.8006753058,,0.3113061391,0.02369248871,0.3724030642,0.5332046192,0.5332046192,0.04529810976,0.3447304023,1.080048495,7.577052279,11.09,2.01,0.1122214827,-0.007304858045,0.4689572518,0.1194142849,0.8754526199,0.4947042036,0.9006371556,0.1331732511,0.0320786926,2.276327996,0.6937971004,0.1188637906,0.9406538901,0.5948597537,0.4155441671,1.372368732,0.8876283819,0.3699358187,0.1188637906,0.3957543387,0.8359387154,0.2229234075,0.5378631375,0.2546378895,0.4143408286,0.1309551896,0.3048134935,0.3543940898,1.271270589,11.98938992,5.43,-1.983859222,8.497584702,Probable Bankrupt
Gitanjali Gems Limited,2017,1.26,0.98,0.01895734597,1.51,0.7106356942,0.4592690104,80.33,1.141860597,1.003717625,1.003717625,0.37,0.003809702849,0.7106356942,0.1835723981,0.8146373033,0.172075948,0.003809702849,0.01347176671,0.01347176671,0.01347176671,0.01895734597,0.2746003833,0.2427150943,0.6971639275,0.8878343681,0.7324301999,0.7324301999,0.003006350493,0.8033903588,1.003717625,1.133811984,14.93,1.05,0.002399479396,0.05760309251,0.004170011138,0.01107508679,0.3653178149,1.005303083,0.8057272666,0.8033903588,0.0,0.9849425867,1.220878239,0.7106356942,2.520889853,1.096941867,9.258053276,0.8982324015,0.08145353341,0.8942080923,0.7106356942,1.058289457,0.2733788001,0.9702435732,0.6860729349,2.65588902,0.02179450566,-0.01015312932,0.8116309528,0.9934065159,4.360212783,4.948216341,5.36,6.232711415,8.256305502,Bankrupt
Gitanjali Gems Limited,2016,1.37,1.1,0.01966360001,1.66,0.6332673117,0.375389351,99.68,0.9433178885,1.003282146,1.003282146,0.41,0.004186439333,0.6332673117,0.2365448419,1.00289772,0.1253984945,0.004186439333,0.01245231512,0.01245231512,0.01245231512,0.01966360001,-0.1036085114,0.1713080523,0.6208149966,0.6373326614,0.6873234709,0.6873234709,0.003696100086,0.9968825167,1.003282146,1.310322914,0.0,1.13,0.00280818401,0.09276435345,0.005105888244,0.01034101322,0.4549190336,1.005137394,0.8297846693,0.9968825167,0.0,1.104741726,1.265506258,0.6332673117,-12.99400545,1.45105655,9.348015684,0.6792035873,0.1728820496,0.8698121535,0.6332673117,0.7195901183,0.2687890684,0.9213526651,0.7565161432,2.025311313,0.05405615921,-0.002320956446,0.9992016201,1.197444763,4.200562137,4.906973441,5.42,7.556488414,7.996253786,Bankrupt
Gitanjali Gems Limited,2015,1.34,0.99,0.01201099852,1.73,0.6188666243,3.647583643,75.88,1.263338212,1.003404994,1.003404994,0.26,0.002643811574,0.6188666243,0.2076685751,0.7644009754,0.08901611535,0.002643811574,0.007433206107,0.007433206107,0.007433206107,0.01201099852,0.4981119036,0.2839854548,0.6114334182,0.8182568787,0.6910231128,0.6910231128,0.001965648855,0.7588984309,1.003404994,1.268795559,0.0,0.52,-0.00843539962,0.03856710849,0.003121386293,0.006251994496,0.4471295988,-0.03721802614,0.7852152248,-0.02863549618,0.0,0.9885012378,1.196103551,0.6188666243,-0.009071324505,1.098273479,72.81524164,0.9038331062,0.2335336122,0.8265351993,0.6188666243,1.034267102,0.3470614941,0.8955802097,0.6721168595,2.002954428,0.07215648855,-0.004638945168,0.7624353265,0.963204904,3.641972094,6.665656719,5.44,6.69517609,7.410227605,Bankrupt
Gitanjali Gems Limited,2014,1.34,1.14,0.02539689336,1.72,0.5979737908,3.018688525,85.45,1.193631645,1.002766713,1.002766713,-0.3,-0.003093091822,0.5979737908,0.2003328523,0.8546017411,-0.03451654951,-0.003093091822,0.0151866766,0.0151866766,0.0151866766,0.02539689336,-0.4650504057,0.1388477311,0.5827871142,0.7016511511,0.6725245566,0.6725245566,-0.002627903729,0.854595922,1.002766713,1.474426969,0.0,-0.65,-0.05723522851,-0.3474544007,-0.004645749441,-0.008483189992,0.4869345516,0.1690330299,0.881668684,0.1435023975,0.0,1.137132325,1.18702973,0.5979737908,0.1157916706,1.270951442,56.43737705,0.7713078521,0.2276529959,0.7983066431,0.5979737908,0.590673545,0.1978871279,0.8891478905,0.6117492359,1.826011088,0.07455076579,-0.003072365545,0.8572296448,0.966619366,4.25411017,10.01787847,5.44,3.865992884,6.386106401,Probable Bankrupt
Gitanjali Gems Limited,2013,1.28,1.0,0.1009960795,1.07,0.6134989616,2.355333845,116.78,0.7746473094,1.002303798,1.002303798,2.55,0.02560247798,0.6134989616,0.1694997626,1.169964383,0.1948716276,0.02560247798,0.0619609899,0.0619609899,0.0619609899,0.1009960795,0.09003148517,0.1438271051,0.5515379717,0.5265501636,0.6845374835,0.6845374835,0.02977844477,1.167813405,1.002303798,1.356844746,10.58,7.71,0.01543252988,0.1669394758,0.04847085661,0.09426419508,0.4608403836,0.07695516283,0.8324228427,0.08911371158,0.0,1.003133836,1.143836157,0.6134989616,0.001787694303,1.706049789,38.54387311,0.5343411726,0.2251884713,0.7829987243,0.6134989616,0.98865718,0.273149863,0.8962240585,0.5373055554,1.944760247,0.07103852186,0.02423066791,1.140185938,1.399684298,6.873928107,9.478996914,5.42,2.473521635,5.456388753,Probable Bankrupt
Gitanjali Gems Limited,2012,1.46,1.12,0.09811270514,0.98,0.5562327698,2.387840671,108.36,0.8136825653,1.003429957,1.003429957,3.33,0.03342493686,0.5562327698,0.2565878182,1.088479859,0.2425256086,0.03342493686,0.05457350173,0.05457350173,0.05457350173,0.09811270514,0.1845029067,0.1753767648,0.5016592681,0.5150537718,0.6448481647,0.6448481647,0.03479502625,1.083655057,1.003429957,1.457306642,10.58,8.13,0.01674431079,-0.1043438504,0.06265527541,0.09812962774,0.5507526495,0.06715910032,0.81060171,0.07204367333,0.0,1.120793905,1.26048368,0.5562327698,0.06669449881,1.680394277,48.1221174,0.5465754772,0.2495141124,0.8128205881,0.5562327698,0.7381421741,0.3405018551,0.8625794415,0.7224735811,1.566183008,0.08861539493,0.02844325273,1.053684833,1.332282992,4.208893778,8.911793365,5.41,1.317979708,5.241315001,Probable Bankrupt
Gitanjali Gems Limited,2011,1.4,1.03,0.0858898333,0.84,0.5599263614,1.462015504,93.47,0.9663268079,1.0049184,1.0049184,4.43,0.04454325316,0.5599263614,0.2223158897,0.9463722107,0.2023844001,0.04454325316,0.04809198184,0.04809198184,0.04809198184,0.0858898333,0.2860076534,0.2192238051,0.5118343796,0.6019883823,0.5837482268,0.5837482268,0.04219093279,0.9347029277,1.0049184,1.421782961,11.33,9.41,0.02488410508,0.1002262572,0.07678724386,0.1032913367,0.713067302,0.0380997523,0.7960937601,0.03481784961,0.0,1.032878698,1.340033623,0.5599263614,0.02057655592,1.599831255,20.76124031,0.5758950794,0.05722946294,0.7822422511,0.5599263614,0.9171914802,0.3641661725,0.9591915413,0.5340899523,1.345162706,0.02382186543,0.03375611786,0.9041812779,1.168365124,4.183813341,11.98938992,5.43,-1.983859222,8.497584702,Probable Bankrupt
Gitanjali Gems Limited,2010,1.85,1.42,0.07405981119,0.79,0.420386084,1.407314629,77.59,1.250767209,1.004505948,0.9632428451,4.23,0.04254153406,0.420386084,0.3578896976,0.7759723215,0.06768379692,0.04254153406,0.03113371401,0.03113371401,0.03113371401,0.07405981119,0.03944300846,0.2362972788,0.38925237,0.5442226567,0.5262920538,0.5262920538,0.03454033715,0.7759330054,1.004505948,1.944573422,11.86,5.66,-0.0310007511,0.03696086832,0.08604185463,0.0763567481,0.9000856898,0.8111873247,0.8174716057,0.6256923678,0.03028145804,1.417143454,1.478790675,0.420386084,1.202349994,1.440959726,25.84318637,0.6410211884,0.2235680669,0.7782757815,0.420386084,0.5100129888,0.4341922848,0.7987695823,0.7555070596,0.8874372644,0.1059059698,0.04653295486,0.7414319843,0.9449286925,2.158353204,10.88235294,5.55,4.808592108,7.861888833,Probable Bankrupt
Gitanjali Gems Limited,2009,1.81,1.38,0.1377970261,0.67,0.4295792641,1.704609218,66.82,,1.005899441,0.9659848705,4.7,0.04733367685,0.4295792641,0.3499939225,0.6682534288,,0.04733367685,0.05919474508,0.05919474508,0.05919474508,0.1377970261,,0.2830648714,0.370384519,0.6466048346,0.5230237617,0.5230237617,0.03244138944,0.6682807155,1.005899441,1.890088061,12.07,5.51,-0.2490293316,-0.1821622519,0.07784033492,0.07010536608,0.911959022,0.8810366587,0.8119426384,0.5842501247,0.02535037587,1.376965497,1.490511987,0.4295792641,2.048931295,1.250468354,28.2749499,0.6981577316,0.1959101736,0.7795731866,0.4295792641,0.5373160775,0.4377710409,0.8213379497,0.7337764325,0.9006303242,0.09344449764,0.05106646951,0.6358120394,0.8182368109,1.898208261,8.349267049,5.54,3.77175625,3.08669806,Probable Bankrupt
Parabolic Drugs Limited,2018,0.19,0.15,0.002206945537,-1.12,0.963980046,0.18591727,17.88,7.140275112,1.157229687,1.157229687,-78.66,-0.9205054383,0.963980046,-0.7836846481,0.1890741918,-0.1832542671,-0.9205054383,0.00212745146,0.00212745146,0.00212745146,0.002206945537,0.03967254408,0.2539987204,0.9618525945,6.30534229,3.09160268,3.09160268,-0.1364014281,0.1789015503,1.170185541,0.9970827731,0.0,-322.08,0.003178991016,0.002428259563,-0.1370335608,0.06315617181,-0.6765431708,0.6764235445,0.9611678975,0.01895143542,0.0,0.1467491946,0.05831777771,0.963980046,-16.62679189,0.05583415066,-0.9627204182,20.20809341,-1.017221222,0.1802953979,0.963980046,-0.04955067399,0.04028309784,0.3118059291,0.3746814132,-0.4608810531,2.127622634,-0.4564237415,0.3254756199,0.1590596855,-0.1950823764,3.328173375,5.33,5.327608862,6.795383419,Bankrupt
Parabolic Drugs Limited,2017,0.27,0.24,0.00154877429,-1.19,0.8539927255,0.1741614138,15.47,8.590827485,1.147380447,1.147380447,-144.3,-1.764158642,0.8539927255,-0.619926428,0.1676035381,-0.1755807225,-1.764158642,0.001322641977,0.001322641977,0.001322641977,0.00154877429,-1.646557377,0.2488983189,0.8526700835,6.744409989,2.64875589,2.64875589,-0.2170579483,0.1547904439,1.222457973,1.134065775,0.0,-133.37,-0.001280227596,0.00252012983,-0.2467875033,0.1278265229,-0.6224642657,0.9642565693,0.9684839216,0.01122179053,0.0,0.2371802628,0.08836839149,0.8539927255,-143.9360731,0.05247019537,-0.8441298964,20.90811164,-1.088556029,0.2340662974,0.8539927255,-0.05083841718,0.03690438739,0.3224127707,0.3759964903,-0.5179618952,1.794763164,-0.6223069897,0.3846614863,0.1307428035,-0.2042537587,4.948216341,5.36,6.232711415,8.256305502,Bankrupt
Parabolic Drugs Limited,2016,0.29,0.21,0.001464951536,-1.36,0.8760108291,0.1638515302,13.5,10.29381724,1.148576876,1.148576876,-632.13,-6.614462754,0.8760108291,-0.6227410168,0.1356444694,-0.6576014345,-6.614462754,0.00128331341,0.00128331341,0.00128331341,0.001464951536,-6.827799802,0.5496391121,0.8747275156,6.78619093,2.212485057,2.212485057,-0.8460551297,0.1350819211,1.046438785,1.060544641,0.0,-529.76,-0.02928622243,0.07124071352,-0.9569143706,0.6913630366,-0.5480195463,1.259566934,0.9290485901,0.04442373954,0.0,0.2081234573,0.1144730046,0.8760108291,20.70304302,0.06349370307,-0.9378375516,17.1295111,-1.10226037,0.2532698122,0.8760108291,-0.113934056,0.08099375891,0.395939772,0.5136071682,-0.7224920619,1.336474228,-0.8648532493,0.9816995992,0.1389456555,-0.2072888437,4.906973441,5.42,7.556488414,7.996253786,Bankrupt
Parabolic Drugs Limited,2015,0.8,0.24,0.005729120043,-4.16,0.5923683066,0.1539667139,24.61,4.617864836,1.078352181,1.078352181,-163.89,-1.707368516,0.5923683066,-0.115620791,0.2475103668,-0.1827003638,-1.707368516,0.003393749138,0.003393749138,0.003393749138,0.005729120043,-0.1650365587,1.417743673,0.5889745575,2.506506911,1.216362113,1.216362113,-0.2652957334,0.2461952891,1.04173398,1.122513651,0.0,-39.32,-0.01194340408,-0.00300805636,-0.2145376421,0.587373168,-0.1778763994,0.4676000718,0.6649415109,0.03285573385,0.0,0.2391907618,0.3919453842,0.5923683066,-3.581844235,0.09589160534,-0.2712142697,5.132471729,-2.884025293,0.4767475157,0.5923683066,-2.897908641,0.5656252797,0.4869999651,0.5343855693,-2.737855987,0.6239938064,-0.5261100656,0.5128061003,0.3554180357,-2.044028619,6.665656719,5.44,6.69517609,7.410227605,Probable Bankrupt
Parabolic Drugs Limited,2014,1.11,0.39,0.01050172739,5.6,0.4568231138,0.1499382223,39.26,3.337824877,1.044985613,1.044985613,-30.55,-0.3130044214,0.4568231138,0.04952563712,0.4040782654,-0.5589052888,-0.3130044214,0.004797431805,0.004797431805,0.004797431805,0.01050172739,-0.7159507702,0.8610428802,0.452025682,1.191756147,0.841935831,0.841935831,-0.1991427393,0.3926810022,1.024422767,1.466531878,0.0,-22.08,-0.01755092904,0.03275074288,-0.6092179648,-1.760708005,0.1877389739,0.2889793436,0.669945659,0.04957047293,0.0,0.3859139447,0.6014101458,0.4568231138,-1.029282095,0.5697883716,0.1338033287,2.183919339,2.436432745,0.5063487509,0.4568231138,6.664312873,0.7224992148,0.5425866164,0.3133261474,2.89011176,0.3851127172,-0.3602348744,0.6032210047,0.5721647415,7.739815318,10.01787847,5.44,3.865992884,6.386106401,Probable Bankrupt
Parabolic Drugs Limited,2012,1.45,0.57,0.08712965026,1.16,0.4131472683,0.06566084348,116.09,0.7335862131,1.011968752,0.970782607,6.22,0.06295252612,0.4131472683,0.1871253868,1.162914303,0.3168608999,0.06295252612,0.03600312921,0.03600312921,0.03599737699,0.08712965026,0.5709083424,0.3166880603,0.3771498913,0.3601355823,0.6235231182,0.6235231182,0.08550096062,1.160929788,1.011968752,1.541086545,11.85,12.3,0.01086100197,-0.02042491951,0.2390983515,0.2623875078,0.6037897728,0.02064321386,0.6366956962,0.009100008053,0.03788850245,0.5735687235,0.9627111451,0.4131472683,-0.1568101414,1.802697492,0.5740427034,0.5121392326,0.5588015096,0.6002726551,0.4131472683,1.941501952,0.8793578748,0.6626013635,0.4970434995,1.097404086,0.2103758499,0.07751569641,1.077413343,1.801801476,6.130644616,8.911793365,5.41,1.317979708,5.241315001,Probable Bankrupt
Parabolic Drugs Limited,2011,3.81,2.27,0.2264376315,0.85,0.1480368134,0.09117193051,128.06,0.6459522966,1.010370312,0.9949723677,7.25,0.07245435094,0.1480368134,0.4162309176,1.281834946,0.3426208941,0.07245435094,0.03352110541,0.03352110541,0.03352110541,0.2264376315,0.2782554149,0.1778771052,0.114515708,0.1153926935,0.5400594471,0.5400594471,0.1179259184,1.280630847,0.9982344216,5.213582845,10.11,10.9,0.01004950045,-0.04627521906,0.9653034526,0.3106932977,0.851648009,0.1508814765,0.771802191,0.1800675306,0.01828869001,2.270178033,1.044825221,0.1480368134,0.1726134343,2.335573295,1.211182711,0.3948397852,0.8523332662,0.564267731,0.1480368134,0.5482480984,1.541493658,0.2741120708,0.9049667722,0.3218607546,0.3920226337,0.1002843149,1.163909027,1.662208161,3.082173491,11.98938992,5.43,-1.983859222,8.497584702,Probable Bankrupt
Parabolic Drugs Limited,2010,1.49,0.97,0.0637940976,1.0,0.4887089957,0.1368313259,110.17,0.7541401422,1.014733437,1.011940368,7.2,0.07215427049,0.4887089957,0.2371431133,1.103393065,0.3399469713,0.07215427049,0.03117674937,0.03117674937,0.03117674937,0.0637940976,0.2602249489,0.2276350856,0.4575322463,0.4440280703,0.5985577231,0.5985577231,0.1117572466,1.101715105,1.000989212,1.533548252,9.0,15.53,0.0100925533,-0.04273485983,0.294857682,0.3589547238,0.670682645,0.1351263282,0.7494588259,0.1400135774,0.002567943505,0.972584788,1.212668521,0.4887089957,-0.01407503095,1.809287396,0.9028136734,0.5155073493,0.2736351744,0.725852109,0.4887089957,1.056497785,0.5126592231,0.8164776375,0.5907278006,1.217382981,0.1098487274,0.111007776,0.9916358187,1.468561467,4.64119045,10.88235294,5.55,4.808592108,7.861888833,Probable Bankrupt
Parabolic Drugs Limited,2009,1.98,1.18,0.08568592854,1.07,0.3519434903,0.1440005473,135.43,,1.008307901,0.9975132813,8.08,0.07974454617,0.3519434903,0.3443558246,1.357609982,,0.07974454617,0.03015660476,0.03015660476,0.03015660476,0.08568592854,,0.2044478354,0.3217868856,0.2562450548,0.5742950845,0.5742950845,0.124507578,1.354330403,0.9860687239,2.043504632,3.72,16.9,0.00659996637,0.02372102453,0.3962284958,0.3275744177,0.7412651213,0.09815474172,0.7191981526,0.1249345054,0.0129080219,1.180580062,1.212441711,0.3519434903,0.05130896614,2.372507941,1.213914352,0.3961794959,0.5223138989,0.696299315,0.3519434903,0.8154409693,0.7978606087,0.6128269244,0.8089073255,0.8267310936,0.2223515942,0.0983113797,1.233102404,1.909716413,3.988503804,8.349267049,5.54,3.77175625,3.08669806,Probable Bankrupt
Lakshmi Precision Screws Limited,2017,0.84,0.26,0.01555325137,8.5,0.7301693742,0.06484115695,55.95,2.233017006,1.346096026,1.346096026,-15.82,-0.1923329888,0.7301693742,-0.114776439,0.5929827597,-0.05637154167,-0.1923329888,0.01135650782,0.01135650782,0.01135650782,0.01555325137,-0.02128309572,0.9226721789,0.7188128664,1.585784083,0.9430227779,0.9430227779,-0.08304311147,0.559583811,1.215305835,0.7877055251,0.0,-32.04,-0.008027082679,0.06922812249,-0.1137016738,-1.457099468,0.06041977291,1.036737762,0.5751584503,0.4401133488,0.0,0.2609687454,0.6525748366,0.7301693742,31.90025575,0.6572313339,-0.3144855382,2.023395659,3.735763098,0.6153929352,0.7301693742,-3.701470034,0.5818397274,0.774286042,-2.014426727,12.8151101,0.2128534037,-0.173140919,0.6760258712,0.8005566212,-4.011684885,4.948216341,5.36,6.232711415,8.256305502,Bankrupt
Lakshmi Precision Screws Limited,2016,1,0.36,0.0343801018,3.41,0.6396846524,0.06608086445,76.7,1.577425544,1.234088556,1.234088556,-8.75,-0.09991473293,0.6396846524,-0.001167195659,0.775632231,-0.1214088256,-0.09991473293,0.02199242347,0.02199242347,0.02199242347,0.0343801018,-0.4124040283,0.6108167367,0.6176922289,0.9513064133,0.8641343299,0.8641343299,-0.05469437903,0.7670727962,1.140751568,0.9211882583,0.0,-18.35,0.00350400987,0.1808530806,-0.07279362336,-0.3427279578,0.1572274882,0.9974115354,0.5892699908,0.6381079144,0.0,0.3560933449,0.7389099526,0.6396846524,-236.6470588,0.9509004739,-0.003384195215,1.252390523,1.651996986,0.6385174567,0.6396846524,-351.8947368,0.6420820129,0.7402606635,-0.00859080633,4.708214017,0.2244496775,-0.07775777454,0.83032661,1.141119644,-576.1052632,4.906973441,5.42,7.556488414,7.996253786,Bankrupt
Lakshmi Precision Screws Limited,2015,1.28,0.42,0.04847658026,2.52,0.6023117376,0.09583041345,78.14,1.359895901,1.203955758,1.203955758,0.77,0.008588158751,0.6023117376,0.1682492148,0.7846760646,0.09166605799,0.008588158751,0.02919801329,0.02919801329,0.02919801329,0.04847658026,0.07765619485,0.7372804164,0.5731137243,0.8584255042,0.8185669418,0.8185669418,0.00838141845,0.7814440143,1.113728042,0.8013945733,0.0,1.5,-8.65e-05,0.1324841617,0.01782628467,0.05917874396,0.2216471848,0.9129212752,0.482689358,0.6187093711,0.0,0.4204638472,0.9413536183,0.6023117376,-5.713090257,1.02911127,0.8071128241,1.125022772,1.191928341,0.7705609525,0.6023117376,3.074668982,0.8588752463,0.7358124387,0.9273349436,3.319746377,0.2162552041,0.001129066403,0.7762946461,1.453620337,4.17028435,6.665656719,5.44,6.69517609,7.410227605,Bankrupt
Lakshmi Precision Screws Limited,2014,1.22,0.41,0.0431547619,2.49,0.6484400129,0.1179006358,79.81,1.427755066,1.287129599,1.287129599,-6.93,-0.08215212915,0.6484400129,0.1417658411,0.8014232872,0.07633081377,-0.08215212915,0.02798327436,0.02798327436,0.02798327436,0.0431547619,0.07351703023,0.7797439647,0.6204567385,0.9625496106,0.8052227404,0.8052227404,-0.05150369894,0.7981063043,1.184715467,0.7320808532,0.0,-15.74,-0.007094336123,0.06833104481,-0.0773499504,-0.2575085148,0.241892398,0.9546417594,0.4747105179,0.608214056,0.0,0.4085441468,0.9813506429,0.6484400129,-12.55131579,1.075171639,0.7599956892,1.153740563,0.8049334297,0.790205854,0.6484400129,3.705331821,0.8100818452,0.8052927225,0.72783569,3.329136134,0.1567827276,-0.06997737343,0.8529269862,1.419115779,4.751985252,10.01787847,5.44,3.865992884,6.386106401,Probable Bankrupt
Lakshmi Precision Screws Limited,2013,1.19,0.38,0.04094342123,1.73,0.6570178684,0.1167306872,79.89,1.342057222,1.191117496,1.191117496,1.44,0.01586161489,0.6570178684,0.1217054432,0.802990402,0.04803360393,0.01586161489,0.02690055934,0.02690055934,0.02690055934,0.04094342123,0.1187987938,0.7245166697,0.6301173091,0.9034536422,0.7312991055,0.7312991055,0.01347204388,0.798985788,1.098671216,0.720087452,16.52,3.36,0.005778894472,0.01976131663,0.02603683583,0.06366434473,0.3674295408,0.8737355599,0.4731103228,0.5878947483,0.0,0.3832979992,1.06484926,0.6570178684,-4.412657028,1.179518467,0.5966709347,0.9686059735,0.2764458124,0.7787233116,0.6570178684,4.329220315,0.8019411687,0.8984256421,0.4529402236,2.445164426,0.07428123708,0.004906825449,0.7895183581,1.53712393,5.975321888,9.478996914,5.42,2.473521635,5.456388753,Probable Bankrupt
Lakshmi Precision Screws Limited,2012,1.18,0.41,0.03762390565,1.39,0.6319615912,0.1029356417,89.47,1.1627718,1.165854069,1.165854069,2.46,0.02701188074,0.6319615912,0.113397348,0.8976223137,0.1025605853,0.02701188074,0.02377686328,0.02377686328,0.02377686328,0.03762390565,0.1500960953,0.5977639543,0.6081847279,0.7745460659,0.7281435757,0.7281435757,0.02882944673,0.89478738,1.09667115,0.8106142826,17.03,5.98,-0.002331338477,0.06044145813,0.05636350481,0.1310234631,0.3733555214,0.8356590451,0.5122770919,0.6294924554,0.0,0.4076767238,1.023642815,0.6319615912,-2.791645354,1.297057992,0.4666917576,0.8632873795,0.3537969893,0.7453589392,0.6319615912,4.301008065,0.7717603647,0.8679079406,0.4171221933,2.324615255,0.09618198445,0.01723638852,0.8687928669,1.592716562,7.19516129,8.911793365,5.41,1.317979708,5.241315001,Probable Bankrupt
Lakshmi Precision Screws Limited,2011,1.21,0.45,0.0420499895,1.19,0.606435013,0.1138279055,90.67,1.094616965,1.157996383,1.157996383,3.44,0.03761380706,0.606435013,0.1272736536,0.9150914556,0.180694961,0.03761380706,0.02550058593,0.02550058593,0.02550058593,0.0420499895,0.1165407313,0.5558076086,0.5809344271,0.729744643,0.7151118357,0.7151118357,0.04412289193,0.9067101442,1.091076301,0.8873345936,13.37,7.94,-0.001641297154,0.1529336326,0.09855072464,0.2097827059,0.3983826725,0.8125134116,0.5381107658,0.6272736536,0.0,0.4482251628,1.026005486,0.606435013,-2.14764552,1.323821738,0.5198210384,0.8298335428,0.381471877,0.7337086666,0.606435013,3.629103283,0.7616467129,0.8480282142,0.4467495305,2.128677457,0.1086768227,0.02778671503,0.8709685637,1.544335558,6.529423539,11.98938992,5.43,-1.983859222,8.497584702,Probable Bankrupt
Lakshmi Precision Screws Limited,2010,1.26,0.47,0.05378791627,1.21,0.6283697646,0.170617592,80.8,1.297319012,1.17857747,1.009007104,2.66,0.02922023004,0.6283697646,0.1654488355,0.8096141289,0.09216131339,0.02922023004,0.03379870029,0.03379870029,0.03379870029,0.05378791627,0.17380447,0.6773511502,0.5945710643,0.8545754398,0.6828145891,0.6828145891,0.03491806847,0.8080283573,1.098908999,0.7988025137,15.82,5.78,0.009543970435,0.0502276867,0.0771438468,0.1528281541,0.4645264117,0.7909759811,0.5019433475,0.5408724853,0.09130236794,0.4706813796,1.162568306,0.6283697646,-2.164070403,1.158014572,0.8298502807,0.8826539242,0.1716498383,0.7938186002,0.6283697646,3.010336403,0.7926171508,0.9202641166,0.5216155279,1.981080286,0.05444482448,0.04302628938,0.7746960604,1.46490739,4.444277391,10.88235294,5.55,4.808592108,7.861888833,Probable Bankrupt
Lakshmi Precision Screws Limited,2009,1.41,0.57,0.05243660982,1.27,0.5362537247,0.1605518051,86.13,,1.153083746,0.9796776746,1.7,0.01782367884,0.5362537247,0.2222831113,0.8576908586,,0.01782367884,0.02811932733,0.02811932733,0.02811932733,0.05243660982,,0.5511181443,0.5081343974,0.6520218215,0.673459602,0.673459602,0.02428331678,0.8613213686,1.047266064,1.019543974,15.36,3.15,-0.01224312904,0.0305650206,0.06891486236,0.1131739039,0.4848700605,0.7278557448,0.5467342535,0.5643045518,0.1058841479,0.5692661429,1.126328638,0.5362537247,-1.031981637,1.28347658,0.9524508365,0.7846583101,0.420180407,0.758536836,0.5362537247,2.039137134,0.8452449384,0.7962671006,0.6807216279,1.642227816,0.1372058773,0.0334936095,0.8334075419,1.504291173,3.7,8.349267049,5.54,3.77175625,3.08669806,Probable Bankrupt
Unity Infraprojects Limited,2017,0.54,0.4,0.01597109343,-3.4,0.7731644727,0.06774817181,6.86,15.84591249,1.05583778,-3.9026254,-472.97,-4.993724653,0.7731644727,-0.3576146814,0.07188969497,-0.05956638138,-4.993724653,0.01234828203,0.01234828203,0.01234828203,0.01597109343,-0.4031364573,1.595176094,0.7608161906,11.89716115,1.306007685,1.306007685,-0.313553703,0.06861605471,1.05583778,1.159305467,0.0,-98.44,-0.005336999151,-0.05256427414,-0.4089008974,1.033136299,-0.2343077214,0.009135538954,0.8963338003,-0.003262543175,0.1233672574,0.4033858287,0.3181832665,0.7731644727,-7.163456982,-0.06884231143,-3.611666807,19.90633938,-1.741273957,0.4155497912,0.7731644727,-0.2898823931,0.1340803973,0.5920060668,1.168646081,-2.526617831,0.5328432121,-0.8219815021,0.3854433979,0.07250346655,-0.181724384,4.948216341,5.36,6.232711415,8.256305502,Bankrupt
Unity Infraprojects Limited,2016,1.37,1.03,0.02978391552,47.65,0.4028921833,0.03316508476,11.4,10.04240987,1.092496425,-1.007250194,-127.9,-1.397330724,0.4028921833,0.147751135,0.1256735598,-0.0962202102,-1.397330724,0.01199970675,0.01199970675,0.01199970675,0.02978391552,0.06023154241,1.315345827,0.3908924766,3.860289506,0.982766295,0.982766295,-0.1266842268,0.114022088,1.092496425,2.141316003,0.0,-24.42,0.01244603656,-0.04174304105,-0.3143850528,-7.34974172,0.01753591372,0.8352274153,0.8627194797,0.08094761812,0.1114950552,1.025988627,0.5602993521,0.4028921833,0.6088611449,0.004505200563,0.773989137,9.301347181,33.64767548,0.5506433183,0.4028921833,0.9291334397,0.3407376117,0.4099572659,8.573381951,23.37815254,0.5798741117,-0.5481728954,0.2523577866,0.1209760391,0.7063795853,4.906973441,5.42,7.556488414,7.996253786,Bankrupt
Unity Infraprojects Limited,2015,2.52,2.04,0.03728591014,5.57,0.2473947573,0.02081051479,26.22,3.93732675,1.056893432,-0.0280954031,-31.11,-0.3288962039,0.2473947573,0.3757090822,0.2674126709,0.04587090225,-0.3288962039,0.009224338688,0.009224338688,0.009224338688,0.03728591014,-0.3597101861,0.4742530993,0.2381704186,0.9969392469,0.8623299695,0.8623299695,-0.07984474831,0.2622726458,1.056893432,3.566413717,0.0,-10.84,-0.09439288934,-0.2892121561,-0.3155785978,-0.5670986658,0.1596488993,0.6949449449,0.8823120559,0.1646551621,0.1561146257,2.042953137,0.7225816816,0.2473947573,3.408436928,0.1459743627,2.208835341,3.437803188,4.466732594,0.6231038395,0.2473947573,0.3132422123,0.4757091274,0.286891058,2.72905498,1.797012439,0.6149352123,-0.2447313396,0.3472574192,0.2812545682,0.6604958678,6.665656719,5.44,6.69517609,7.410227605,Bankrupt
Unity Infraprojects Limited,2014,0.99,0.73,0.0567946379,2.18,0.6270783789,0.02186969675,57.62,1.577185255,1.0283297,0.1971018118,0.27,0.002782939642,0.6270783789,-0.003542193406,0.5802938894,0.2322827747,0.002782939642,0.03561468946,0.03561468946,0.03561468946,0.0567946379,-0.273937639,0.299275453,0.5914636894,1.118978487,0.7876336145,0.7876336145,0.000761008336,0.5762785691,1.0283297,1.327242823,0.0,0.41,0.002041649653,-0.04238230845,-5.99e-05,-0.0001768158993,0.2696258534,0.6348273952,0.832285278,0.349142614,0.2957099633,0.7268971134,0.7916576616,0.6270783789,-0.8368542734,0.4369620768,-0.02088098576,1.341926348,0.7560294222,0.6235361854,0.6270783789,-47.34770318,0.2674541615,0.7961549219,-0.01667963317,2.95281373,0.1605552357,-0.005615405216,0.5795328811,0.6733298644,-158.2077739,10.01787847,5.44,3.865992884,6.386106401,Probable Bankrupt
Unity Infraprojects Limited,2013,1.13,0.7,0.05839231802,1.51,0.6458653972,0.02700043725,78.64,1.195851195,1.030811511,0.2886084173,4.29,0.04427471781,0.6458653972,0.08715925395,0.7926046694,0.1753325942,0.04427471781,0.0389493935,0.0389493935,0.03771357767,0.05839231802,0.374364382,0.3647887986,0.6081518195,0.8465750029,0.7222479457,0.7222479457,0.04466871006,0.7864223295,1.030811511,1.117410665,1.43,9.53,-0.01548635874,0.05552621005,0.08602340539,0.2000328712,0.3845660703,0.5887610003,0.7216968827,0.4396732751,0.3919972551,0.7040500015,1.014921061,0.6458653972,-0.6092415141,0.6817773444,0.4869916922,0.8972607716,0.2750026414,0.7330246511,0.6458653972,3.193041526,0.4308995628,0.8942433149,0.3138023738,2.325330766,0.07638254858,0.05145677204,0.7479359593,1.057113812,8.753123831,9.478996914,5.42,2.473521635,5.456388753,Probable Bankrupt
Unity Infraprojects Limited,2012,1.26,0.9,0.09446258413,1.24,0.5933754829,0.07019704433,81.71,1.18879834,1.033282504,0.3452841037,5.15,0.05322100842,0.5933754829,0.1543400986,0.8244704617,0.1196596404,0.05322100842,0.05755034419,0.05755034419,0.05605178147,0.09446258413,0.3849207835,0.2669699773,0.5373237014,0.750293728,0.7033478445,0.7033478445,0.06180879289,0.8171793016,1.033282504,1.329452922,6.95,10.35,0.02135751335,0.09969474317,0.1373892184,0.2748113987,0.4217716139,0.550613704,0.7888647695,0.4268373209,0.3867991882,0.9042846672,1.063080789,0.5933754829,-0.1598059721,0.7470134864,1.848901099,0.8184736145,0.3707114867,0.7477155815,0.5933754829,1.367986883,0.355820617,0.843644418,0.520272972,2.000239917,0.1099723616,0.07148337861,0.7626616688,1.002526177,5.12412256,8.911793365,5.41,1.317979708,5.241315001,Probable Bankrupt
Unity Infraprojects Limited,2011,1.29,1.03,0.09813494929,1.28,0.5721908321,0.08683424152,79.59,1.139436191,1.037362882,0.3538615531,5.41,0.05619358691,0.5721908321,0.1662998662,0.8031943085,0.2514035734,0.05619358691,0.05865813893,0.05865813893,0.05615191829,0.09813494929,0.2830654001,0.1922523092,0.5160389138,0.7457123122,0.7069877743,0.7069877743,0.06581748605,0.7959765727,1.037362882,1.489858394,8.75,10.07,0.005332325176,0.01531688351,0.1546987347,0.3020938717,0.4144516162,0.5196970229,0.8524833143,0.3903640757,0.3709087213,1.032826776,1.044559362,0.5721908321,0.05096643674,0.7228539845,2.169449815,0.8482070734,0.4600386278,0.7384906982,0.5721908321,0.8870523416,0.2578102923,0.8093362472,0.5675526534,1.952788252,0.1347969422,0.07947056172,0.7373768224,0.9000853521,4.614000972,11.98938992,5.43,-1.983859222,8.497584702,Probable Bankrupt
Unity Infraprojects Limited,2010,2.73,2.31,0.2977422729,1.21,0.3327133532,0.1410891089,91.52,1.061212406,1.038215217,-0.6493388053,5.61,0.05827905616,0.3327133532,0.5766415475,0.9229084669,0.1289598733,0.05827905616,0.09906282999,0.09906282999,0.09906282999,0.2977422729,0.2180320211,0.160258897,0.2336505232,0.3774152493,0.6602848709,0.6602848709,0.07905347029,0.9152467121,1.038215217,2.58096801,8.65,7.69,0.03259344722,-0.1597168585,0.3208064342,0.3141943802,0.5144978237,1.050363776,0.8587225209,0.9152467121,1.126541331,2.308525986,1.377216018,0.3327133532,-9.805810811,0.2176718067,9.149847677,0.6366253548,0.9642535455,0.9093549006,0.3327133532,0.2450005202,0.4246222094,0.5038936493,1.69742675,0.9793892725,0.3275715177,0.08460187562,0.8438549966,1.02659214,1.528779523,10.88235294,5.55,4.808592108,7.861888833,Probable Bankrupt
Unity Infraprojects Limited,2009,2.02,1.74,0.179242387,1.15,0.4487732301,0.1200287279,80.3,,1.043302788,-0.6518147976,6.03,0.06293624942,0.4487732301,0.4572662525,0.8138009891,,0.06293624942,0.080439185,0.080439185,0.080439185,0.179242387,,0.1647725239,0.3683340451,0.5830260944,0.711540316,0.711540316,0.07234567221,0.8030624475,1.043302788,1.945680869,8.55,8.78,0.00705052879,-0.109893514,0.2144677063,0.3336596781,0.4054017425,1.057853384,0.8731694885,0.8030624475,0.9168731849,1.736308939,1.273349468,0.4487732301,-7.420262954,0.178160697,5.959691175,0.8198983427,0.9109317541,0.9060394826,0.4487732301,0.277366875,0.2826160363,0.6307066796,1.585199866,1.555757199,0.2627670859,0.08308947168,0.7414553169,0.8815367018,1.683332078,8.349267049,5.54,3.77175625,3.08669806,Probable Bankrupt
Rasoya Proteins Limited,2017,0.02,0.02,0.002187791407,18.65,0.4616301594,0.9922197062,5.98,19.2791026,1.116410417,1.116410417,-275.66,-3.128333856,0.4616301594,-0.4507193828,0.06031556814,-0.03455355221,-3.128333856,0.001009950496,0.001009950496,0.001009950496,0.002187791407,-3.35,0.03137747098,0.4606202089,8.748666457,0.9624497094,0.9624497094,-0.0290402159,0.05988509744,1.134923125,2.162649738,0.0,-5.38,0.0,0.0,-0.1011763862,-1.24382716,0.03901532745,0.8609978036,0.9983443434,0.02205334525,0.0,0.02004877699,0.01133646419,0.4616301594,-61.6772009,0.07956167965,-1.58061894,18.2208974,13.33730159,0.01091077667,0.4616301594,-0.003673364434,0.00358654329,0.4796408113,-12.00308642,12.29365079,0.50081955,-0.3407448583,0.08935578404,0.05285328115,-0.1170701245,4.948216341,5.36,6.232711415,8.256305502,Bankrupt
Rasoya Proteins Limited,2016,0.04,0.02,0.00214369684,7.76,0.4628556797,0.916742664,12.25,11.52134276,1.082685512,1.082685512,-508.73,-5.507985866,0.4628556797,-0.4450917005,0.1237237141,-0.6090164197,-5.507985866,0.0009922222578,0.0009922222578,0.0009922222578,0.00214369684,-33.71264368,0.06148409894,0.4618634574,4.087915194,0.9248311622,0.9248311622,-0.4921582434,0.1225874596,1.082685512,2.145460203,0.0,-116.1,-0.003524804178,0.006869819516,-1.100200539,-6.774536938,0.08127844399,0.4900353357,0.9930384406,0.03608808373,0.0,0.02333863495,0.01920780771,0.4628556797,-7.828991131,0.151014899,-1.491980044,8.159293286,6.145837769,0.01776397913,0.4628556797,-0.01564073062,0.01504045363,0.5004758691,-5.921226315,6.157547371,0.4619754825,-0.8009562416,0.6158819576,0.1140191133,-0.2543865957,4.906973441,5.42,7.556488414,7.996253786,Bankrupt
Rasoya Proteins Limited,2015,0.88,0.46,0.00248951049,0.77,0.355576332,0.8616012907,72.54,1.430020085,1.017795194,0.9487492802,-6.82,-0.06993075745,0.355576332,-0.04320625416,0.7259028655,-0.02536278732,-0.06993075745,0.0008852110084,0.0008852110084,0.0008852110084,0.00248951049,-1.308940397,0.2120816304,0.354691121,0.5021137937,0.5283715101,0.5283715101,-0.05057638177,0.7254652331,1.024438545,2.389958042,0.0,-7.68,-0.0260259984,-0.06102817988,-0.1452027972,-0.1094731958,0.8926077217,0.5272686414,0.8498125143,0.36098706,0.04626997722,0.4561118881,0.5911940214,0.355576332,-0.5776932676,1.319842629,-0.2190178481,0.7448700122,0.3663798558,0.3123700779,0.355576332,-3.476058932,0.4223776224,0.6729665117,-0.09161078072,0.7539331056,0.1727951781,-0.07210380694,0.7764792473,0.833311876,-16.39019337,6.665656719,5.44,6.69517609,7.410227605,Bankrupt
Rasoya Proteins Limited,2014,1.36,0.47,0.05056841458,0.51,0.3788497541,0.815509425,163.56,0.592616592,1.006449707,0.9479080645,3.2,0.03253786943,0.3788497541,0.1356180462,1.638018838,0.09266570312,0.03253786943,0.01915783143,0.01915783143,0.01915783143,0.05056841458,0.2717338305,0.2101579877,0.3596919227,0.2354203461,0.490634488,0.490634488,0.05732799177,1.635613196,1.016383462,1.74687628,0.0,8.42,0.002443567369,0.06049822064,0.1644305612,0.1222981851,1.038177145,0.3909185709,0.6618036492,0.6185118003,0.09600632661,0.4652806227,1.048576512,0.3788497541,-0.2066781466,3.194958482,0.667191601,0.2929794634,0.2194587801,0.5144678003,0.3788497541,2.493741506,0.892692544,0.7721629102,0.2662489764,0.7437679724,0.1117847339,0.02436869074,1.580690846,2.43160965,11.86603247,10.01787847,5.44,3.865992884,6.386106401,Probable Bankrupt
Rasoya Proteins Limited,2013,1.78,1.14,0.03982615768,0.6,0.4206418782,0.786134879,157.09,0.6522553156,1.005451579,0.9591819878,3.52,0.03563488185,0.4206418782,0.3283799098,1.572622891,-0.02610703671,0.03563488185,0.01675254977,0.01675254977,0.01675254977,0.03982615768,-0.2192115316,0.1747740554,0.4038893284,0.2708306087,0.5409673074,0.5409673074,0.05650110116,1.570965811,1.01146759,1.731993087,0.0,9.55,-0.02082548897,-0.06768640936,0.1370660296,0.1256026271,0.8485405427,0.4512352095,0.7285488251,0.6918471637,0.06642161222,1.135337773,1.384597142,0.4206418782,0.06679293563,2.818165649,1.413009476,0.3375160897,0.2621282344,0.7490217879,0.4206418782,0.826637583,0.6453260814,0.7775735657,0.715373687,0.9163658383,0.1203254292,0.02969361492,1.51612179,2.13184733,4.729749967,9.478996914,5.42,2.473521635,5.456388753,Probable Bankrupt
Rasoya Proteins Limited,2012,1.53,0.9,0.09404203224,0.52,0.510627214,0.2784049715,142.85,0.5429734145,1.004300272,0.9650923423,5.27,0.05300249811,0.510627214,0.2689935403,1.439862471,0.4555636591,0.05300249811,0.04802042092,0.04802042092,0.04802042092,0.09404203224,0.3882159124,0.2267862245,0.4626067931,0.3590397281,0.6166701396,0.6166701396,0.08247551573,1.428558033,1.004468766,1.326729239,0.0,15.4,-0.07222992195,-0.1538656484,0.175413181,0.2336649272,0.621612489,0.4842018124,0.677464055,0.6818920608,0.04521186727,0.8951438482,1.264242752,0.510627214,-0.0729888649,2.259461377,1.337027447,0.3998373662,0.2766362253,0.7796207543,0.510627214,1.199047176,0.6316466027,0.8280394675,0.7017286367,1.332083062,0.1060429256,0.05207165994,1.357386956,2.099303323,5.287125261,8.911793365,5.41,1.317979708,5.241315001,Probable Bankrupt
Rasoya Proteins Limited,2011,2.06,0.99,0.8154537792,0.59,0.340541575,0.2753729845,79.78,,1.006629888,0.8863240418,1.7,0.01725222609,0.340541575,0.3595254043,0.7986412783,,0.01725222609,0.2776959143,0.2776959143,0.2776959143,0.8154537792,,0.4582607433,0.0628456607,0.4305797522,0.5102478232,0.5102478232,0.02017031863,0.7978183906,1.008759195,1.872211295,0.0,2.06,0.3395029085,-0.04463113678,0.07839280697,0.05450922163,0.9598319769,0.133226868,0.6375657832,0.0977131375,0.0932378202,0.9914582748,1.372013652,0.340541575,-0.004243202501,1.454262461,1.256907741,0.2940379404,0.3465145358,0.7000669792,0.340541575,1.008090701,1.064287721,0.6674042681,0.7340965927,0.6953344795,0.1697062482,0.021927776,0.7784709597,1.240485052,2.199819024,11.98938992,5.43,-1.983859222,8.497584702,Probable Bankrupt
LML Limited,2017,0.1,0.02,0.001538055393,0.0,6.416010015,1.742031449,30.88,10.9982675,2.906444906,2.906444906,-216.23,-6.284823285,6.416010015,-5.76979159,0.4553354444,-0.3375064438,-6.284823285,0.009868178806,0.009868178806,0.009868178806,0.001538055393,-0.2079140604,5.096327096,6.406141837,60.37629938,6.55254437,6.55254437,-0.6678695044,0.308859268,2.906444906,0.07145070762,0.0,5.2,0.0,0.0,-0.1040942116,0.1202817051,-0.8473875271,2.314622315,0.4584284557,0.1883791148,0.0,0.01631027398,0.09862099194,6.416010015,45.17764892,0.04713577666,-16.64853379,61.56826057,-0.02458951166,0.6462184255,6.416010015,-0.09386327666,0.08440939821,0.9791631545,1.039125706,-1.155508104,0.1365343545,-0.7250196696,1.123204949,0.2318072289,-0.01841782815,4.948216341,5.36,6.232711415,8.256305502,Bankrupt
LML Limited,2016,0.15,0.05,0.01334057709,0.0,4.560621077,1.539241457,85.77,1.566263102,1.265052409,0.8020638661,-50.29,-0.636710815,4.560621077,-3.861469001,0.8687919833,-0.1226737143,-0.636710815,0.06084131704,0.06084131704,0.06084131704,0.01334057709,-0.06675672633,0.7217843504,4.49977976,6.73031608,4.652185883,4.652185883,-0.4314502808,0.8578350402,1.265946209,0.1120246288,0.0,4.75,-0.04772303937,-0.008024333377,-0.09460340456,0.1181348088,-0.785047282,0.5723571951,0.5109018831,0.3363616342,0.0337187696,0.04605819148,0.150284639,4.560621077,-15.0133004,0.1505450156,-13.1678558,6.775656131,-0.02507123366,0.6991520758,4.560621077,-0.1266611533,0.1072437523,0.9803178962,1.057303523,-1.248737393,0.09156480564,-0.3513868304,1.300242264,1.326328268,-0.1754833742,4.906973441,5.42,7.556488414,7.996253786,Bankrupt
LML Limited,2015,0.18,0.06,0.02390000517,0.0,3.794212849,1.328687196,99.93,1.317864476,1.200293341,0.8580228806,-39.79,-0.4757406864,3.794212849,-3.102942619,1.016821972,-0.2033349681,-0.4757406864,0.09068170672,0.09068170672,0.09068170672,0.02390000517,-0.2221401435,0.5559401584,3.703531143,4.538809035,3.868808239,3.868808239,-0.3977439922,0.9993624326,1.195482546,0.1410733675,0.0,6.66,0.0307932939,0.00997654814,-0.1048291195,0.1386443286,-0.7415224694,0.5690818422,0.5352623835,0.4138793526,0.03697787919,0.05970477225,0.1786778221,3.794212849,-9.904016338,0.2223743424,-10.25429498,4.519565855,-0.02600222241,0.6912702305,3.794212849,-0.1497731907,0.1224859108,0.9807187678,1.081613813,-1.322574579,0.0745953899,-0.3088791041,1.414565964,1.561755543,-0.269405238,6.665656719,5.44,6.69517609,7.410227605,Bankrupt
LML Limited,2014,0.23,0.07,0.01669334866,0.0,2.978602869,1.058079504,106.78,1.054873803,1.15948651,0.8955178416,-27.79,-0.3169277633,2.978602869,-2.298826215,1.074869579,0.02404629932,-0.3169277633,0.04972285621,0.04972285621,0.04972285621,0.01669334866,0.1467921596,0.5039599652,2.928880013,3.180287206,3.032808934,3.032808934,-0.296829149,1.067900228,1.140208877,0.1772642065,0.0,6.64,-0.01895289923,-0.004233131308,-0.09965381826,0.1460192072,-0.6702726674,0.4281984334,0.5279996739,0.3507906749,0.04075900716,0.06975630448,0.2241409431,2.978602869,-5.173896499,0.3173101474,-7.279814146,3.185073977,-0.02666559737,0.6797766547,2.978602869,-0.2053223176,0.1584636646,0.9821267789,1.13086192,-1.465264551,0.05420606456,-0.2380259092,1.371698728,1.773832497,-0.4074179136,10.01787847,5.44,3.865992884,6.386106401,Probable Bankrupt
LML Limited,2013,0.22,0.07,0.02659541985,0.0,2.735321139,0.8988049556,101.66,1.152399481,1.149388549,0.9134241245,-26.88,-0.3031776913,2.735321139,-2.120312369,1.020295665,-0.07784181074,-0.3031776913,0.07274701412,0.07274701412,0.07274701412,0.02659541985,-0.09088148973,0.4577079859,2.662574125,3.034093015,2.778793953,2.778793953,-0.2733233108,1.016662491,1.127709839,0.2147328244,0.0,6.94,-0.01442792085,0.00037570821,-0.09992366412,0.1536565325,-0.6401316482,0.4918473226,0.5873632339,0.3890837718,0.03827715243,0.07398473282,0.2213221923,2.735321139,-5.529079307,0.3346207601,-5.566604539,3.001621271,-0.0244394882,0.6150087697,2.735321139,-0.1946113092,0.1508549618,0.9843555101,1.191994366,-1.537739171,0.04347281383,-0.2363689189,1.293618976,1.5348738,-0.4251866149,9.478996914,5.42,2.473521635,5.456388753,Probable Bankrupt
LML Limited,2012,0.26,0.08,0.03465632478,0.0,2.347733437,0.8052254199,120.26,0.9062022663,1.105324855,0.9240879542,-14.56,-0.1605626798,2.347733437,-1.746416118,1.210073615,0.02320805889,-0.1605626798,0.08136381248,0.08136381248,0.08136381248,0.03465632478,0.07932090175,0.3828993641,2.266369624,2.152499023,2.396706703,2.396706703,-0.1751259202,1.202673382,1.102660651,0.2480567704,0.0,3.05,0.009223550585,0.01868766065,-0.07459361333,0.1253848928,-0.5827607947,0.3805903876,0.582371174,0.3599767532,0.04123894664,0.07824077894,0.2508931603,2.347733437,-3.203188622,0.4617759744,-4.427364699,2.122802032,-0.03506338595,0.6013173189,2.347733437,-0.2391347754,0.1778859642,0.9795664333,1.250381425,-1.680906544,0.04897326618,-0.1690534795,1.385199535,1.87286275,-0.624536883,8.911793365,5.41,1.317979708,5.241315001,Probable Bankrupt
LML Limited,2011,0.26,0.08,0.03363494771,-0.04,2.139224941,0.7571111932,143.81,0.8631635019,1.127968916,0.9165883311,-27.45,-0.3119007332,2.139224941,-1.572607195,1.484272738,-0.1853159335,-0.3119007332,0.07195271905,0.07195271905,0.07195271905,0.03363494771,0.06590084643,0.3109607069,2.067272222,1.689916651,2.250604895,2.250604895,-0.2880885328,1.438102416,1.136053143,0.283449529,0.0,9.81,-0.0008056003111,0.002449770885,-0.1346695839,0.2303593517,-0.5556750088,0.4173716864,0.6063623022,0.4305660228,0.05944659852,0.08086108433,0.2517624251,2.139224941,-2.665967516,0.5749911879,-3.661525674,1.721062856,-0.0890608646,0.5666177462,2.139224941,-0.2503089767,0.1840094934,0.9505111033,1.257477243,-1.71055219,0.1113799532,-0.2277599982,1.772361271,2.087656178,-0.8049537165,11.98938992,5.43,-1.983859222,8.497584702,Probable Bankrupt
LML Limited,2009,0.43,0.19,0.04909691513,-0.42,1.256165713,0.6022184676,54.8,2.05363528,1.123493577,1.106277314,-31.51,-0.3418090319,1.256165713,-0.7117424623,0.560686678,-0.07569521132,-0.3418090319,0.06167386139,0.06167386139,0.06167386139,0.04909691513,-0.05814455232,0.6138259833,1.194491852,2.485631042,1.721982398,1.721982398,-0.1286350099,0.5480708095,1.08449212,0.5491235548,0.0,17.08,0.0407261154,0.008317462785,-0.1019766636,0.1774275782,-0.419273971,0.4180241028,0.6897901817,0.1527289763,0.002526332154,0.1864510629,0.3161607525,1.256165713,-3.474684264,0.3268879475,-1.562403585,3.285326447,-0.6451911935,0.5444232507,1.256165713,-0.4358455969,0.2469497576,0.7294881262,0.9858169177,-1.739884125,0.4658166851,-0.2049128598,0.6893216879,0.7326444477,-0.710047487,8.349267049,5.54,3.77175625,3.08669806,Probable Bankrupt
LML Limited,2008,0.45,0.17,0.03301616416,-0.49,1.085456525,0.4871763779,34.73,,1.171414343,1.161055777,-51.28,-0.5702191235,1.085456525,-0.5985378753,0.3519365376,,-0.5702191235,0.03583761083,0.03583761083,0.03583761083,0.03301616416,,0.9769920319,1.049618914,3.475298805,1.524125058,1.524125058,-0.1778814746,0.3473324001,1.112051793,0.6401467385,0.0,117.87,0.03171499022,0.006776478272,-0.1628740112,0.3373100665,-0.3438858612,0.5537848606,0.6948514543,0.1095038109,0.001061376115,0.1674595896,0.3194742106,1.085456525,-6.484151786,0.2382789378,-1.166555508,4.765039841,-0.8369539411,0.4869186499,1.085456525,-0.5098232848,0.2811246131,0.7121833731,1.141975309,-2.070987654,0.4386685332,-0.3444307439,0.5298180121,0.4494985673,-0.5218295218,6.372881356,5.41,5.681844063,7.660815065,Probable Bankrupt
Todays Writing Instruments Limited,2017,0.08,0.06,0.006304715928,-0.6,3.844992381,0.4992205768,39.45,3.130973451,1.260176991,0.9353982301,-75.6,-0.9526548673,3.844992381,-3.544396731,0.4659925197,0.03961767558,-0.9526548673,0.02424158471,0.02424158471,0.02424158471,0.006304715928,-0.2866242038,0.2084070796,3.820750797,12.28185841,4.012882671,4.012882671,-0.1588862723,0.3945144757,1.260176991,0.2431098462,0.0,0.59,-0.00316011236,0.06268770065,-0.00507979969,0.006482758621,-0.7508025821,0.7172566372,0.9347555063,0.1759246433,0.01266871483,0.06120978492,0.07490765991,3.844992381,-40.77934272,0.05091649695,-9.971551052,12.74070796,-0.05572413793,0.3005956504,3.844992381,-0.0184077852,0.01696869258,0.9581621734,1.176413793,-1.276183908,0.1678902895,-0.3686544004,0.6248787921,0.3349140486,-0.0883261031,4.948216341,5.36,6.232711415,8.256305502,Bankrupt
Todays Writing Instruments Limited,2016,0.07,0.04,0.006921839338,-0.66,3.855041108,0.4396019218,77.21,1.840884339,1.165976911,0.7656284034,-41.57,-0.4848616859,3.855041108,-3.598442233,0.8419154767,-0.4380499062,-0.4848616859,0.02668397519,0.02668397519,0.02668397519,0.006921839338,-0.2145214521,0.1319973862,3.828357133,5.821607493,4.021924131,4.021924131,-0.1800086543,0.7721044281,1.165976911,0.2367269054,0.0,1.11,-0.07360358677,-0.008893989385,-0.01013955925,0.01293494344,-0.7513627887,0.6240470486,0.9125919515,0.352949661,0.03295796873,0.04388820294,0.06380002869,3.855041108,-14.80533024,0.1239779085,-8.561427591,6.033326073,-0.05522409432,0.2565988749,3.855041108,-0.02429052429,0.02267370075,0.9585066705,1.190778483,-1.275690898,0.1668830232,-0.244460127,1.021924131,0.7256203572,-0.1840227674,4.906973441,5.42,7.556488414,7.996253786,Bankrupt
Todays Writing Instruments Limited,2015,0.11,0.08,0.02287633347,-0.85,2.538615848,0.3395176252,53.48,2.271736762,1.161908913,0.7975593811,-54.53,-0.6336892569,2.538615848,-2.25777332,0.5614844534,-0.09127382146,-0.6336892569,0.05807422267,0.05807422267,0.05807422267,0.02287633347,0.2336956522,0.1603835258,2.480541625,5.515362824,2.866599799,2.866599799,-0.1970912738,0.5348044132,1.161908913,0.3648360332,0.0,2.16,-0.05195048762,0.2501749475,-0.04053733702,0.05513164965,-0.6511546536,0.621704075,0.9261785356,0.2541624875,0.02925122463,0.08154879494,0.09797060882,2.538615848,-13.390553,0.1244576627,-5.966074742,6.10176509,-0.1757119828,0.2808425276,2.538615848,-0.0326965793,0.02907941525,0.8855843247,1.20956475,-1.360021494,0.3279839519,-0.2949887611,0.7585757272,0.496967728,-0.2038649489,6.665656719,5.44,6.69517609,7.410227605,Bankrupt
Todays Writing Instruments Limited,2014,0.16,0.13,0.04808718611,-0.99,1.636121324,0.3154395469,46.27,2.363073807,1.132988299,0.8211071107,-20.46,-0.2317731773,1.636121324,-1.369485294,0.4925551471,0.06957720588,-0.2317731773,0.07867647059,0.07867647059,0.07867647059,0.04808718611,0.1418439716,0.1269126913,1.557444853,4.005625563,2.480147059,2.480147059,-0.09310661765,0.4627757353,1.132988299,0.5795180046,0.0,-0.01,-0.2200595829,-0.0002964719834,-0.05612044267,0.0620342772,-0.5967981026,0.5328532853,0.9481617647,0.1916360294,0.02568188556,0.1312847593,0.107508153,1.636121324,-7.44894027,0.160391343,-3.669047033,5.879387939,-0.5702309985,0.2666360294,1.636121324,-0.03785234899,0.03168361328,0.6596872221,0.9252359662,-1.105377546,0.8440257353,-0.209824231,0.5856617647,0.4307871268,-0.2982550336,10.01787847,5.44,3.865992884,6.386106401,Probable Bankrupt
Todays Writing Instruments Limited,2013,0.2,0.17,0.1160825108,-1.1,1.671342487,0.4560341759,48.57,2.354715673,1.136615811,0.7450300509,-29.38,-0.3340268146,1.671342487,-1.34258619,0.5128914353,-0.01254568804,-0.3340268146,0.1940136323,0.1940136323,0.1940136323,0.1160825108,-0.1404958678,0.1118816459,1.477328855,3.911003236,2.381705028,2.381705028,-0.1570680628,0.4857255754,1.136615811,0.5697145221,0.0,6.25,0.02155786048,-0.008046453754,-0.1025474319,0.1240437549,-0.580132725,0.5295885344,0.9521880865,0.2046824064,0.03513065118,0.1680950411,0.1380340108,1.671342487,-6.916461916,0.1748237246,-4.838376646,5.119278779,-0.5141202545,0.3287562975,1.671342487,-0.03561180193,0.02860689166,0.7017420158,0.971687996,-1.209623222,0.7103625407,-0.2749926275,0.6699594982,0.4488017429,-0.3182988743,9.478996914,5.42,2.473521635,5.456388753,Probable Bankrupt
Todays Writing Instruments Limited,2012,0.21,0.17,0.1176645992,-1.22,1.635902439,0.3633011912,56.41,2.87851367,1.113207547,0.8047747401,-175.72,-1.956295726,1.635902439,-1.29902439,0.5807804878,-0.9172682927,-1.956295726,0.1924878049,0.1924878049,0.1924878049,0.1176645992,-8.846014493,0.1062764729,1.443414634,3.228340393,2.223707317,2.223707317,-1.169365854,0.564097561,1.113207547,0.5783635496,0.0,166.29,0.2288135593,-0.0581318826,-0.8236521947,1.101092243,-0.5503005309,0.3442433577,0.9461463415,0.09102439024,0.03514236827,0.1730081107,0.1514938797,1.635902439,-4.071344686,0.2986004475,-3.776233693,4.008471313,-0.4803476042,0.3368780488,1.635902439,-0.04145700338,0.03291984733,0.7356644584,1.061548274,-1.336841266,0.587804878,-0.6776854897,1.750146341,0.5355743452,-0.3900863688,8.911793365,5.41,1.317979708,5.241315001,Probable Bankrupt
Todays Writing Instruments Limited,2011,0.68,0.36,0.03755488791,-6.32,0.8807246082,0.1924290221,34.12,3.340126152,1.08458677,0.8601002749,-53.23,-0.5773896167,0.8807246082,-0.2837879096,0.3447486261,-0.1017708121,-0.5773896167,0.03307551394,0.03307551394,0.03307551394,0.03755488791,-0.009015639374,0.8790231279,0.8476490942,2.799288371,1.120700183,1.120700183,-0.1672094443,0.3412375331,1.08458677,0.8214120638,0.0,-86.97,0.05532359081,-0.02156738104,-0.1734458054,1.265598651,-0.1077006902,0.5799773573,0.723437818,0.1402910645,0.03151107882,0.363762422,0.5326462041,0.8807246082,-4.240277243,0.2600799128,-0.8377647589,3.456897946,-1.988195616,0.5969366986,0.8807246082,-0.9745382822,0.3140166397,0.78586996,2.351180438,-7.296795953,0.239975575,-0.3334658583,0.5119580704,0.434901878,-1.10866057,11.98938992,5.43,-1.983859222,8.497584702,Probable Bankrupt
Todays Writing Instruments Limited,2010,0.77,0.44,0.0166318927,14.5,0.7747552189,0.1646106399,29.29,4.099897453,1.08408819,0.8906169885,-56.16,-0.6087848231,0.7747552189,-0.1813689267,0.3031128764,-0.2158230187,-0.6087848231,0.01288564567,0.01288564567,0.01288564567,0.0166318927,0.12837345,0.9372756794,0.7618695732,2.867031277,0.9446702383,0.9446702383,-0.1818307778,0.2929521522,1.08408819,0.9638152012,0.0,-73.04,-0.01844553051,-0.07724650435,-0.2569895678,-3.598497496,0.05857045077,0.3915569988,0.7467208572,0.06978570109,0.02767184903,0.4389865872,0.6281411949,0.7747552189,-2.643539326,0.3007235749,-0.5046260601,3.448128525,3.070951586,0.5933862923,0.7747552189,-1.396485867,0.3269150522,0.8201329813,-3.277963272,14.00250417,0.1699150194,-0.3959047619,0.4849436542,0.3618876794,-1.489941431,10.88235294,5.55,4.808592108,7.861888833,Probable Bankrupt
Todays Writing Instruments Limited,2009,0.88,0.6,0.02348615147,3.96,0.6404938272,0.1190409813,103.74,,1.021773288,0.9882528994,-12.54,-0.128208006,0.6404938272,-0.07468186135,1.031073124,,-0.128208006,0.01504273504,0.01504273504,0.01504273504,0.02348615147,,0.1788252899,0.6254510921,0.6307893752,0.8206267806,0.8206267806,-0.1685849953,1.037492877,1.021773288,1.277800842,0.0,-36.04,0.002379906268,-0.105587187,-0.3231125082,-1.153748412,0.2185807527,0.8021698466,0.8184235518,0.7911111111,0.02073786048,0.5999051065,0.6894875712,0.6404938272,-1.275718608,1.290283757,-0.1826967754,0.7933782267,1.004235493,0.5658119658,0.6404938272,-2.431332655,0.2834944547,0.78049345,-0.4163490047,3.57073274,0.1801329535,-0.1351762135,1.19965812,1.240659086,-13.59613428,8.349267049,5.54,3.77175625,3.08669806,Probable Bankrupt
SURANA CORPORATION Limited.,2017,0.33,0.22,0.0002474961638,-0.91,1.828559648,3.068010076,23.59,4.580443325,1.002220893,1.002220893,-136.05,-1.363585889,1.828559648,-1.233903896,0.2422410845,-0.1571394091,-1.363585889,0.0004525614981,0.0004525614981,0.0004525614981,0.0002474961638,0.1611459726,0.8303579055,1.828107086,7.76548219,1.843413722,1.843413722,-0.3210772975,0.2359957359,1.002220893,0.4399491808,0.0,17.42,-0.008608199097,0.01081299305,-0.1755902784,0.3806877802,-0.4575281782,1.005125139,0.804473319,0.2359957359,0.0,0.2182751167,0.3225839889,1.828559648,1184.45,0.1280210368,-154.5239295,7.82664218,-0.01761184775,0.5946557516,1.828559648,-0.1584618394,0.1069293426,0.9919420834,1.462987694,-2.168045884,0.01485407406,-0.5810615393,0.563318382,0.2927042704,-0.1908355883,4.948216341,5.36,6.232711415,8.256305502,Bankrupt
SURANA CORPORATION Limited.,2016,0.66,0.49,0.002606970215,-2.52,0.8234557922,0.4472186525,103.97,1.019674861,1.000953831,1.000953831,-25.04,-0.2506986395,0.8234557922,-0.2768231951,1.040379284,-0.1183827428,-0.2506986395,0.002146724724,0.002146724724,0.002146724724,0.002606970215,-2.083757435,0.1364564333,0.8213090675,0.7927341488,1.451394502,1.451394502,-0.2802040692,1.039744827,1.000953831,1.042260359,0.0,-63.57,0.0016717935,0.003305468394,-0.3619888966,0.6603577411,-0.3110074493,1.020750013,0.8582553299,1.039744827,0.0,0.4916935807,0.3766257874,0.8234557922,19.41935484,0.7286941005,-5.847438957,1.395178969,-1.391108458,0.5466325972,0.8234557922,-0.5120404383,0.1721339159,0.5673549067,0.6132622215,-1.824248609,0.6279387097,-0.2126624766,1.320583353,1.210308861,-3.752409657,4.906973441,5.42,7.556488414,7.996253786,Bankrupt
SURANA CORPORATION Limited.,2015,1.99,1.12,0.004501596496,-6.26,0.4453916693,0.3087061209,86.71,1.214437796,1.002497485,1.002263907,-25.72,-0.2578967227,0.4453916693,0.4424930059,0.8704227541,-0.1010491141,-0.2578967227,0.002004973578,0.002004973578,0.002004973578,0.004501596496,0.2751675183,0.4518201092,0.4433866957,0.514886086,1.14334784,1.14334784,-0.2262433945,0.8671899285,1.002497485,1.367700173,0.0,-16.93,-0.004095349046,-0.06601824287,-0.5150489418,1.600292746,-0.1253755285,-0.2015236452,0.609162263,-0.1849704694,8.84e-05,1.115977178,0.7765656648,0.4453916693,0.04969942577,0.7611367127,7.215815486,1.319426477,-4.868968882,0.8878846752,0.4453916693,0.8832630839,0.8775147,0.3895504534,-3.086848097,-3.107069283,0.6979561703,-0.2092489318,1.096666149,1.420031383,1.954899895,6.665656719,5.44,6.69517609,7.410227605,Bankrupt
SURANA CORPORATION Limited.,2014,1.01,0.71,0.005816602128,18.4,0.8675987945,0.2481662592,291.23,0.4150101297,1.001142774,1.00069634,-8.73,-0.08742584707,0.8675987945,0.007763810761,2.912805347,-0.4145239725,-0.08742584707,0.005046476994,0.005046476994,0.005046476994,0.005816602128,-0.1858506611,0.08844730745,0.8625523175,0.2982470187,0.9506645116,0.9506645116,-0.2574409068,2.912318344,1.001142774,0.8560492662,0.0,-192.08,-0.07325035262,-0.6740884827,-0.3003319124,-5.281545064,0.05189579265,0.004580800912,0.7427073114,0.002166809003,0.0006830347531,0.7123913963,0.9207902415,0.8675987945,-0.08617315066,3.066061339,0.1120619397,0.3250670258,1.683690987,0.8753626053,0.8675987945,33.14,0.2965572223,0.9126235216,0.1573676681,17.58569385,0.08306571713,-0.08135895095,3.170246254,3.916743483,374.6863636,10.01787847,5.44,3.865992884,6.386106401,Probable Bankrupt
SURANA CORPORATION Limited.,2013,1.29,0.99,0.2140855401,1.59,0.7210923389,0.2080273271,422.61,0.2003398986,1.000654514,0.9999338397,0.62,0.006280503149,0.7210923389,0.2117117567,4.226875368,0.3077679204,0.006280503149,0.1543754428,0.1543754428,0.1543754428,0.2140855401,-0.05741516112,0.05107221043,0.566716896,0.1707372975,0.7853343579,0.7853343579,0.03545161516,4.226166835,1.000654514,1.087657507,9.64,9.51,-0.07731914336,-0.7518107655,0.06153601306,0.2067081958,0.2733429907,0.02620302471,0.7843014959,0.1010857525,0.001937836739,0.9944712387,1.187779557,0.7210923389,-0.0009693660904,5.368061909,3.623398804,0.1493958737,0.2992654921,0.9328040955,0.7210923389,1.018831016,0.2991274383,0.9181978754,0.9862395983,3.359141834,0.06424201902,0.008289088355,4.191423753,5.384922225,19.94883337,9.478996914,5.42,2.473521635,5.456388753,Probable Bankrupt
SURANA CORPORATION Limited.,2012,1.38,0.87,0.05946490541,0.52,0.6438987119,0.1489405192,624.65,0.142997324,1.000431758,0.9998845567,0.78,0.007815512349,0.6438987119,0.2460986211,6.246545523,0.2142965264,0.007815512349,0.038289376,0.038289376,0.038289376,0.05946490541,0.219881429,0.0527702932,0.6056093359,0.1031255123,0.7285649413,0.7285649413,0.0558554922,6.246531107,1.000431758,1.0413299,7.55,13.7,-0.003119086084,0.1081166647,0.0977163327,0.2318028521,0.372561241,0.01027560937,0.6705109815,0.04654984755,0.002344770272,0.8704914362,1.221575844,0.6438987119,-0.01349429913,8.561706043,2.326224705,0.1105531351,0.3119207584,0.889997333,0.6438987119,1.338849511,0.5117093921,0.8837904151,0.9066574608,2.372201715,0.08466622938,0.009020169924,6.19069003,9.312055213,25.37127292,8.911793365,5.41,1.317979708,5.241315001,Probable Bankrupt
SURANA CORPORATION Limited.,2011,1.34,0.82,0.1166955433,0.89,0.6301019238,0.3102029232,488.03,0.1743712809,1.000492744,1.000003761,1.09,0.01094945422,0.6301019238,0.2157188334,4.880388613,0.2988358119,0.01094945422,0.07353008633,0.07353008633,0.07353008633,0.1166955433,0.1462422883,0.06706587727,0.5565718375,0.1291723401,0.7843637331,0.7843637331,0.05618193995,4.880397787,1.000492744,1.067847939,7.9,14.43,0.009754162766,0.01429273199,0.09357482929,0.2734311849,0.2749187115,0.01811869494,0.6728530407,0.07736484317,0.001520503404,0.8231585691,1.07835271,0.6301019238,-0.02326454465,6.217046013,3.336739038,0.1457225286,0.7153797064,0.8458207572,0.6301019238,1.516543336,0.5191968901,0.8033287328,1.000382897,2.922059136,0.1542618093,0.01164774186,4.824206673,7.249717083,22.61274135,11.98938992,5.43,-1.983859222,8.497584702,Probable Bankrupt
SURANA CORPORATION Limited.,2010,1.29,0.74,0.05112988728,1.03,0.7231679075,0.4474923234,531.47,0.1673617954,1.000689791,1.000517343,1.19,0.01197526606,0.7231679075,0.212890395,5.313061796,0.2222585668,0.01197526606,0.0369754936,0.0369754936,0.0369754936,0.05112988728,0.2983741173,0.07500246354,0.6861924139,0.136162298,0.7626162844,0.7626162844,0.06451739523,5.314736553,1.000689791,0.8319733676,6.74,22.97,0.00194239291,0.05656589919,0.09048144597,0.2756434989,0.3112754349,0.0160943043,0.6016564393,0.08088552774,0.0006004872525,0.7435544861,1.227430258,0.7231679075,-0.03548938749,6.967282023,3.330808598,0.136627907,0.1661797939,0.9360583025,0.7231679075,1.871120398,0.5508313582,0.9482723124,0.8968197101,3.046409083,0.03944837692,0.01261152562,5.248544401,8.827418232,24.94745252,10.88235294,5.55,4.808592108,7.861888833,Probable Bankrupt
SURANA CORPORATION Limited.,2009,1.28,0.77,0.04798473534,1.55,0.7141583392,0.4132325142,376.81,,1.001130802,1.000978837,1.0,0.0100565401,0.7141583392,0.196578177,3.84495811,,0.0100565401,0.0342686989,0.0342686989,0.0342686989,0.04798473534,,0.09547455695,0.6798896403,0.1897378595,0.7700952189,0.7700952189,0.0427980216,3.768177383,1.001130802,0.8970577843,11.65,13.24,-0.004835080451,-0.3114951066,0.0668535488,0.2076686668,0.29854072,0.01542896731,0.6406412974,0.0528750715,0.0003713736456,0.772066618,1.182628452,0.7141583392,-0.04392531425,4.886337819,2.208884688,0.19549467,0.2433045514,0.9107365163,0.7141583392,1.828070175,0.5031919154,0.927363684,0.8550417094,3.10632226,0.05593687965,-0.008937736717,3.802160089,5.875239621,19.14719726,8.349267049,5.54,3.77175625,3.08669806,Probable Bankrupt
Digjam Limited,2023,1.35,1.05,0.002427970217,1.65,0.4318769661,0.3361344538,0.23,7.381316998,1.69525268,1.69525268,-36.75,-0.6232771822,0.4318769661,0.1507864383,0.2384480951,-0.02167074449,-0.6232771822,0.001048584411,0.001048584411,0.001048584411,0.002427970217,0.1066452304,0.9525267994,0.4308283817,3.153649821,0.6146102761,0.6146102761,-0.05802167074,0.2321565886,1.69525268,2.013434769,0.0,-5.16,-0.005420054201,0.1661737944,-0.1343476853,-0.1505532378,0.6270473157,1.303215926,0.8695560993,0.1713386928,0.0,1.047102622,0.9480209281,0.4318769661,-0.4898989899,0.3777297543,0.3625210084,4.480347116,0.4741520044,0.5826634044,0.4318769661,0.8650904033,0.302039495,0.7026842584,0.3912570288,1.12062398,0.18273331,-0.2169299693,0.2964697658,0.1574885441,0.9082058414,6.699034141,10.05,0.2298150623,7.002951544,Financial Distress
Digjam Limited,2022,0.69,0.29,0.008178975223,1.42,0.2844338009,0.1701548409,0.22,7.565075922,1.65835141,1.65835141,3.77,0.06399132321,0.2844338009,-0.08922340062,0.2465959631,0.0910023948,0.06399132321,0.00232637701,0.00232637701,0.00232637701,0.008178975223,0.4523095381,0.9040130152,0.2821074239,2.254338395,0.5414300376,0.5414300376,0.008073896681,0.2136161478,1.693058568,3.114746211,0.0,3.01,0.005559189012,-0.0712751169,0.02838585518,0.01760668457,0.8469606976,1.368221258,0.8859391037,0.1572357167,0.0,0.2853019004,0.3605459371,0.2844338009,4.375552283,0.3864526728,-0.1109409563,4.272776573,0.5604297225,0.1952104003,0.2844338009,-1.278374233,0.401010344,0.5253380513,-0.1945687854,0.6202626082,0.2569962367,-0.1227768216,0.2385220664,0.1424158171,-1.414110429,5.131407472,7.33,0.1472360633,9.050277908,Financial Distress
Digjam Limited,2021,0.32,0.09,0.004103616312,1.24,0.2934888973,0.1668752607,0.04,-43.46010638,-1.539893617,-1.539893617,147.04,-2.377659574,0.2934888973,-0.1981934513,0.04599171998,-0.4600677456,-2.377659574,0.001204365826,0.001204365826,0.001204365826,0.004103616312,-1.427163198,-2.428191489,0.2922845314,-10.36968085,0.5068121942,0.5068121942,-0.1138878434,0.04576590139,-1.617021277,3.173121313,0.0,-15.86,-0.00518134715,0.1459973266,-0.3880482175,-0.2309218559,0.9731174811,-1.938829787,0.931275875,0.03665788483,0.0,0.09053603488,0.1880291104,0.2934888973,3.209049774,0.08599435616,-0.2196912808,-17.8643617,0.4325396825,0.09529544599,0.2934888973,-0.3467527535,0.2341626058,0.5790880737,-0.4018620269,0.5950854701,0.213323297,-0.7274011299,0.1598795634,-0.03039120595,0.1428028864,6.623436776,5.98,4.203910403,-5.83105322,Financial Distress
Digjam Limited,2020,0.17,0.02,0.003391440005,7.54,0.7600659896,0.5210463734,0.41,-18.57619944,-0.07431796802,-0.07431796802,-2165.96,1.654750706,0.7600659896,-0.6281899263,0.004588338403,-0.03603650049,1.654750706,0.002577718204,0.002577718204,0.002577718204,0.003391440005,-0.05505415162,-2.08466604,0.7574882714,-13.86923801,0.9242666392,0.9242666392,-0.09063257205,0.00417590349,-0.07619943556,1.165366615,0.0,-35.36,-2.924050633,-0.02761044177,-0.1192430306,-1.196732471,0.08193886658,-0.3170272813,0.8857555292,0.004227457854,0.0,0.02319744964,0.1426818385,0.7600659896,10.28642857,0.004406514949,-0.7244351962,-16.81843838,2.168141593,0.1318760633,0.7600659896,-0.1818629462,0.150308621,0.8223449353,-8.294758339,10.03607897,0.1642006496,-0.9572279372,0.09522091045,-0.06187067109,0.08723840788,3.729505735,8.0,6.894875427,3.871436941,Financial Distress
Digjam Limited,2019,0.22,0.05,0.01826118589,2.91,0.6839669586,0.5129946148,4.58,-24.4539627,-1.046620047,-1.046620047,-481.58,5.17016317,0.6839669586,-0.5341361465,0.05125398089,-0.08812699045,5.17016317,0.01249004777,0.01249004777,0.01249004777,0.01826118589,-0.5299401198,-2.724941725,0.6714769108,-16.01981352,0.8401671975,0.8401671975,-0.2207404459,0.04583001592,-1.073426573,1.291960713,0.0,-45.74,0.2650334076,-0.05549632788,-0.3227355402,-1.381070984,0.1902392798,-1.334498834,0.8836584395,0.04383957006,0.0,0.04896325937,0.1783345179,0.6839669586,6.526210684,0.05318644871,-0.628307188,-19.38578089,0.9772727273,0.1498308121,0.6839669586,-0.2178125582,0.1700982175,0.8140843402,-3.341843088,4.279265255,0.1562002389,-0.8357116722,0.2719944268,-0.04831625183,0.07993292342,3.938826467,5.27,5.36166639,6.453851345,Bankrupt
Digjam Limited,2018,0.41,0.08,0.01333212407,1.13,0.5042301184,0.504751483,26.98,6.823617788,1.722055288,1.722055288,-55.74,-0.9885817308,0.5042301184,-0.2983948415,0.2745689852,-0.07701102117,-0.9885817308,0.006722458499,0.006722458499,0.006722458499,0.01333212407,-0.1411797596,1.074819712,0.4975076599,3.313100962,0.6560570723,0.6560570723,-0.1504550236,0.2698586912,1.773137019,1.658806457,0.0,-17.3,-0.0006979584715,-0.03527115572,-0.298385634,-0.4374418295,0.5242576328,1.088040865,0.8364201765,0.1530159601,0.0,0.08380192273,0.3137459919,0.5042301184,34.4778157,0.3994841768,-0.3757991131,4.266526442,0.4414306608,0.2058352769,0.5042301184,-0.5481992337,0.324415019,0.7685766067,-0.8675708018,1.466028454,0.1518269539,-0.3833656122,0.4250240088,0.1819573537,-0.5100383142,3.328173375,5.33,5.327608862,6.795383419,Bankrupt
Digjam Limited,2017,0.64,0.2,0.01877781396,0.76,0.3911935799,0.4968817326,42.12,,1.356065943,1.356065943,-21.77,-0.3043539524,0.3911935799,-0.1402912827,0.4262239395,,-0.3043539524,0.007345760265,0.007345760265,0.007345760265,0.01877781396,,0.5751726081,0.3838478196,1.29815415,0.5451573182,0.5451573182,-0.08721498026,0.4212559976,1.397914612,2.113209595,0.0,-4.89,-0.002078137988,-0.1144948984,-0.2229458374,-0.1917475728,0.834332892,0.8702268564,0.8266740266,0.2502229205,0.0,0.1983067405,0.4602383363,0.3911935799,-8.019543974,0.7495910896,-0.1873228257,1.78469776,0.3384988798,0.2509022971,0.3911935799,-1.235472155,0.4430695756,0.7175792507,-0.3084391337,0.8600634802,0.1539637383,-0.2041018855,0.5134389198,0.3645282244,-2.148002421,4.948216341,5.36,6.232711415,8.256305502,Bankrupt
Gemini Communication Limited,2018,0,0.0,0.0,0.0,0.0,0.0,0,4.041899441,1.05027933,1.05027933,-1158.82,-12.16573557,0.0,0.0,0.0,0,-12.16573557,0.0,0.0,0.0,0.0,0,0.0,0.0,0.0,0.0,0.0,0.0,0.0,1.05027933,0.0,0.0,0.0,0.0,0.0,0.0,0.0,0.0,1.366852886,0.0,0.0,0.0,0.0,0.0,0.0,0.0,0.0,0.0,0.0,0.0,0.0,0.0,0.0,0.0,0.0,0.0,0.0,0.0,-0.9205298013,0.0,0.0,0.0,3.328173375,5.33,5.327608862,6.795383419,Bankrupt
Gemini Communication Limited,2017,0.13,0.13,4.52e-05,-0.87,5.097212624,0.8875358166,15.38,11.86634845,1.594272076,1.594272076,-36.53,-0.5823389021,5.097212624,-4.418797512,0.1568762958,-0.2907164248,-0.5823389021,0.0002303616678,0.0002303616678,0.0002303616678,4.52e-05,-0.5,0.02386634845,5.096982262,52.80906921,10.13314904,10.13314904,-0.05805114029,0.1538815941,1.594272076,0.195733719,0.0,1.41,-0.05089820359,-0.001000272802,-0.01175035025,0.006557873231,-0.9013139947,1.754176611,0.9976963833,0.1538815941,0.0,0.1326433769,0.06695007729,5.097212624,60.73417722,0.01536782759,-13.74068768,104.9809069,-0.5513910258,0.6784151117,5.097212624,-0.0005213220728,0.0004519365481,0.5030235519,0.4838197089,-0.5581002346,5.03593642,-0.2840300107,0.2149274361,0.09674440083,-0.02184339485,4.948216341,5.36,6.232711415,8.256305502,Bankrupt
Gemini Communication Limited,2016,0.18,0.18,0.0,-0.87,4.129751919,0.8474692202,54.94,3.759557945,1.838709677,1.838709677,-63.74,-1.172043011,4.129751919,-3.390862038,0.5555952168,-0.2464751026,-1.172043011,0.0,0.0,0.0,0.0,-68.53333333,0.008960573477,4.129751919,13.82258065,8.032661074,8.032661074,-0.3519543102,0.5493485633,1.838709677,0.2414970396,0.0,11.24,-0.001299545159,-0.0003110627236,-0.08565625135,0.05029946198,-0.8755082543,1.897849462,0.9973228628,0.5493485633,0.0,0.1782704525,0.09198569111,4.129751919,12.6506986,0.06861154931,-12.99521204,26.88590203,-0.5549690387,0.7388898804,4.129751919,-0.0007895152376,0.0006482561908,0.5141200258,0.4821591717,-0.5872246472,3.902909156,-0.3946902655,0.907549527,0.2995705082,-0.08810990052,4.906973441,5.42,7.556488414,7.996253786,Bankrupt
Gemini Communication Limited,2015,0.24,0.19,0.0001777224863,-0.92,3.222651775,0.7937219731,71.68,8.169470661,2.054164957,2.054164957,-374.07,-7.684448092,3.222651775,-2.447594502,0.7167812142,-3.701317297,-7.684448092,0.0005727376861,0.0005727376861,0.0005727376861,0.0001777224863,-3.983700863,0.4279852277,3.222079038,9.235535494,6.361111111,6.361111111,-2.758304696,0.7167812142,2.054164957,0.2639623228,0.0,83.93,-0.008589692369,0.3251924549,-0.879770738,0.528844613,-0.8427947598,4.012720558,0.8506586483,0.7167812142,0.0,0.1941618163,0.1218430649,3.222651775,2.470307818,0.1247692793,-10.95067265,18.22814936,-0.5854121041,0.7750572738,3.222651775,-0.06101556102,0.04634113831,0.5066177464,0.4565461247,-0.6011163934,3.138459336,-0.793737124,3.475085911,0.410200303,-0.1425646426,6.665656719,5.44,6.69517609,7.410227605,Probable Bankrupt
Gemini Communication Limited,2014,1.09,0.87,0.001924573113,-2.28,0.7437717001,0.1968228753,21.58,14.30324871,1.524526678,1.524526678,-769.2,-11.72719449,0.7437717001,0.0642017421,0.2205640495,-2.049552293,-11.72719449,0.001431443016,0.001431443016,0.001431443016,0.001924573113,-0.3347441324,1.118330465,0.7423402571,5.25408778,1.570018883,1.570018883,-1.677346653,0.2158128769,1.524526678,1.131648991,0.0,-647.98,-0.04967541631,-0.1552667313,-2.278407928,2.972910878,-0.3630649855,2.228700516,0.8416884936,0.2158128769,0.0,0.8734695549,0.5146265761,0.7437717001,0.5410611101,0.148457808,0.3348689436,11.08067986,-1.449508442,0.8079734422,0.7437717001,2.465844402,0.2128495967,0.4737342386,-0.112630904,-1.304819406,0.8262471828,-0.8862892355,1.897910702,0.1681864235,2.204933586,10.01787847,5.44,3.865992884,6.386106401,Probable Bankrupt
Gemini Communication Limited,2013,2.1,1.93,0.009295715584,1.02,0.4286770067,0.1283272916,33.04,2.850835673,1.080205001,1.080205001,7.98,0.08627668604,0.4286770067,0.4701035664,0.3346083552,0.2556002756,0.08627668604,0.003984859531,0.003984859531,0.003984859531,0.009295715584,-0.02724127991,0.2264803813,0.4246921471,1.401155579,0.6403839048,0.6403839048,0.03209859282,0.3304836761,1.080205001,2.171120378,0.0,4.61,-0.05790093983,-0.08401303785,0.08818116161,0.1051155299,0.5615632944,1.207286022,0.9307093849,0.3304836761,0.0,1.934999884,1.403502753,0.4286770067,-6.32015748,0.507166139,4.875297773,2.080107071,0.5887025106,0.8987805731,0.4286770067,0.1473943617,0.1616382825,0.6694062788,1.307237281,1.192040658,0.2117068981,0.09247276329,0.3025097624,0.3287227307,0.6508041044,9.478996914,5.42,2.473521635,5.456388753,Probable Bankrupt
Gemini Communication Limited,2012,2.04,1.8,0.07825969372,1.58,0.3968686272,0.07837798057,72.58,1.501127429,1.079578561,-0.2177036357,6.37,0.06880312887,0.3968686272,0.4143769454,0.7313244607,-0.01855479232,0.06880312887,0.03105881722,0.03105881722,0.03105881722,0.07825969372,-0.2940928862,0.1422157481,0.36580981,0.5902741749,0.6681737684,0.6681737684,0.04368358914,0.7258505957,1.079578561,2.27879382,1.26,7.57,-0.02500831762,0.1887838082,0.09634562726,0.1152306635,0.4966166697,1.188111107,0.9043817752,0.7258505957,0.6526916049,1.803184477,1.214123647,0.3968686272,-2.520313992,0.4417806156,2.273035031,0.9475994732,0.8176120972,0.8112455726,0.3968686272,0.2307517969,0.2409316791,0.5939602032,1.248776938,1.196013423,0.2713051411,0.05556639482,0.6876408715,0.7434318859,1.622547432,8.911793365,5.41,1.317979708,5.241315001,Probable Bankrupt
Gemini Communication Limited,2011,1.42,1.2,0.08602049671,1.88,0.5616644055,0.0711622953,72.53,1.219952686,1.05910411,-0.5326101591,11.65,0.1234204604,0.5616644055,0.2342760047,0.7325307235,0.3290348925,0.1234204604,0.04831465114,0.04831465114,0.04831465114,0.08602049671,0.5836495717,0.1773892639,0.5133497543,0.8201296328,0.7176859548,0.7176859548,0.09900025027,0.725325676,1.05910411,1.564128421,1.67,19.16,0.03953437693,-0.06836618581,0.2020355995,0.4019502636,0.3933671035,1.130959937,0.8785152597,0.725325676,0.7594427926,1.200816116,1.109037184,0.5616644055,-1.257600235,0.2310318247,1.183996805,0.977400804,0.5526524518,0.7959404102,0.5616644055,0.5185539188,0.216294177,0.7826047058,0.8298418327,1.98950217,0.1560215493,0.144894692,0.6335304733,0.7795519971,2.923254245,11.98938992,5.43,-1.983859222,8.497584702,Probable Bankrupt
Gemini Communication Limited,2010,2.47,2.22,0.0973682492,1.83,0.3006144604,0.07617960426,68.75,,1.068558352,1.068558352,9.31,0.09955758963,0.3006144604,0.4414299456,0.687646008,,0.09955758963,0.0292703037,0.0292703037,0.0292703037,0.0973682492,,0.1171624714,0.2713441567,0.4672158658,0.7205088439,0.7205088439,0.07821119378,0.68752822,1.068558352,3.075752628,1.55,9.05,0.009651076466,0.09465424228,0.3072552733,0.3304769263,0.3879080159,1.163722349,0.9246157168,0.68752822,0.0,2.217658199,1.029889379,0.3006144604,-3.474841595,0.9345812217,1.711263318,1.074324943,1.502353024,0.7420444061,0.3006144604,0.1707729254,0.2507673219,0.4172252193,1.579405774,1.07557772,0.4198943835,0.1281407035,0.6094348142,0.695874647,1.457573601,10.88235294,5.55,4.808592108,7.861888833,Probable Bankrupt
Sunil Hitech Engineers Limited,2018,1.25,1.15,0.1035968643,1.08,0.6748332401,0.1463793869,112.33,0.8042176115,1.018806691,-0.09314835399,-0.23,-0.002353409356,0.6748332401,0.1678149532,1.130863068,0.2271035954,-0.002353409356,0.0699106076,0.0699106076,0.0699106076,0.1035968643,-0.8040745815,0.0575899167,0.6049226325,0.6122329258,0.7575741533,0.7575741533,-0.0009793837823,1.12333051,1.019125739,1.387782205,-41.34,15.48,-0.001582630129,0.02090425373,0.0009469856159,0.002636094213,0.3200027952,1.032892841,0.9365215616,1.122978839,0.8089317267,1.154610811,1.11229797,0.6748332401,-2.877763872,0.6712671332,1.408231262,0.6238730394,0.3413040087,0.8426481932,0.6748332401,0.3782644945,0.09406537002,0.8907817632,0.6922321011,2.783668694,0.08274091328,-0.007851181686,1.131842452,1.176960814,6.568241736,3.328173375,5.33,5.327608862,6.795383419,Bankrupt
Sunil Hitech Engineers Limited,2017,1.36,1.11,0.135624487,1.16,0.6020382203,0.1378254211,125.16,0.7779009254,1.021627386,-0.01316414846,1.58,0.01623152286,0.6020382203,0.2143653923,1.258207188,0.09418573931,0.01623152286,0.08165112479,0.08165112479,0.08165112479,0.135624487,0.1610037973,0.1209575959,0.5203870955,0.4914708619,0.7366116422,0.7366116422,0.03255966418,1.251612083,1.021747205,1.414910648,6.39,22.18,0.007341902796,0.0426543747,0.07513835502,0.1717470047,0.3575674652,1.036880384,0.8518302886,1.251465307,0.8604201675,1.109952622,1.108322983,0.6020382203,-1.465237167,0.8213192171,1.597571647,0.534673712,0.5109315501,0.8164036126,0.6020382203,0.6912016433,0.2461134633,0.8173075007,0.8138757314,2.285743475,0.1345734219,0.02050974992,1.225647524,1.43804743,5.714412872,4.948216341,5.36,6.232711415,8.256305502,Bankrupt
Sunil Hitech Engineers Limited,2016,1.27,1.04,0.1079546443,1.13,0.6211522985,0.06181779268,109.17,0.8936313078,1.03623363,-0.7071324227,2.76,0.02862707912,0.6211522985,0.1647753358,1.099398843,0.1166665766,0.02862707912,0.06705627542,0.06705627542,0.06705627542,0.1079546443,0.1429808336,0.1302391143,0.5540960231,0.5894666701,0.7384886277,0.7384886277,0.04590505717,1.091750701,1.036059356,1.388967148,4.86,7.61,-0.004199560753,0.06853853693,0.09924175232,0.2357229899,0.3541169931,1.055075732,0.8627601368,1.091934343,1.243808785,1.044329664,1.064237965,0.6211522985,-0.4744532341,0.2134853649,1.088214311,0.6371818857,0.4486853791,0.7859276343,0.6211522985,0.8328908119,0.2209439836,0.8411128827,0.6300886052,2.375240102,0.1173363292,0.03560680246,1.053493786,1.221374285,6.395089652,4.906973441,5.42,7.556488414,7.996253786,Bankrupt
Sunil Hitech Engineers Limited,2015,1.27,1.04,0.101769777,1.15,0.603590493,0.05876923077,112.29,0.9095393802,1.043065112,-0.7165254478,2.49,0.02605061132,0.603590493,0.1600924527,1.133799673,0.04403123338,0.02605061132,0.06142726989,0.06142726989,0.06142726989,0.101769777,0.1789125643,0.1238328121,0.5421632231,0.5613477396,0.7401233926,0.7401233926,0.04251481262,1.122952373,1.044361672,1.436153293,5.15,8.22,0.008199626001,0.1158110408,0.09446577452,0.2194066022,0.3511260554,1.060585726,0.8668484741,1.121558245,1.278167909,1.044634445,1.031831926,0.603590493,-0.4135535949,0.2176021546,1.007,0.6311970429,0.5253758735,0.7636829458,0.603590493,0.8317164464,0.2205991106,0.8155268419,0.6160325639,2.322604174,0.1365328996,0.02655878793,1.091284861,1.240415612,6.716446414,6.665656719,5.44,6.69517609,7.410227605,Probable Bankrupt
Sunil Hitech Engineers Limited,2014,1.21,1.03,0.08842054264,1.31,0.6600913382,0.06696143454,100.71,0.9485686332,1.051015895,-0.6991784384,1.88,0.01991583349,0.6600913382,0.1365787824,1.013419299,0.1891878062,0.01991583349,0.05852554016,0.05852554016,0.05836563431,0.08842054264,0.2698545861,0.1198166564,0.6017257039,0.6915592248,0.7692366734,0.7692366734,0.03076588505,1.007182971,1.055197416,1.341686047,5.59,5.49,0.001032893185,0.114265283,0.06441860465,0.1842674206,0.299990022,1.069960061,0.8856353379,1.003191721,1.085852791,1.033653101,1.035663208,0.6600913382,-0.3326628352,0.2030033925,1.049029722,0.7447596966,0.4729752204,0.7966701206,0.6600913382,0.8373530651,0.173255814,0.8581121533,0.5918565331,2.860468984,0.1091453352,0.016793595,0.9826534137,1.077754185,6.988619866,10.01787847,5.44,3.865992884,6.386106401,Probable Bankrupt
Sunil Hitech Engineers Limited,2013,1.21,1.05,0.1025930384,1.44,0.62913761,0.06217721519,98.83,0.9877767567,1.060635455,0.6088902503,2.87,0.03069212573,0.62913761,0.1329241741,0.9953220157,0.1684784324,0.03069212573,0.064545139,0.064545139,0.064545139,0.1025930384,0.05116813481,0.111085584,0.564592471,0.678613366,0.744028273,0.744028273,0.04384525575,0.9883089836,1.06603019,1.425782426,4.13,7.57,0.006217508504,0.02425887442,0.06969104223,0.1712894477,0.3440349464,0.7304504688,0.8970133476,0.6511233473,0.2814474744,1.047585014,1.024237669,0.62913761,0.1197992297,1.040152254,0.853164557,0.7329180919,0.4488412229,0.7620617841,0.62913761,0.7747774481,0.1636949544,0.845582934,0.5192924063,2.457840237,0.114890663,0.02391118702,0.95147676,1.033532966,6.974599407,9.478996914,5.42,2.473521635,5.456388753,Probable Bankrupt
Sunil Hitech Engineers Limited,2012,1.05,0.88,0.05601008648,1.33,0.6922595274,0.05813017751,90.86,1.087398442,1.076965316,0.4409144394,3.05,0.03282344372,0.6922595274,0.03736943467,0.9270826416,0.1588699043,0.03282344372,0.03877351599,0.03877351599,0.03877351599,0.05601008648,0.6263824978,0.1388132459,0.6534860114,0.8177172634,0.730406899,0.730406899,0.04947489256,0.9086872788,1.073368073,1.274787924,4.88,9.28,-0.003465032309,-0.008650474088,0.1040852965,0.2672695921,0.3690998831,0.7568442876,0.8824840855,0.6098171848,0.3686063125,0.8842248078,0.9989349266,0.6922595274,-0.3893446401,0.8487336018,0.1864615385,0.8169776433,0.1414998065,0.729628962,0.6922595274,3.144706778,0.1697570201,0.947772438,0.1386142098,2.567793926,0.03814737162,0.02918729596,0.877607749,0.9593098258,22.65422696,8.911793365,5.41,1.317979708,5.241315001,Probable Bankrupt
Sunil Hitech Engineers Limited,2011,1.01,0.93,0.03622398255,1.14,0.7033757797,0.07001938648,91.17,1.035594491,1.067650579,0.3792536469,4.63,0.04930086947,0.7033757797,0.003688205637,0.9196038845,0.2240443938,0.04930086947,0.0333743134,0.0333743134,0.02547907197,0.03622398255,-0.1335350043,0.06087631375,0.6778967077,0.8203043816,0.7325317783,0.7325317783,0.06939917213,0.9117312009,1.063296634,1.347503287,4.05,13.8,-0.01381120173,0.04334303355,0.1380327764,0.3629923252,0.3651284894,0.7522328769,0.9478011753,0.6143964088,0.4028977474,0.931031718,0.9652331901,0.7033757797,-0.2283393502,0.8090289005,0.01864522751,0.8245925575,0.1090073374,0.7070639853,0.7033757797,14.1529052,0.07421185979,0.9601983155,0.01378932276,2.629754575,0.02915599869,0.0678031308,0.8502047123,0.9046803042,232.4862385,11.98938992,5.43,-1.983859222,8.497584702,Probable Bankrupt
Sunil Hitech Engineers Limited,2010,1.08,0.96,0.1380579844,1.41,0.6317135922,0.08171957144,111.57,,1.040430102,0.4069756447,2.84,0.02946142728,0.6317135922,0.05209529485,1.1293225,,0.02946142728,0.08721310522,0.08721310522,0.08721310522,0.1380579844,,0.07086412082,0.5445004869,0.5870672304,0.7102635289,0.7102635289,0.06910185037,1.115731791,1.03687744,1.462287161,0.0,8.41,0.02939419906,0.09821136215,0.1505292223,0.3281994682,0.407928127,0.5594834457,0.923746675,0.5696905388,0.4798420105,0.9617579383,0.9627537656,0.6317135922,-0.05096439852,1.05981909,0.2385040261,0.5790163314,0.2711082125,0.683808887,0.6317135922,1.463727679,0.1207086977,0.8894073346,0.1798023378,2.180304018,0.07854993677,0.05235810255,1.060220649,1.164875454,20.65541295,10.88235294,5.55,4.808592108,7.861888833,Probable Bankrupt
Ashapura Minechem Limited,2023,1.28,0.91,0.05462217161,1.14,0.4693944472,0.02266590701,0.67,1.619052689,1.062810934,1.029873349,5.02,0.05447005862,0.4693944472,0.1328530533,0.6285951318,0.205042612,0.05447005862,0.02563934405,0.02563934405,0.02563934405,0.05462217161,0.2219692979,0.3144450952,0.4437551031,0.8467881713,0.7844871967,0.7844871967,0.03993953325,0.6003554553,1.083041994,1.759065855,0.0,11.5,0.0262766816,0.04067079645,0.1058562177,0.2305585564,0.2747180632,0.8428484386,0.8256957447,0.443417355,0.01163694731,0.9116921766,0.7676957674,0.4693944472,-0.4758337725,0.7269246524,0.5018083183,1.368962478,1.462060466,0.6022475005,0.4693944472,1.312007898,0.3713385541,0.5983455806,0.616450862,2.178035087,0.3150927496,0.0008244344547,0.5886555986,0.6713409186,4.172454646,6.699034141,10.05,0.2298150623,7.002951544,Financial Distress
Ashapura Minechem Limited,2022,1.14,0.77,0.02913110322,1.22,0.4668462367,0.02425093757,0.42,2.01946357,1.085320592,0.9654780693,5.48,0.06083178688,0.4668462367,0.06417908601,0.566528208,0.07878942874,0.06083178688,0.01359974591,0.01359974591,0.01359974591,0.02913110322,0.3009647702,0.3586343849,0.4532464908,0.9814426195,0.785076991,0.785076991,0.03357656405,0.5270943072,1.108101077,1.776617364,5.28,10.58,-0.007262877825,0.05917184635,0.08187103501,0.1778366344,0.2737604229,0.9138816143,0.8294071303,0.4107313009,0.03630593662,0.7720581739,0.6763990395,0.4668462367,-2.597724298,0.6153672364,0.2061859769,1.621863022,1.480673269,0.5310253227,0.4668462367,2.658075712,0.3654155401,0.5946502598,0.2986143098,2.172155689,0.3182307543,-0.03132255967,0.532951644,0.57351025,7.411658847,5.131407472,7.33,0.1472360633,9.050277908,Financial Distress
Ashapura Minechem Limited,2021,1.16,0.86,0.04530621848,1.48,0.4377244436,0.02520643199,51.4,1.905755741,1.079598668,1.079598668,6.52,0.07039286856,0.4377244436,0.06898759683,0.5413065867,0.1850221645,0.07039286856,0.01983163928,0.01983163928,0.01983163928,0.04530621848,0.2250778277,0.2718484945,0.4178928044,0.9192353262,0.8056194869,0.8056194869,0.03500649263,0.5140867774,1.079598668,1.988808986,0.0,10.42,-0.004581442545,-0.01091602332,0.1031537384,0.2322913547,0.2412807986,0.8778421379,0.8705503067,0.3978820579,0.0,0.8618717841,0.6289719263,0.4377244436,-1.039411901,0.6255314892,0.2231928147,1.650179602,1.892653936,0.5067120405,0.4377244436,1.876419809,0.2957332979,0.543338947,0.3549100458,2.251894681,0.3678950432,0.01537958115,0.506300094,0.5469910503,6.90244694,6.623436776,5.98,4.203910403,-5.83105322,Financial Distress
Ashapura Minechem Limited,2020,1.03,0.73,0.06340456694,1.24,0.4126444297,0.03130228291,18.36,5.058582224,1.14170565,1.14170565,111.95,1.346815401,0.4126444297,0.01096649067,0.1924465274,0.4552632013,1.346815401,0.02626793181,0.02626793181,0.02616354136,0.06340456694,0.2833549078,0.8061532926,0.3864808883,2.70259086,0.8098445681,0.8098445681,-0.05534341708,0.1836832245,1.20302267,2.125104853,0.0,-6.52,-0.02811396873,0.0106784985,-0.1354903136,-0.2940190696,0.2348048494,0.8225620727,0.8769126801,0.1099945607,0.0,0.7282870648,0.5230768187,0.4126444297,-4.138511458,0.2159512615,0.03590767626,5.132673624,2.088818261,0.4236109203,0.4126444297,11.2239479,0.298289062,0.5095353428,0.0576711933,2.170037561,0.3972001385,-0.2964966741,0.2477899445,0.1741162613,13.92284569,3.729505735,8.0,6.894875427,3.871436941,Financial Distress
Ashapura Minechem Limited,2019,0.44,0.3,0.0544105965,-0.55,1.130008977,0.06878285963,62.67,2.156085508,1.111977885,0.7567311698,-54.56,-0.6419509978,1.130008977,-0.6297416967,0.6438722301,-0.2970236114,-0.6419509978,0.0653070693,0.0653070693,0.06148446246,0.0544105965,-0.5262535036,0.3039913659,1.068524514,2.1213504,1.301431208,1.301431208,-0.04348089201,0.6267158865,1.176525164,0.7416478485,0.0,18.48,0.01864527993,-0.1684840312,-0.03385488722,0.1269156127,-0.2316151682,0.8066421782,0.8380687262,0.3968854327,0.07270233196,0.2994100163,0.3843977897,1.130008977,-7.686251469,0.3784225741,-2.46815828,2.32773507,-0.5686943719,0.5002672799,1.130008977,-0.2571391963,0.1433008738,0.8682817574,2.089172188,-3.748812153,0.1714222316,-0.1382412068,0.6873531221,0.6356087229,-0.8458766437,3.938826467,5.27,5.36166639,6.453851345,Bankrupt
Ashapura Minechem Limited,2018,0.6,0.37,0.0393600693,-3.72,0.8258343961,0.05459337349,61.77,1.829975558,1.103968579,0.8084372925,-9.19,-0.1032056625,0.8258343961,-0.3293415036,0.6234641824,-0.01448723133,-0.1032056625,0.03348471181,0.03348471181,0.03250489906,0.0393600693,-0.03558602677,0.3461946002,0.793329497,1.500388522,1.036672991,1.036672991,-0.03573983639,0.6177175029,1.122278578,0.9801598885,0.0,-12.55,-0.002418735603,-0.01344215074,-0.03200595109,0.7207379135,-0.03537566011,0.8455800285,0.8094497496,0.435472332,0.07845505281,0.370464882,0.4789291287,0.8258343961,-6.116742909,0.4987097936,-1.328815261,1.824387901,-5.749151824,0.4964928925,0.8258343961,-0.578579524,0.2307366359,0.7966199592,8.980491942,-22.51887193,0.2108385953,-0.07822250534,0.6592040188,0.6799850133,-1.671255195,3.328173375,5.33,5.327608862,6.795383419,Bankrupt
Ashapura Minechem Limited,2017,0.54,0.33,0.03694696244,-52.05,0.9360871998,0.05273046851,63.84,1.851263166,1.099374509,0.8186347513,-4.35,-0.04907801034,0.9360871998,-0.4310473022,0.646908224,-0.0962601277,-0.04907801034,0.03458557861,0.03458557861,0.03458557861,0.03694696244,-0.1240936318,0.3435596112,0.9015016212,1.65336709,1.001786002,1.001786002,-0.01421136142,0.63843813,1.127643443,0.8604826361,0.0,-3.48,-0.0007142681215,0.05528264928,-0.0006714651862,0.3519313305,-0.001782817617,0.9083696623,0.8054867813,0.4771844028,0.07933155817,0.3317283678,0.5041395036,0.9360871998,-12.05821513,0.5284332629,-1.704163889,1.708320923,-36.78540773,0.5050398976,0.9360871998,-0.4512572465,0.2077939093,0.9344183271,241.3476395,-524.1244635,0.06569880192,-0.05851662048,0.6611195855,0.7028919997,-1.313475833,4.948216341,5.36,6.232711415,8.256305502,Bankrupt
Ashapura Minechem Limited,2016,0.61,0.39,0.05328944821,9.32,0.9028646944,0.03906600808,124.13,0.7651782626,1.046739506,0.7090604387,8.61,0.09126042201,0.9028646944,-0.3528461651,1.247620912,0.205800709,0.09126042201,0.04811316137,0.04811316137,0.04811316137,0.05328944821,0.2690972831,0.1701217839,0.854751533,0.7700955425,0.986512093,0.986512093,0.1276002154,1.241355923,1.058810549,0.8866757018,0.0,116.85,0.005053814291,0.1635716716,0.1760929332,11.78745464,0.01367231799,1.003834822,0.8005481866,1.146234364,0.2006549104,0.3882826718,0.5575385575,0.9028646944,122.8429238,1.011510547,-1.13298159,0.8004043561,6.201658891,0.5500185293,0.9028646944,-0.5652656402,0.220909971,0.9152089476,-26.16018663,66.93882841,0.08364739856,0.08510943801,1.120020697,1.46450407,-3.32271169,4.906973441,5.42,7.556488414,7.996253786,Probable Bankrupt
Ashapura Minechem Limited,2015,0.55,0.38,0.0476681119,-1.09,1.068090576,0.04947257684,154.32,,1.037571461,0.7169131249,-2.23,-0.02332700777,1.068090576,-0.4768365263,1.549505212,,-0.02332700777,0.05116917876,0.05116917876,0.05091386111,0.0476681119,,0.1244166756,1.017176715,0.7239667251,1.126945697,1.126945697,0.1953708269,1.543219115,1.046015492,0.7643960501,0.0,-311.36,0.0102892966,0.1456137747,0.2073723602,-1.744781191,-0.1126457974,1.009595761,0.8164442175,1.458805818,0.2098935181,0.3817075784,0.524651766,1.068090576,46.64800995,1.125254877,-1.539933468,0.7293494217,-0.4636243845,0.5912540499,1.068090576,-0.3849448865,0.1718541354,0.9477746615,3.756224426,-8.413759623,0.05885512044,0.1213916051,1.354134385,1.807020003,-3.093997526,6.665656719,5.44,6.69517609,7.410227605,Probable Bankrupt
Jaihind Projects Limited,2017,1.74,1.74,0.05328942444,191.81,0.4422341746,0.0825230405,10.1,10.53024941,1.028985507,-0.5847657567,-12.61,-0.129760701,0.4422341746,0.3288705006,0.1062308647,-0.06823334712,-0.129760701,0.02364915184,0.02364915184,0.02356640463,0.05328942444,0,0.03673744523,0.41866777,4.503201887,0.9955978486,0.9955978486,-0.01274306992,0.1010508895,1.028985507,2.253087344,0.0,-0.91,-0.003439240092,0.0001662261673,-0.02881520844,-2.894736842,0.004421616051,1.225817324,0.9963922218,0.1001241208,0.07958908891,1.73549884,0.774514204,0.4422341746,-14.66716418,0.02190860885,1.680223218,9.898045163,125.7030075,0.7711046752,0.4422341746,0.01097020934,0.008158072001,0.4441895643,74.70676692,100.4586466,0.553363674,-0.1506468215,0.1189739346,0.09855996811,0.2986111111,4.948216341,5.36,6.232711415,8.256305502,Bankrupt
Jaihind Projects Limited,2016,1.55,1.54,0.04551794092,-91.92,0.4887525562,0.07473200613,18.6,5.489356245,1.026758998,-1.034111311,-26.73,-0.2745148329,0.4887525562,0.2684668774,0.1895798476,0.01050381112,-0.2745148329,0.02232447171,0.02232447171,0.02224700998,0.04551794092,-0.9449541284,0.01863725742,0.4665055463,2.697101821,1.010472826,1.010472826,-0.04974592551,0.1860630848,1.026758998,2.039114999,0.0,-7.65,-0.00682764363,-0.06364221759,-0.1017497147,4.74852071,-0.01036428309,1.126271694,0.9966226684,0.1827012456,0.1847939409,1.542379866,0.749371397,0.4887525562,-11.58496953,-0.0006745983074,1.326875957,5.45336411,-49.81656805,0.7572194336,0.4887525562,0.01258006809,0.006910105236,0.4836869864,-25.63461538,-46.66863905,0.5217202702,-0.2225530813,0.2393257731,0.181828074,0.674995672,4.906973441,5.42,7.556488414,7.996253786,Bankrupt
Jaihind Projects Limited,2015,1.63,1.62,0.05336663618,35.57,0.4450602787,0.0660843659,45.13,2.669314903,1.027004881,-0.2905340411,-9.0,-0.09248637287,0.4450602787,0.282448724,0.4853452325,-0.3461719117,-0.09248637287,0.02382965398,0.02382965398,0.02375136997,0.05336663618,-4.323113208,0.01510563255,0.4213089087,1.012718658,0.9764678253,0.9764678253,-0.05520588696,0.4513386566,1.027004881,2.231970731,0.0,0.11,-0.03233080099,0.001715650905,-0.1567578977,-2.964737192,0.02409928327,0.9842174641,0.9933615156,0.4059339283,0.2964869242,1.619714346,0.7450414482,0.4450602787,39.76523702,0.1806404028,1.221477419,2.16787203,22.582169,0.7275090027,0.4450602787,0.02350332594,0.01491592204,0.4557859124,12.00266134,18.91284098,0.5314075466,-0.1650398262,0.5405511195,0.4424077168,1.555931264,6.665656719,5.44,6.69517609,7.410227605,Bankrupt
Jaihind Projects Limited,2014,1.52,1.46,0.06388251252,8.87,0.4458711328,0.03943912393,37.58,3.077921214,1.075159702,-0.02871306894,-7.45,-0.08018365717,0.4458711328,0.2312747151,0.3864270761,-0.1518957897,-0.08018365717,0.02854152128,0.02854152128,0.02848336823,0.06388251252,-0.9131590607,0.07509315944,0.4173877646,1.27548576,0.9081646895,0.9081646895,-0.03412421493,0.3758432194,1.075159702,2.183926336,0.0,6.4,-0.03274021352,0.03188873521,-0.0902024207,-0.4379432624,0.1011218688,0.9689912164,0.9737497092,0.3213072808,0.2124506941,1.459828881,0.7456201014,0.4458711328,18.91416309,0.2081092157,0.8035317412,2.516469257,5.033941236,0.6771458479,0.4458711328,0.1135026402,0.05887416528,0.490958455,2.518363728,4.855116515,0.4622935566,-0.1063082497,0.420551291,0.3589933471,1.511491074,10.01787847,5.44,3.865992884,6.386106401,Probable Bankrupt
Jaihind Projects Limited,2013,1.25,1.17,0.0631427285,6.29,0.5606320679,0.0359749355,34.34,3.141194268,1.08343949,0.2852866242,-19.39,-0.2101592357,0.5606320679,0.1400646204,0.3507471729,0.008208804523,-0.2101592357,0.0354503231,0.0354503231,0.03539983845,0.0631427285,-0.7466419639,0.1375159236,0.5252322294,1.768312102,0.8949616317,0.8949616317,-0.07326332795,0.3434975767,1.08343949,1.705934264,0.0,-0.23,-0.06722516167,-0.08133172377,-0.1425123818,-0.7606459675,0.1173663369,0.7684076433,0.956401454,0.2270900646,0.1413743696,1.172066637,0.7829348917,0.5606320679,1.313806381,0.2498505139,0.5113158865,2.711178344,3.182928002,0.7006966882,0.5606320679,0.3112745098,0.07776677172,0.6264314,1.333461501,5.337402672,0.3343295638,-0.1898842692,0.4240105008,0.3314963789,2.26355248,9.478996914,5.42,2.473521635,5.456388753,Probable Bankrupt
Jaihind Projects Limited,2012,0.98,0.87,0.08308120277,2.85,0.7099779083,0.03432631098,57.47,1.541501529,1.065564489,0.05076812743,4.96,0.05291963915,0.7099779083,-0.01283761084,0.5842589105,0.3369541979,0.05291963915,0.05903672106,0.05903672106,0.05898581856,0.08308120277,0.5865818085,0.1423394859,0.6509920898,1.316177858,0.8386696122,0.8386696122,0.04577152921,0.5747910452,1.065564489,1.300348442,0.87,36.57,-0.05664187035,-0.01233309056,0.08874517845,0.3905471067,0.1923646516,0.913146869,0.923218667,0.4837570118,0.3263534839,0.8737722078,0.8312454479,0.7099779083,-1.912863972,0.3384559359,-0.04434987515,1.445400672,0.7976904146,0.6971402975,0.7099779083,-5.980967486,0.1081460876,0.8465525613,-0.07957342084,4.400769862,0.1286917039,0.06741785458,0.5384873813,0.5842862656,-42.01903251,8.911793365,5.41,1.317979708,5.241315001,Probable Bankrupt
Jaihind Projects Limited,2011,1.07,1.01,0.1820169224,2.01,0.7585253881,0.0614213198,67.18,1.268174886,1.059263563,0.07526569347,5.84,0.06195075895,0.7585253881,0.05538239494,0.6820771085,0.391361759,0.06195075895,0.1381412274,0.1381412274,0.1380644567,0.1820169224,0.4605516357,0.07548357421,0.6204609314,1.195971627,0.7952985613,0.7952985613,0.05949730535,0.6718205408,1.059263563,1.255232582,2.82,50.56,0.07354588047,0.03797517231,0.1050767175,0.3893639364,0.2573894241,0.8846926671,0.9521257811,0.5518432649,0.3923586308,1.009898385,1.023399039,0.7585253881,0.1026663867,0.4269745352,0.3051607445,1.03626504,0.1796429643,0.813907783,0.7585253881,0.8644302745,0.06311485365,0.9537618009,0.2705520552,3.705520552,0.03677317324,0.07909144717,0.6225798032,0.6661237522,11.45189909,11.98938992,5.43,-1.983859222,8.497584702,Probable Bankrupt
Jaihind Projects Limited,2010,1.47,1.39,0.2914773301,2.69,0.4996468214,0.06957355055,103.25,1.191260647,1.394480409,1.284156729,6.02,0.08402044293,0.4996468214,0.2369828456,1.038546922,0.2359485368,0.08402044293,0.1456357215,0.1456357215,0.1456357215,0.2914773301,0.1385255648,0.05730834753,0.3540110999,0.6748211244,0.7859989909,0.7859989909,0.09788092836,1.032492432,1.394480409,1.916489953,2.94,35.7,0.001417122752,-0.1774561094,0.2638594365,0.6160556407,0.2722662644,0.8833049404,0.957568113,0.6415993946,0.05196264082,1.389376956,0.9371890747,0.4996468214,2.251678832,1.218442084,0.9002395783,0.8648722317,1.338087941,0.736629667,0.4996468214,0.1790504577,0.08492376048,0.635683795,1.107391253,2.334787222,0.2863521695,0.09761853679,0.9406659939,0.773223036,3.124334682,10.88235294,5.55,4.808592108,7.861888833,Probable Bankrupt
Jaihind Projects Limited,2009,1.3,1.22,0.3335960369,1.78,0.5865222703,0.0984083045,106.67,,1.457679119,1.444955784,3.28,0.04782530229,0.5865222703,0.1747944663,1.080826757,,0.04782530229,0.1956615049,0.1956615049,0.1956615049,0.3335960369,,0.06537628587,0.3908607653,0.8014798773,0.8184039357,0.8184039357,0.07234126853,1.066728299,1.457679119,1.623395632,0.0,30.45,0.0387210598,0.06333965385,0.1715266832,0.554,0.2218905071,0.8049990976,0.9521576914,0.5771122924,0.005688465728,1.216448998,0.9302456933,0.5865222703,0.8896344285,1.263202485,0.732733564,0.8509745533,1.276909091,0.7613167366,0.5865222703,0.2737060824,0.08156946634,0.7166659943,0.9625454545,3.229818182,0.2318816654,0.05775275013,1.008485489,0.7685692489,4.186626369,8.349267049,5.54,3.77175625,3.08669806,Probable Bankrupt
Bafna Pharmaceuticals Limited,2020,2.11,1.44,0.4959064327,-0.71,0.2397980648,0.06736782263,59.55,3.063262685,1.329158638,0.8770070649,-57.54,-0.7848426461,0.2397980648,0.2664422942,0.5992146964,-0.6753610994,-0.7848426461,0.1189174029,0.1189174029,0.1189174029,0.4959064327,0.1866783523,0.3664097624,0.1208806619,0.549132948,0.2821483663,0.2821483663,-0.02636376385,0.5955686439,1.363840719,3.502923977,0.0,-3.29,0.1394056535,-1.70526839,-0.1099415205,-0.03672592303,2.544234592,0.6891457932,0.8399943907,0.2550834385,0.3499005964,1.443859649,1.794234592,0.2397980648,0.7840909091,1.707256461,0.5400795907,0.3737957611,0.05899589764,0.506240359,0.2397980648,0.6005263158,0.667251462,0.8499005964,0.3711662434,0.3340496191,0.0423503015,-0.07218112531,0.6255784602,0.5198664441,1.638947368,3.729505735,8.0,6.894875427,3.871436941,Bankrupt
Bafna Pharmaceuticals Limited,2019,0.68,0.55,0.03826602655,2.43,0.5927847995,0.6391139924,36.29,3.752983988,1.262299854,0.8687045124,-42.32,-0.5342066958,0.5927847995,-0.1870762535,0.3683769984,-0.158115008,-0.5342066958,0.02268351888,0.02268351888,0.02268351888,0.03826602655,-0.1497844828,0.2701601164,0.5701012807,2.061717613,0.8422198041,0.8422198041,-0.1531765297,0.362936302,1.262299854,1.555916408,0.0,-33.22,-0.005535055351,-0.01778970384,-0.2432928551,-0.9140583554,0.1873385013,0.5912663755,0.9223235959,0.1408721855,0.06718346253,0.5533747529,0.4817133771,0.5927847995,-2.252849003,0.3531107136,-0.6037277147,2.850363901,1.580901857,0.4057085461,0.5927847995,-0.415212528,0.1310364304,0.7038362155,-1.185676393,3.757029178,0.2494350046,-0.3041245386,0.5215535281,0.3117342772,-1.536912752,3.938826467,5.27,5.36166639,6.453851345,Bankrupt
Bafna Pharmaceuticals Limited,2018,0.81,0.64,0.0492898914,1.23,0.432567216,0.5274186358,34.09,3.989292013,1.188208617,0.9055177627,-35.84,-0.4260519022,0.432567216,-0.08029777392,0.5673605088,-0.2887395201,-0.4260519022,0.0213211911,0.0213211911,0.0213211911,0.0492898914,-0.5688847235,0.2688334593,0.4112460249,1.507936508,0.7311361665,0.7311361665,-0.1063891298,0.3409222319,1.188460569,2.133500418,0.0,-9.9,0.00614927905,-0.0696915777,-0.2093567251,-0.336827957,0.3677342823,0.7540942303,0.9228823359,0.1876264816,0.05545670225,0.6360902256,0.4818109925,0.432567216,-2.231557377,0.3890865955,-0.2476593848,2.474426808,1.110483871,0.352269442,0.432567216,-0.9603960396,0.1782790309,0.5916370107,-0.298655914,1.608870968,0.2985689506,-0.4940999785,0.6737496386,0.3108309186,-3.572457246,3.328173375,5.33,5.327608862,6.795383419,Bankrupt
Bafna Pharmaceuticals Limited,2017,0.95,0.74,0.03265005524,1.93,0.4569009029,0.3841086867,36.43,3.118863484,1.114492266,0.9174512441,-29.95,-0.3271687962,0.4569009029,-0.0240592227,0.3707027088,-0.08075823005,-0.3271687962,0.01491783972,0.01491783972,0.01491783972,0.03265005524,0.02150537634,0.2814391392,0.4419830632,1.369704102,0.7637821771,0.7637821771,-0.1141831642,0.3643093489,1.092131809,1.983183994,0.0,-9.17,-0.0009051138935,-0.006975548866,-0.2609549527,-0.5047483381,0.3092738086,0.9364492266,0.9061185576,0.2887106724,0.04302812248,0.7418681723,0.5667082752,0.4569009029,-5.563492063,0.4503267494,-0.08830794566,2.244956288,1.299145299,0.4328416802,0.4569009029,-3.902097902,0.2054744078,0.5982083853,-0.1018518519,1.934235518,0.3068812742,-0.2490168864,0.4848858729,0.3681376493,-13.86480186,4.948216341,5.36,6.232711415,8.256305502,Bankrupt
Bafna Pharmaceuticals Limited,2016,1.29,1.11,0.02851130984,1.39,0.4932281667,0.3549552977,44.27,2.476280596,1.088190765,0.9155942468,-17.74,-0.1910169064,0.4932281667,0.1414041825,0.4530122983,-0.03694670749,-0.1910169064,0.01406258108,0.01406258108,0.01406258108,0.02851130984,0.01587301587,0.20666162,0.4791655856,1.199217764,0.7003269161,0.7003269161,-0.07949769083,0.4427377925,1.076457229,1.85512888,0.0,-14.36,-0.0006956521739,0.006742738589,-0.1630720673,-0.2683982684,0.4279045643,0.949659349,0.9150018162,0.3653676509,0.05068168346,1.114360863,0.906194428,0.4932281667,2.724310777,0.5897302905,0.5183564771,1.668559172,0.6910822511,0.6346323491,0.4932281667,0.6011009174,0.1723303524,0.7042827504,0.4718614719,1.645887446,0.2070987494,-0.1699473787,0.5325099891,0.4494981002,2.908623853,4.906973441,5.42,7.556488414,7.996253786,Probable Bankrupt
Bafna Pharmaceuticals Limited,2015,1.14,1.0,0.0249347376,0.96,0.5559225342,0.3421969558,48.87,2.482902086,1.122877009,0.8951327938,6.36,0.07089935028,0.5559225342,0.08006805785,0.7190111595,-0.1801030876,0.07089935028,0.01386178252,0.01386178252,0.01386178252,0.0249347376,-0.699751861,0.183745583,0.5420607516,1.266271515,0.6361407196,0.6361407196,0.04453785718,0.4887654506,1.113302177,1.653704204,0.0,6.96,-0.0004060501472,0.08385777218,0.07876496534,0.120341081,0.5719792322,0.9000341958,0.9193314317,0.3651603863,0.07858716174,0.9989197948,0.9997640025,0.5559225342,-0.01368301026,0.697529893,0.293416468,1.417417075,0.2204648604,0.635990592,0.5559225342,1.0075,0.1451075704,0.8738986784,0.2200522624,1.527850364,0.08021818546,-0.2759311471,0.6744733023,0.4775461325,5.483125,6.665656719,5.44,6.69517609,7.410227605,Probable Bankrupt
Bafna Pharmaceuticals Limited,2014,1.16,0.95,0.02074872628,1.57,0.574293953,0.2693418014,78.59,1.50774511,1.086502248,1.013971571,0.77,0.008747418297,0.574293953,0.0892629972,0.7937833941,-0.1050377406,0.008747418297,0.01191586803,0.01191586803,0.01191586803,0.02074872628,0.1894160584,0.1664439315,0.562378085,0.8226825416,0.7042659656,0.7042659656,0.01055890086,0.7859384276,1.12586563,1.538950011,0.0,1.39,-0.1020910209,0.009694123314,0.02613896478,0.05075996559,0.4199181118,0.7773660552,0.8838096854,0.504537359,0.03594653179,0.9531123089,0.9421965318,0.574293953,-0.173260573,1.034682081,0.3038394919,0.9917992953,0.4394895325,0.6635569502,0.574293953,1.301662708,0.2023185409,0.8154503854,0.3018353886,1.941927158,0.1299720126,-0.03226854358,0.7832244933,0.7898474235,7.820427553,10.01787847,5.44,3.865992884,6.386106401,Probable Bankrupt
Bafna Pharmaceuticals Limited,2013,1.12,0.98,0.13167927,1.5,0.6140297018,0.2556514591,67.45,,1.071167645,1.015459883,2.28,0.0261578604,0.6140297018,0.07114624506,0.6861736828,,0.0261578604,0.08085498292,0.08085498292,0.08085498292,0.13167927,,0.1448793216,0.5331747189,1.043770385,0.7378640777,0.7378640777,0.02056870947,0.6745078476,1.146575342,1.489781889,28.24,3.94,0.1133304914,0.1905034325,0.04274732829,0.1001317523,0.3552631579,0.8628180039,0.9147703289,0.4759200276,0.02220719784,0.9770639335,0.9285937175,0.6140297018,-0.174512601,0.8241106719,0.2540073983,1.116829746,0.4724052115,0.6851759469,0.6140297018,1.197950378,0.1388038248,0.8321718327,0.2714097497,2.342409603,0.1238343758,-0.06226578265,0.6656049733,0.6430908633,8.268608414,9.478996914,5.42,2.473521635,5.456388753,Probable Bankrupt
MIC Electronics Limited,2023,1.52,0.78,0.04443405051,0.26,0.2446224256,0.831424817,0.08,4.543624161,1.19295302,1.19295302,1.06,0.01342281879,0.2446224256,0.1267734554,0.2843249428,0.1409610984,0.01342281879,0.01086956522,0.01086956522,0.01086956522,0.04443405051,0.5006345178,0.8814317673,0.2337528604,1.195749441,0.2675057208,0.2675057208,0.002974828375,0.2621281465,1.281319911,3.350795136,0.0,1.59,0.01078293483,-0.1971770744,0.01309635173,0.00437363324,2.73823781,1.007270694,0.8196796339,0.1789473684,0.0,0.7811038354,1.388366125,0.2446224256,36.0,0.9114627887,0.2079969964,1.254474273,0.03124023743,0.371395881,0.2446224256,1.422382671,0.7371375117,0.9144568007,0.1730709153,0.3339581381,0.02288329519,-0.1325742172,0.2813501144,0.2495812395,1.613718412,6.699034141,10.05,0.2298150623,7.002951544,Financial Distress
MIC Electronics Limited,2022,2.6,1.72,0.1094808126,0.11,0.1180074587,0.856838847,0.49,1.719847703,1.077376566,1.077376566,6.59,0.07270940801,0.1180074587,0.1892647842,0.6160095898,0.1349227491,0.07270940801,0.01291955248,0.01291955248,0.01291955248,0.1094808126,0.7598475222,0.1933185949,0.1050879062,0.2176369442,0.1505061268,0.1505061268,0.04035695258,0.5986947256,1.104151314,7.585778781,0.0,7.19,0.0009119927041,-5.095575221,0.3498871332,0.04860457824,5.644247788,0.6647015475,0.8951784763,0.3216568993,0.0,1.715575621,2.04159292,0.1180074587,0.4644688645,3.875221239,0.274908106,0.2537460084,0.03825650674,0.3072722429,0.1180074587,0.5538353272,0.888261851,0.7840707965,0.2227971151,0.1389150204,0.03249866809,0.01480795928,0.5756526372,0.6057134355,2.864883885,5.131407472,7.33,0.1472360633,9.050277908,Financial Distress
MIC Electronics Limited,2021,0.31,0.26,0.03278204371,5.55,0.5213240955,0.9507878265,1.67,268.5238095,2.5,2.5,-497.06,-12.9047619,0.5213240955,-0.3584295612,0.06512702079,-1.47282525,-12.9047619,0.01709006928,0.01709006928,0.01709006928,0.03278204371,-25.20634921,4.5,0.5042340262,80.61904762,0.9228637413,0.9228637413,-0.08344880677,0.01678214011,2.595238095,1.862374483,0.0,-17.13,0.04761904762,-2.443610277,-0.1600708801,-1.081836327,0.08358358358,18.28571429,0.9709006928,0.01324095458,0.0,0.2566450089,0.1765098432,0.5213240955,3.466942149,0.01751751752,-0.502482193,140.0714286,5.205588822,0.1628945343,0.5213240955,-0.08118556701,0.05581807442,0.5648982316,-4.646706587,6.758483034,0.4015396459,-0.8911917098,0.1485758276,0.006660323501,-0.01804123711,6.623436776,5.98,4.203910403,-5.83105322,Financial Distress
MIC Electronics Limited,2020,0.23,0.05,0.004714510215,-0.11,1.782890231,0.5762689691,1.15,-103.277439,-0.5,-0.5,-1288.78,14.60365854,1.782890231,-1.379054853,0.01774484777,-0.1091463794,14.60365854,0.008405454206,0.008405454206,0.008405454206,0.004714510215,-0.007066424389,-30.20121951,1.774484777,-174.6036585,1.796276695,1.796276695,-0.1491189839,0.01158084802,-1.134146341,0.3879168849,0.0,18.88,-0.01219512195,0.002287694974,-0.08363890344,0.1872703104,-0.4432928943,-4.841463415,0.6916132246,0.002552767574,0.0,0.05353588266,0.2248180243,1.782890231,28.29018789,0.002842287695,-2.897566719,-175.0914634,-0.01681132223,0.4038353776,1.782890231,-0.2236218339,0.1729701414,0.9925476603,1.731878958,-2.239033544,0.01338646411,-0.9694029851,0.1668638316,-0.01476413396,0.00740439749,3.729505735,8.0,6.894875427,3.871436941,Financial Distress
MIC Electronics Limited,2019,0.27,0.09,0.006347395072,-0.14,1.574211294,0.5246545974,2.71,-472.925,-8.225,-8.225,-568.22,68.725,1.574211294,-1.152183676,0.03087459302,-0.1238351858,68.725,0.009992141013,0.009992141013,0.009992141013,0.006347395072,-0.01363271852,-124.7,1.564219153,-701.075,1.586280454,1.586280454,-0.152745032,0.02716964185,-12.1,0.4573690404,0.0,26.54,0.0,0.001486304763,-0.09702956174,0.2605323631,-0.3695944511,-21.625,0.7199955092,0.005557426743,0.0,0.09021859288,0.2660485526,1.574211294,28.19116022,0.01164272065,-2.444616484,-702.0,-0.02058598238,0.4220276187,1.574211294,-0.2430207065,0.1778697001,0.9923915351,1.965243202,-2.685082344,0.01206915909,-0.8994191379,0.183619625,-0.003118665211,0.001948842875,3.938826467,5.27,5.36166639,6.453851345,Financial Distress
MIC Electronics Limited,2018,0.33,0.14,0.006209826779,-0.19,1.375474525,0.4807377496,79.23,1.751211162,1.03649635,1.03649635,-120.63,-1.236095859,1.375474525,-0.9264235764,0.7982017982,-0.7083416583,-1.236095859,0.008541458541,0.008541458541,0.008541458541,0.006209826779,-1.248219937,0.3265938893,1.366933067,1.778761062,1.386413586,1.386413586,-0.1763736264,0.7923076923,1.024610813,0.5434143153,0.0,14.48,-0.0007478499314,0.1185329298,0.08911646149,-0.3172182006,-0.2787145122,0.1488275951,0.7474525475,0.07637362637,0.0,0.1428623307,0.3238939328,1.375474525,-1.791227138,0.3624801845,-2.024118738,1.781861637,-0.02830920372,0.4490509491,1.375474525,-0.2726047339,0.1836075099,0.9921098141,2.397492244,-3.55959152,0.01093906094,-0.2060376198,0.9745754246,1.034549586,-0.8346902464,3.328173375,5.33,5.327608862,6.795383419,Bankrupt
MIC Electronics Limited,2017,0.88,0.27,0.0083602307,0.42,0.5525861817,0.4440524194,67.5,1.693093007,1.020581857,1.020581857,-15.11,-0.1428045337,0.5525861817,-0.06888687465,0.6812958685,-0.4196660916,-0.1428045337,0.004619747961,0.004619747961,0.004619747961,0.0083602307,0.3381719011,0.4651172307,0.5479664337,0.773313147,0.6684599866,0.6684599866,-0.09359375457,0.6750095026,0.9446376693,1.208212075,0.0,-2.27,-0.00352818539,-0.09531099641,-0.1540293137,-0.2567245789,0.4959758551,0.3721919882,0.667641297,0.2431215462,0.0,0.2738769247,0.7236024845,0.5525861817,-0.8944143909,1.078295862,-0.2375,0.9290069152,0.3495017197,0.483699307,0.5525861817,-4.824702886,0.6014603947,0.8266555857,-0.2077784637,1.666725461,0.1158738049,-0.1343294846,0.7748896231,1.070289919,-10.37308998,4.948216341,5.36,6.232711415,8.256305502,Bankrupt
MIC Electronics Limited,2016,1.05,0.73,0.0101769351,0.47,0.4877250072,0.2416727273,44.82,2.445263253,1.015690898,1.015690898,-50.95,-0.502879688,0.4877250072,0.02358199119,0.4553074927,-0.2210528484,-0.502879688,0.004963545743,0.004963545743,0.004963545743,0.0101769351,-1.551508707,0.341163666,0.4827614615,1.07391955,0.5247765375,0.5247765375,0.08100259505,0.4482431931,0.9869847172,1.732654871,0.0,-44.58,0.00129481627,-0.08649921507,-0.02808158439,-0.02882031724,0.9055729984,0.4896376582,0.8450591094,0.2069036537,0.0,0.7306701575,0.97433281,0.4877250072,-0.5667318287,1.059458399,0.08327272727,1.144573942,0.07796654243,0.5113069984,0.4877250072,6.570305677,0.3176808412,0.9293956044,0.04962295224,1.026306666,0.03705153025,0.1807527237,0.3743048976,0.5374229241,19.25851528,4.906973441,5.42,7.556488414,7.996253786,Bankrupt
MIC Electronics Limited,2015,1.48,0.71,0.00850551655,0.37,0.4204125694,0.1642945972,26.74,,1.023370155,1.023370155,1.13,0.01149351893,0.4204125694,0.2032654714,0.2735000928,,0.01149351893,0.003575826066,0.003575826066,0.003575826066,0.00850551655,,1.225656088,0.4168367433,1.591533108,0.4772715772,0.4772715772,5.06e-05,0.2674279353,1.012387459,1.608505517,0.0,0.52,6.24e-05,-0.1119946282,-0.00702106319,-0.005646800684,1.095243144,0.8436881425,0.6762359371,0.2096581038,0.0,0.7133801404,1.306757139,0.4204125694,-2.918300654,0.5726957874,0.8325963797,1.793244365,0.1087735149,0.6236780407,0.4204125694,1.592813874,0.770110331,0.8808665536,0.3888548288,0.8042657546,0.05685900788,-0.03818159388,0.2734494915,0.3906265589,1.299560202,6.665656719,5.44,6.69517609,7.410227605,Probable Bankrupt
Assam Company India Limited,2019,0.84,0.76,0.1074522332,-4.76,0.137514151,0.03244726534,15.15,17.78971318,2.468974076,2.468974076,-58.93,-1.457391065,0.137514151,-0.02240508254,0.1624284,-0.1798658399,-1.457391065,0.01477620263,0.01477620263,0.01477620263,0.1074522332,0.5011269722,0.1835355764,0.1227379484,2.24448428,1.209561867,1.209561867,-0.08926549854,0.1515046551,2.47283508,7.190207041,0.0,-7.21,-0.004021223122,-0.2305634521,-0.6489525097,0.4258415642,-0.1732543602,2.601627137,0.9887552169,0.1512174104,0.0,0.755298888,0.09516592047,0.137514151,0.3429186397,0.1250392887,-0.02777603217,19.50110314,-5.115662165,0.1151090685,0.137514151,-0.5018853695,0.08177182527,0.1136892248,0.1069139286,-0.6561983471,1.072047716,-0.3989997315,0.2516938986,0.06196436963,-2.73453997,3.938826467,5.27,5.36166639,6.453851345,Bankrupt
Assam Company India Limited,2018,0.17,0.17,0.004580478148,-1.04,1.175567108,0.03093514404,11.61,22.64424503,2.398991397,2.398991397,-503.12,-12.10516167,1.175567108,-0.9714011571,0.130155525,-0.1863364266,-12.10516167,0.005384659449,0.005384659449,0.005384659449,0.004580478148,-0.4397590361,0.09848709582,1.170182448,24.35108276,1.434918657,1.434918657,-0.5867918314,0.1161496821,2.405962622,0.8466088016,0.0,316.99,0.03660195375,0.01149729285,-0.5012029846,1.354730898,-0.3030963846,2.581726491,0.9952454603,0.1157844991,0.0,0.169629968,0.1422839891,1.175567108,12.78375844,0.08238728511,-1.354655749,29.61183625,-0.5963219678,0.2041659506,1.175567108,-0.004894517256,0.004044464748,0.8192569675,2.233523766,-2.70295856,0.2593515495,-0.8384635359,0.7169473564,0.04850638886,-0.04969704118,3.328173375,5.33,5.327608862,6.795383419,Bankrupt
Assam Company India Limited,2017,0.3,0.29,0.01218460428,3.4,0.601862638,0.02559484468,12.72,13.63997572,1.962274722,1.962274722,5.45,0.10747969,0.601862638,-0.420324845,0.132895539,0.2367047121,0.10747969,0.007363636912,0.007363636912,0.007333458073,0.01218460428,-1.281380753,0.08927070688,0.5945291799,9.311420301,0.8775946258,0.8775946258,-0.03803740969,0.1272520959,1.968717901,1.651921457,0.0,-4.31,-0.007661558961,0.02372093343,-0.1379417546,-0.6782544379,0.1394782633,2.10131665,0.9942298058,0.1268235564,0.0,0.2920393919,0.206858369,0.601862638,5.98567068,0.1957853905,-0.575338731,13.46381548,2.252613412,0.181537793,0.601862638,-0.0137279398,0.009587227727,0.6858093935,-3.43387574,4.916962525,0.2757319878,-0.257980226,0.1709329487,0.06501217195,-0.1537787734,4.948216341,5.36,6.232711415,8.256305502,Bankrupt
Assam Company India Limited,2016,0.17,0.14,0.01152350563,3.51,0.6120969145,0.0291389981,21.36,8.398560209,1.768455497,1.768455497,-22.38,-0.3958769634,0.6120969145,-0.5090699182,0.2396451108,-0.02954247126,-0.3958769634,0.007124669861,0.007124669861,0.007053502238,0.01152350563,-0.4190738193,0.1427356021,0.6050434123,5.065903141,0.8586531923,0.8586531923,-0.04642501305,0.2136768357,1.768455497,1.605552469,0.0,-12.32,-0.0548812079,0.1245176679,-0.07584585373,-0.3284475524,0.1646145487,1.828206806,0.9827537126,0.2134079803,0.0,0.1401423644,0.1199867387,0.6120969145,5.259502173,0.2488511516,-0.6055230535,7.048102094,1.744335664,0.1030269963,0.6120969145,-0.03387803287,0.02817574638,0.7128569718,-3.601566434,4.330461538,0.2465562778,-0.2530613373,0.2860701238,0.1229471922,-0.2373481624,4.906973441,5.42,7.556488414,7.996253786,Bankrupt
Assam Company India Limited,2014,0.17,0.13,0.03156481752,2.47,0.5779044225,0.0302935482,16.57,9.298857824,1.512227594,1.512227594,0.47,0.007147361783,0.5779044225,-0.4770656999,0.1935974439,-0.03849521498,0.007147361783,0.01831057313,0.01831057313,0.01824144764,0.03156481752,0.1693053312,0.2168733796,0.5596629749,5.272370542,0.8034685633,0.8034685633,0.003579164042,0.1657552343,1.512227594,1.689256001,0.0,0.18,0.07413928919,0.361829653,0.01103107307,0.03243707988,0.2446037664,1.546843249,0.9762285135,0.1657475537,0.0,0.1333563701,0.1255042539,0.5779044225,8.355715018,0.2028199981,-0.6073670624,7.163828744,1.147725496,0.1008387226,0.5779044225,-0.04982853831,0.04113394115,0.7192620208,-2.427426919,2.940518993,0.2255641408,-0.1276879547,0.1900182799,0.1122790178,-0.2297586657,10.01787847,5.44,3.865992884,6.386106401,Bankrupt
Assam Company India Limited,2013,0.42,0.38,0.01244115125,3.49,0.4571481399,0.03265934344,16.85,,1.442453786,1.442453786,2.8,0.04038997214,0.4571481399,-0.2661415576,0.1836106797,,0.04038997214,0.005754012277,0.005754012277,0.005687449153,0.01244115125,,0.1627627247,0.4514606908,3.913079261,0.8110124991,0.8110124991,0.007743510095,0.1685156423,1.442453786,2.145880183,0.0,0.87,-0.03225806452,0.05699590541,0.02287618709,0.05533596838,0.2330266194,1.471131932,0.9809851342,0.1675689668,0.0,0.3762275323,0.2355162005,0.4571481399,5.180865359,0.2044374732,-0.3793565118,6.893390732,1.872422025,0.1910065824,0.4571481399,-0.07144643602,0.04159453819,0.5636758255,-1.408249521,2.418933198,0.3538643591,-0.04180158964,0.1758671696,0.119090162,-0.4389606781,9.478996914,5.42,2.473521635,5.456388753,Bankrupt
Pincon Spirit Limited,2017,1.38,0.73,0.001157443614,2.06,0.6039029735,1.112260343,268.26,0.3264062997,1.002895582,0.9751121155,3.03,0.03039655355,0.6039029735,0.2324592889,2.68269921,0.2537688442,0.03039655355,0.00069898364,0.00069898364,0.00069898364,0.001157443614,0.0921021236,0.1479925139,0.6032039899,0.2257636216,0.7273774889,0.7273774889,0.1233233838,2.682680319,1.002895582,1.000375387,5.16,20.52,0.0,0.01197309301,0.273782338,0.606472178,0.3748019635,0.4960768389,0.6041296709,1.321759172,0.05108692829,0.7294084525,1.149832481,0.6039029735,-0.1212282595,3.579305509,3.104187689,0.271662135,0.452913866,0.8363622624,0.6039029735,1.702966274,0.6555197547,0.8302469937,0.8526782621,2.215161804,0.1234745154,0.04817756388,2.559375827,4.427749461,11.50711093,4.948216341,5.36,6.232711415,8.256305502,Bankrupt
Pincon Spirit Limited,2016,1.39,0.61,0.0015261508,2.8,0.6137566138,0.9669117647,239.5,0.3318847646,1.002755814,0.9710639561,2.62,0.02634981875,0.6137566138,0.2418926103,2.395027974,0.4146224146,0.02634981875,0.0009366851472,0.0009366851472,0.0009366851472,0.0015261508,0.6343232589,0.2016513684,0.6128199286,0.2569690289,0.7708159287,0.7708159287,0.09452925242,2.395027974,1.002755814,0.8445801023,6.34,16.29,0.0002431135446,-0.2306883868,0.2054941429,0.5503148128,0.2973265896,0.6249867509,0.5183666236,1.487506645,0.0491001051,0.6093878898,1.11005649,0.6137566138,-0.2676577824,3.017045455,4.391084559,0.3223348102,0.6852976914,0.8556492241,0.6137566138,1.991104134,0.7847302425,0.7962427746,1.055451232,2.67800729,0.157059315,0.04109076503,2.300498722,4.607638211,9.873992674,4.906973441,5.42,7.556488414,7.996253786,Bankrupt
Pincon Spirit Limited,2015,1.7,1.1,0.001204922971,2.78,0.5024867016,0.5629213483,260.58,0.2891453888,1.003614317,0.9671713386,2.6,0.0261163577,0.5024867016,0.3528088916,2.606495697,0.4984647321,0.0261163577,0.0006054577693,0.0006054577693,0.0006054577693,0.001204922971,0.6929711082,0.1158746815,0.5018812438,0.1935242093,0.7636119881,0.7636119881,0.102235869,2.605890239,1.003614317,1.391341768,3.19,13.63,-0.0004148964418,-0.4308772725,0.2719683277,0.5781192828,0.3095656114,0.7694165459,0.6991307356,1.988496302,0.06195843008,1.103365178,1.120065696,0.5024867016,0.0867523837,3.305544543,4.583146067,0.2938589917,1.104646908,0.8552955931,0.5024867016,0.8527825447,0.5987606507,0.6580393045,1.492499085,2.125686059,0.2611252865,0.04058301385,2.504259828,3.713905728,7.359524393,6.665656719,5.44,6.69517609,7.410227605,Bankrupt
Pincon Spirit Limited,2014,1.88,1.42,0.008487486398,1.58,0.3962231612,0.502004008,329.87,0.2141715573,1.002331796,0.9746646405,2.6,0.02606895829,0.3962231612,0.3497456239,3.302578253,0.5902388549,0.02606895829,0.003362938691,0.003362938691,0.003362938691,0.008487486398,0.5786516854,0.05596311046,0.3928602225,0.1203888074,0.6587048375,0.6587048375,0.1292575666,3.298870398,1.002331796,2.058977149,0.0,14.2,-0.001097838304,-0.5280795916,0.4359085963,0.5060636685,0.5181306454,0.7486376022,0.8158144348,2.444770199,0.06911899463,1.417845484,1.132478073,0.3962231612,0.2001250782,4.873020029,2.032064128,0.1991196814,0.7690752906,0.745968785,0.3962231612,0.5266272189,0.4648531012,0.6015185234,1.02475998,1.160939869,0.2624816763,0.03956414228,3.173320686,4.034245851,9.41025641,10.01787847,5.44,3.865992884,6.386106401,Probable Bankrupt
Pincon Spirit Limited,2013,1.61,1.11,0.04527669089,0.27,0.376473064,0.6,673.55,0.1257974731,1.001032024,0.9728233675,2.64,0.02651988992,0.376473064,0.2300084175,6.735900673,0.3070286195,0.02651988992,0.01704545455,0.01704545455,0.01704545455,0.04527669089,0.2411111111,0.02814610958,0.3594276094,0.05594821116,0.376473064,0.376473064,0.26746633,6.735900673,1.001032024,2.153158189,0.0,28.62,0.0009059951889,0.8664058133,0.9468977082,0.5717178535,1.656232532,0.7363647736,0.8106060606,4.930555556,0.2520961431,1.107881498,1.610955841,0.376473064,0.02289442467,17.40357742,0.654491018,0.0534150613,0.0,0.6064814815,0.376473064,0.8234217749,0.5030743432,1.0,0.368882889,0.6037799528,0.0,0.04134946971,6.468434343,8.301142264,29.25526075,9.478996914,5.42,2.473521635,5.456388753,Probable Bankrupt
Pincon Spirit Limited,2012,2.45,1.87,0.0441426146,0.3,0.357728515,6.464516129,742.83,0.1031661622,1.000736317,0.9689110693,2.8,0.02806185061,0.357728515,0.5192833283,7.429092013,0.4682660188,0.02806185061,0.01579107197,0.01579107197,0.01579107197,0.0441426146,0.5578330893,0.02793913115,0.3419374431,0.04818784259,0.357728515,0.357728515,0.3051928333,7.429092013,1.000736317,2.215619694,0.0,32.41,0.00196206671,-0.1375212224,1.124787776,0.6264775414,1.795415959,0.7058414465,0.7925903432,5.23959915,0.3302207131,1.871816638,2.451612903,0.357728515,0.1428174107,20.1655348,11.03225806,0.04606070523,0.0,0.8770118433,0.357728515,0.3994152047,0.5797962649,1.0,0.8085106383,0.5569739953,0.0,0.0428407008,7.12389918,9.366283525,14.29590643,8.911793365,5.41,1.317979708,5.241315001,Probable Bankrupt
Pincon Spirit Limited,2011,5.43,4.49,0.01246105919,0.0,0.183323815,143.1428571,608.54,0.3864725223,1.000939408,1.000939408,2.63,0.02639736966,0.183323815,0.8126784694,6.085094232,-2.699029126,0.02639736966,0.002284408909,0.002284408909,0.002284408909,0.01246105919,0.02649006623,0.02837012682,0.1810394061,0.03015500235,0.183323815,0.183323815,0.2410051399,6.085094232,1.000939408,4.514018692,0.0,19.65,0.0001877053027,0.8785046729,1.753894081,0.3937062937,4.45482866,0.0635979333,0.8275271274,0.3854940034,0.0,4.492211838,5.433021807,0.183323815,0.1124598716,32.75389408,203.2857143,0.02977923908,0.0,0.9960022844,0.183323815,0.212227688,0.9408099688,1.0,0.9951048951,0.2244755245,0.0,0.04123912831,5.844089092,7.346445825,7.480674631,11.98938992,5.43,-1.983859222,8.497584702,Probable Bankrupt
Pincon Spirit Limited,2010,1.28,1.22,0.0003971405878,0.0,0.777520457,167.0,86.42,,1.001789549,1.001789549,2.54,0.02541159628,0.777520457,0.2193916937,0.8642890227,,0.02541159628,0.0003087849313,0.0003087849313,0.0003087849313,0.0003971405878,,0.05261274159,0.7772116721,0.9012168933,0.777520457,0.777520457,0.03334877258,0.8642890227,1.001789549,1.227760127,0.0,9.87,0.0001786352269,-0.05321683876,0.05738681493,0.20055517,0.2861397935,1.001968504,0.9546086151,0.8642890227,0.0,1.223788721,1.282168388,0.777520457,-102.4545455,1.097100874,236.8333333,0.9008589835,0.0,0.9969121507,0.777520457,0.2068965517,0.0583796664,1.0,0.9861207495,3.494795281,0.0,0.04013377926,0.8309402501,0.9037683972,3.932441942,10.88235294,5.55,4.808592108,7.861888833,Probable Bankrupt
Ramsarup Industries Limited,2019,0,0.0,0.0004063652009,-0.97,4.353996461,0.0250578588,0,-9402.852941,0.0,0.0,0.0,2164.941176,4.353996461,-4.340842926,0.0002326187942,-0.2535615347,2164.941176,0.001769312647,0.001769312647,0.001769312647,0.0004063652009,0,0.0,4.352227149,-36333.58824,4.353996461,4.353996461,-0.0300007754,0.0,0.0,0.2296740498,0.0,0.88,0.0,-0.0008823467509,-0.006890399582,0.008944784451,-0.7703259502,-212.4117647,1.0,0.0,0.0,0.003021025756,0.003021025756,4.353996461,169.7367696,0.0,-4.398732821,-36318.82353,0.0,0.01315353545,4.353996461,0.0,0.0,1.0,1.294230026,-1.298151776,0.0,-1.0,0.03023339419,-0.0001198339243,2.76e-05,3.938826467,5.27,5.36166639,6.453851345,Bankrupt
Ramsarup Industries Limited,2018,0,0.0,0.0002261674062,-1.04,3.455970174,0.02442777859,0,-8990.931818,0.0,0.1818181818,-9999999.99,14119.95455,3.455970174,-3.444155786,0.00258105874,-0.2245521104,14119.95455,0.0007816278102,0.0007816278102,0.0007816278102,0.0002261674062,0,0.0,3.455188547,-27935.86364,3.455970174,3.455970174,-0.02041229461,0.0,0.0,0.289354349,0.0,0.83,0.0,-0.4120932851,-0.004988699765,0.007019953979,-0.710645651,-175.1363636,1.0,0.0,3.25e-06,0.003418544751,0.003418544751,3.455970174,158.0614194,-0.0009209406612,-4.265028863,-27929.54545,0.0,0.0118143887,3.455970174,0.0,0.0,1.0,1.402360591,-1.407171068,0.0,-1.0,0.02299335335,-0.0001237108764,3.59e-05,3.328173375,5.33,5.327608862,6.795383419,Bankrupt
Ramsarup Industries Limited,2017,0.02,0.01,0.0004600860769,-1.6,1.576979065,0.02378950224,0.11,-3669.291667,-4.15,-3.983333333,-2232.64,92.76666667,1.576979065,-1.551906395,0.001262817599,-0.02195465796,92.76666667,0.0007255461112,0.0007255461112,0.0007255461112,0.0004600860769,0,-5.833333333,1.576253519,-5723.566667,1.576979065,1.576979065,-0.02398435025,0.001143423935,-4.15,0.6331046492,0.0,4.15,0.0,0.0,-0.01421025351,0.03883896949,-0.3658761728,-76.9,0.9983927776,0.001143423935,1.46e-05,0.01487999907,0.01589917709,1.576979065,72.37997433,-0.0002882817823,-2.291835074,-5720.933333,0.0,0.02507266941,1.576979065,-0.001035643904,0.001019178018,1.0,2.689710061,-2.733165137,0.0,-0.9547108039,0.02524716784,-0.0002759673807,0.000177538955,4.948216341,5.36,6.232711415,8.256305502,Bankrupt
Ramsarup Industries Limited,2016,0.02,0.02,0.001088641067,-1.67,1.539573485,0.02310554915,0.1,1074.755981,1.090909091,0.7559808612,-1860.37,-20.25358852,1.539573485,-1.51320614,0.002866797275,-0.01865664935,-20.25358852,0.001676042921,0.001676042921,0.001676042921,0.001088641067,0,1.674641148,1.537897442,1639.373206,1.539573485,1.539573485,-0.01902061578,0.001024498086,1.090909091,0.6485090287,0.0,3.52,1.039473684,0.0006946288843,-0.01235447087,0.03525120544,-0.3504694582,22.0861244,0.9984273056,0.0009076693567,0.0001021513065,0.01610488312,0.01712639619,1.539573485,76.49444066,0.0005632914902,-2.218086613,1637.588517,0.0,0.02636734547,1.539573485,-0.001039312747,0.001021513065,1.0,2.804448664,-2.853315679,0.0,-0.953192363,0.02188741305,0.0009406025257,-0.0006206181832,4.906973441,5.42,7.556488414,7.996253786,Bankrupt
Ramsarup Industries Limited,2015,0.02,0.02,0.000398148609,-0.62,1.506753419,0.02245278068,0.19,567.2876543,1.081481481,-0.00987654321,-4106.18,-44.42222222,1.506753419,-1.482351125,0.001967357742,-0.02692104102,-44.42222222,0.0005999117777,0.0005999117777,0.0005999117777,0.000398148609,-1,0.8641975309,1.506153507,843.4098765,1.511018968,1.511018968,-0.07936038818,0.001932068813,1.081481481,0.6626539532,0.0,4.89,-0.2305936073,0.03579644313,-0.05266979135,0.1552983219,-0.3381949391,13.14814815,0.9984561094,0.001301279224,0.0006451650572,0.01517063303,0.01614956152,1.506753419,68.37378049,0.0006334878616,-2.150865021,845.4617284,-0.008347144534,0.02440229378,1.506753419,-0.001041514779,0.001024647155,0.997177038,2.900775154,-2.948527381,0.004265549184,-0.9762434236,0.08132774592,0.001789264414,-0.001205181387,6.665656719,5.44,6.69517609,7.410227605,Probable Bankrupt
Ramsarup Industries Limited,2014,0.02,0.02,0.000719544592,-0.74,1.414822833,0.02171047338,0.44,229.7791381,1.008814887,0.1821743389,-4746.15,-47.89422135,1.414822833,-1.388066305,0.004523137588,-0.01547660468,-47.89422135,0.001018028118,0.001018028118,0.001018028118,0.000719544592,-0.3371428571,0.6856023506,1.413804805,322.6003918,1.419002332,1.419002332,-0.2100488396,0.004424341611,1.008814887,0.7046770398,0.0,3.44,-0.1805825243,0.1374489932,-0.1484629981,0.501307089,-0.2952795234,3.829578844,0.9969931659,0.003303222038,0.001277440759,0.01678633776,0.0188558732,1.414822833,112.0962271,0.001840483369,-1.999900978,323.3212537,-0.009974883387,0.02675652805,1.414822833,-0.002166203512,0.002125237192,0.9970546212,3.312788969,-3.376646676,0.004179499405,-0.9793806178,0.2145719772,0.004398909105,-0.003159562551,10.01787847,5.44,3.865992884,6.386106401,Probable Bankrupt
Ramsarup Industries Limited,2013,0.03,0.03,0.001489305519,-1.44,1.201428898,0.02129648742,1.37,77.76980519,1.063961039,0.04448051948,-1329.42,-13.98019481,1.201428898,-1.167241948,0.01375176603,-0.02643756927,-13.98019481,0.001789294688,0.001789294688,0.001789294688,0.001489305519,-2.280982906,0.3038961039,1.199639603,92.21590909,1.205773119,1.205773119,-0.1821400472,0.0137010059,1.051623377,0.8290467388,0.0,10.32,-0.02685382972,0.3180858229,-0.1516028519,0.8851498582,-0.170656582,2.062012987,0.9960407096,0.0131680245,0.005507767004,0.02515975706,0.02835272161,1.201428898,84.64659126,0.005988381067,-1.675204284,92.41201299,-0.02111170497,0.03418694957,1.201428898,-0.003392004871,0.003295484552,0.9963971486,5.672470501,-5.838609547,0.004344221382,-0.9300583027,0.1958918132,0.01308022253,-0.01116172543,9.478996914,5.42,2.473521635,5.456388753,Probable Bankrupt
Ramsarup Industries Limited,2012,0.24,0.23,0.002626412146,-15.17,0.8018017275,0.02088107667,18.89,5.493345861,1.021554106,0.8741461258,-83.34,-0.8448104344,0.8018017275,-0.6065623764,0.1891113346,-0.04809689437,-0.8448104344,0.002105861796,0.002105861796,0.002105861796,0.002626412146,-0.9589710192,0.06788990826,0.7996958658,4.301138499,1.023024364,1.023024364,-0.1574863181,0.1889547343,1.013617774,1.231406955,0.0,-11.66,-0.002921445575,0.2540011199,-0.1964155385,6.839985681,-0.02250617339,0.7434729745,0.9873442239,0.1251854477,0.01343038877,0.2277166148,0.1908452605,0.8018017275,-12.94872458,0.1727178611,-0.8761123578,5.476555764,-9.608197602,0.1952393512,0.8018017275,-0.02086475616,0.01578417163,0.7837562388,26.34437086,-34.82405584,0.2212226362,-0.4548297346,0.3465976526,0.1888056431,-0.3073322191,8.911793365,5.41,1.317979708,5.241315001,Probable Bankrupt
Ramsarup Industries Limited,2011,0.49,0.44,0.004711820396,4.99,0.5390776441,0.02045218689,49.2,,1.01264366,0.9280702035,-21.75,-0.2175636579,0.5390776441,-0.2763489523,0.4924526299,,-0.2175636579,0.002540037039,0.002540037039,0.002540037039,0.004711820396,,0.04808107287,0.5365376071,1.095746551,0.871692742,0.871692742,-0.109709154,0.4920279797,1.000111891,1.811140611,0.0,-23.22,-0.01791577219,0.01390198245,-0.2084652303,-0.8758580534,0.1471932159,0.3385096146,0.9763454136,0.1536683089,0.02386612238,0.4434873306,0.3014005729,0.5390776441,-0.9218529124,0.5507205846,-0.409760847,1.766667732,2.59233268,0.2627286918,0.5390776441,-0.0855968015,0.04387973917,0.6184262162,-2.15380608,4.201458691,0.3326150979,-0.1829234848,0.6021617838,0.5038922964,-1.780259807,11.98938992,5.43,-1.983859222,8.497584702,Probable Bankrupt
Value Industries Limited,2019,0.29,0.28,0.002800411825,-2.6,1.400411946,0.05594495439,1.53,196.289039,2.696696697,2.696696697,-1478.93,-41.41741742,1.400411946,-0.989791967,0.01764778579,-0.1541256437,-41.41741742,0.003921730175,0.003921730175,0.003921730175,0.002800411825,-2.35382603,4.591591592,1.396490216,255.2177177,1.43845932,1.43845932,-0.231299691,0.01536560247,2.8003003,0.6960847183,0.0,32.35,0.03118040089,0.01707399495,-0.1680541256,0.5367544816,-0.3048117622,2.127627628,0.9748053553,-0.05341297631,0.0,0.2752228269,0.2854581799,1.400411946,164.0399467,0.01309903604,-1.714979087,261.4369369,-0.08677515126,0.4106199794,1.400411946,-0.02545448492,0.01799088101,0.9735499132,2.257431696,-3.193938141,0.03804737384,-0.940561292,0.2489474768,0.005628945967,-0.005543717121,3.938826467,5.27,5.36166639,6.453851345,Bankrupt
Value Industries Limited,2018,0.38,0.31,0.00255453305,-5.06,1.145750346,0.05027259316,17.02,6.820615424,1.075451511,1.075451511,-264.84,-2.702559274,1.145750346,-0.7135963222,0.1738196199,-0.2753887009,-2.702559274,0.002926857127,0.002926857127,0.002926857127,0.00255453305,-4.715678627,0.4389283574,1.142823489,6.868912094,1.182421724,1.182421724,-0.4912194286,0.1702145886,1.020457074,0.808889775,0.0,287.14,0.002427474233,-0.05302591224,-0.4640153521,2.914377397,-0.1542780555,-0.3773003509,0.9267857398,-0.1230921889,0.0,0.3132792105,0.3654821416,1.145750346,-3.424833758,0.1859016156,-1.282303893,7.071214585,-0.2010252798,0.4321540241,1.145750346,-0.1025989876,0.06390070966,0.9689862107,3.911794631,-6.28077796,0.03667137819,-0.7453735509,0.6650390486,0.179979357,-0.2337488246,3.328173375,5.33,5.327608862,6.795383419,Bankrupt
Value Industries Limited,2017,0.82,0.28,0.01318804186,2.86,0.6107388936,0.04470070262,62.79,1.436621118,1.023465657,1.023465657,-5.38,-0.05223809647,0.6107388936,-0.1122865347,0.63036287,0.1392653043,-0.05223809647,0.008054450098,0.008054450098,0.008054450098,0.01318804186,-0.04825997953,0.5066507636,0.6026844435,0.9430687721,0.7876849193,0.7876849193,-0.04885843982,0.6279616476,0.9696631836,1.10012464,0.0,1.53,-0.005125996487,0.08357315938,-0.1046153564,-0.300933249,0.269543158,0.6871764289,0.6718889057,0.4044968348,0.0,0.2789101307,0.6328067819,0.6107388936,-2.173868597,0.8605455954,-0.2288187791,1.203861678,0.8334124222,0.498452359,0.6107388936,-2.922087633,0.537236285,0.7753593838,-0.528867447,2.876568596,0.1769460257,-0.07585559007,0.6792213099,0.9638617449,-5.767459249,4.948216341,5.36,6.232711415,8.256305502,Bankrupt
Value Industries Limited,2016,0.91,0.31,0.02179287969,4.24,0.6654202812,0.06924762342,124.15,0.8161256888,1.025198313,1.025198313,-1.74,-0.01713238991,0.6654202812,-0.06176436161,1.247727243,-0.068670421,-0.01713238991,0.01450142413,0.01450142413,0.01450142413,0.02179287969,-0.01147292877,0.3152944678,0.6509188571,0.5250392521,0.8383708983,0.8383708983,-0.02540025231,1.241529998,0.9796094287,0.9022936273,0.0,-6.48,0.002122069017,0.1275645153,-0.04371280307,-0.17996379,0.1927894945,0.705557893,0.6004044792,0.8297870957,0.0,0.3066639303,0.7200344392,0.6654202812,-1.236333537,1.554199018,-0.1678269781,0.6500610588,1.070046268,0.6036559196,0.6654202812,-6.469677827,0.6005159928,0.7937063208,-0.3821363911,4.116958358,0.1729506171,-0.0253653354,1.273127495,2.110864409,-20.51947778,4.906973441,5.42,7.556488414,7.996253786,Bankrupt
Value Industries Limited,2014,0.86,0.28,0.01394893397,3.94,0.658715574,0.05900064737,92.07,1.101138209,1.027616759,1.027616759,-2.89,-0.02891077866,0.658715574,-0.09424478818,0.921113802,-0.02978008738,-0.02891077866,0.009188380046,0.009188380046,0.009188380046,0.01394893397,-0.001528461563,0.4103495174,0.649527194,0.7146950471,0.8301914347,0.8301914347,-0.03305991311,0.920791296,0.9990426894,0.9439456084,0.0,-7.8,-0.0007388418814,0.08499472265,-0.05992498984,-0.2324589694,0.2045414565,0.7075845404,0.6217916733,0.6047231924,0.0,0.2827661383,0.6799284625,0.658715574,-1.752997223,1.148579512,-0.2331722446,0.8907741671,1.009818677,0.5644707858,0.658715574,-4.013042355,0.5741602927,0.793450217,-0.5550060919,3.879165771,0.1714758607,-0.03689886293,0.9541737151,1.482286855,-9.779571281,10.01787847,5.44,3.865992884,6.386106401,Probable Bankrupt
Value Industries Limited,2013,1.24,0.4,0.02045028143,3.14,0.4409331568,0.05373424924,84.27,1.183238077,1.022564393,1.022564393,-5.1,-0.05029820936,0.4409331568,0.1049151461,0.8444915855,-0.02338801172,-0.05029820936,0.009017207148,0.009017207148,0.009017207148,0.02045028143,0.08981670388,0.430202423,0.4319159497,0.5156983213,0.8091259336,0.8091259336,-0.0503332703,0.8427425073,0.9856389559,1.433704101,0.0,-7.69,0.0007231586488,0.0580953772,-0.1307692308,-0.3020865581,0.2359015555,0.7046932556,0.6321676751,0.5524723457,0.0,0.4037255427,0.6746147667,0.4409331568,-1.041282471,1.089622435,0.2434426117,0.9357761391,1.928982726,0.5458483029,0.4409331568,3.50599831,0.8342133476,0.5449499744,0.549656368,2.31007368,0.3681927768,-0.06044257196,0.8948248558,1.352523298,8.149647986,9.478996914,5.42,2.473521635,5.456388753,Probable Bankrupt
Value Industries Limited,2012,1.25,0.45,0.01704237795,2.57,0.4052081529,0.04912135569,68.38,1.478683044,1.021271888,1.021271888,-5.43,-0.05276182204,0.4052081529,0.1030082568,0.6869103297,-0.08391939488,-0.05276182204,0.006905710491,0.006905710491,0.006905710491,0.01704237795,0.04461858873,0.4642614246,0.3983024424,0.5750456821,0.7713551591,0.7713551591,-0.04849587159,0.6838789768,0.9705176214,1.660520391,0.0,-6.25,-0.0003369839933,0.05257839226,-0.1476103622,-0.2615975151,0.296419669,0.6763083932,0.6728564005,0.4251169236,0.0,0.4468636895,0.6588617497,0.4052081529,-0.9826595448,0.9476312027,0.2236093354,1.084858119,1.601378823,0.5082164097,0.4052081529,3.175896861,0.8073470318,0.5253198194,0.4505164272,1.77221647,0.3661470062,-0.0714403486,0.7354062013,1.047257406,6.840751121,8.911793365,5.41,1.317979708,5.241315001,Probable Bankrupt
Value Industries Limited,2011,1.03,0.41,0.01371715389,2.17,0.4648473291,0.04466911346,71.31,1.297569206,1.017957749,1.017957749,0.3,0.003042184466,0.4648473291,0.01370629222,0.7191035776,0.1277993224,0.003042184466,0.006376382349,0.006376382349,0.006376382349,0.01371715389,0.3001293183,0.399692828,0.4584709467,0.6443450073,0.7546184825,0.7546184825,0.002786004986,0.713116064,0.9884810491,1.530935219,0.0,0.41,-0.001973001792,-0.007136806438,0.007265393122,0.01376345953,0.3251729493,0.6130518574,0.7116511474,0.3981004027,0.0,0.4091768562,0.6341663137,0.4648473291,-0.9838371117,0.9723987011,0.02932728475,1.037170768,1.180900486,0.4785536213,0.4648473291,21.03769918,0.6203087219,0.616003106,0.05585706843,1.894386072,0.2897711534,-0.004997397189,0.7163175726,1.013735647,52.6346677,11.98938992,5.43,-1.983859222,8.497584702,Probable Bankrupt
Value Industries Limited,2010,1.41,0.72,0.02574975084,1.8,0.3370426243,0.04857943276,104.66,,1.015833121,1.01291436,0.84,0.008362482337,0.3370426243,0.1368752787,1.056036352,,0.008362482337,0.008678763597,0.008678763597,0.008678763597,0.02574975084,,0.2193935463,0.3283638607,0.3195869721,0.7206122162,0.7206122162,0.01407168989,1.046600258,0.9923961639,2.280492888,27.13,1.33,0.002457100507,0.1737549581,0.05441696113,0.06564651875,0.3877089196,0.2372246288,0.7686233075,0.1865292885,0.002135810421,0.7196158376,0.657660101,0.3370426243,-0.1174751164,1.478616469,0.2778039468,0.6750619658,1.372893212,0.4739179029,0.3370426243,1.690419883,0.6864908943,0.467717056,0.4899114657,1.206361351,0.383569592,0.004448899205,1.041964662,1.372088773,7.704966311,10.88235294,5.55,4.808592108,7.861888833,Probable Bankrupt
Nagarjuna Oil Refinery Limited,2019,0.01,0.01,0.0,0.0,15.92537313,37.56140351,0,-1.539772727,0.0,0.0,0.0,1.988636364,15.92537313,-15.7761194,0.2014925373,-0.0223880597,1.988636364,0.0,0.0,0.0,0.0,0,0.0,15.92537313,-24.25,15.92537313,15.92537313,-1.305970149,0.0,0.0,0.06279287723,0.0,8.07,0.0,0.0,-0.08200562324,0.0875,-0.9372071228,-0.02272727273,1.0,0.0,0.0,0.009372071228,0.009372071228,15.92537313,23.48888889,0.0,-18.54385965,-24.25,0.0,0.1492537313,15.92537313,0.0,0.0,1.0,1.057,-1.067,0.0,-1.0,1.507462687,-0.6567164179,0.04162724693,3.938826467,5.27,5.36166639,6.453851345,Bankrupt
Nagarjuna Oil Refinery Limited,2018,0.12,0.12,0.0,-1.03,1.284671533,36.9137931,0,-40.96551724,0.0,0.0,0.0,82.17241379,1.284671533,-1.131386861,0.0,-102.0583942,82.17241379,0.0,0.0,0.0,0.0,0,0.0,1.284671533,-1.011494253,14.32116788,14.32116788,-2.175182482,0.0,0.0,0.7784090909,0.0,744.7,0.0,-0.1493374108,-1.693181818,0.1632876712,-0.9301732926,-0.01149425287,1.0,0.0,0.0,0.1193181818,0.01070336391,1.284671533,0.8806818182,0.0,-1.336206897,-11.27586207,-0.978630137,0.1532846715,1.284671533,0.0,0.0,0.08970438328,0.08493150685,-0.09643835616,13.03649635,-1.0,2.175182482,-1.270072993,1.122580645,3.328173375,5.33,5.327608862,6.795383419,Bankrupt
Nagarjuna Oil Refinery Limited,2017,0,0.0,0.0,0.13,0.01062398187,36.28813559,0,-166.224359,0.0,0.0,0.0,153.7692308,0.01062398187,-0.01062398187,0.0,-1.673206318,153.7692308,0.0,0.0,0.0,0.0,0,0.0,0.01062398187,-0.9615384615,0.1165804944,0.1165804944,-0.02592251576,0.0,0.0,94.12666667,0.0,-2.53,0.0,-0.2229647631,-2.44,-0.0293433817,7.577764277,-0.01282051282,1.0,0.0,0.0,0.0,0.0,0.01062398187,0.9493670886,0.0,-1.271186441,-10.55128205,0.1199390684,0.0,0.01062398187,0.0,0.0,0.09113001215,-0.01202597611,0.01202597611,0.1059565125,-1.0,0.02592251576,-0.01104894114,1.04,4.948216341,5.36,6.232711415,8.256305502,Bankrupt
Nagarjuna Oil Refinery Limited,2016,0.01,0.01,0.006451612903,0.03,0.004106721776,35.68333333,0,-250.1192053,0.0,0.0,0.0,2.198675497,0.004106721776,-0.004080226797,5.3e-05,-0.00132474896,2.198675497,2.65e-05,2.65e-05,2.65e-05,0.006451612903,0,0.0,0.004080226797,-1.026490066,0.03396656334,0.03396656334,-0.008769838116,0.0,0.0,243.5032258,0.0,-0.88,0.0,-0.2230889236,-2.135483871,-0.009078193138,28.44071763,-0.01324503311,1.0,0.0,0.0,0.006451612903,0.0007800312012,0.004106721776,1.006535948,0.0,-1.283333333,-8.483443709,0.03090973917,2.65e-05,0.004106721776,0.0,0.0,0.1209048362,-0.004223691067,0.004251117633,0.02985984156,-1.0,0.008822828074,-0.004000741859,0.9805194805,4.906973441,5.42,7.556488414,7.996253786,Probable Bankrupt
Nagarjuna Oil Refinery Limited,2015,0.41,0.41,0.3949579832,0.03,0.003148731247,35.09836066,0,-780.7027027,0.0,0.0,0.0,548.1756757,0.003148731247,-0.001852194851,7.94e-05,-1.057285741,548.1756757,0.001243616543,0.001243616543,0.001243616543,0.3949579832,0,0.0,0.001905114704,-1.608108108,0.02645992644,0.02645992644,-0.01494985844,0.0,0.0,317.5882353,0.0,-107.67,0.0,-0.55,-4.74789916,-0.01535618188,36.793,-0.02702702703,1.0,0.0,0.0,0.4117647059,0.049,0.003148731247,0.9210526316,0.0,-0.5737704918,-12.87837838,0.0239447721,0.001296536396,0.003148731247,0.0,0.0,0.119,-0.001902535808,0.003234310874,0.02331119519,-1.0,0.01502923822,-0.001958034557,1.057142857,6.665656719,5.44,6.69517609,7.410227605,Probable Bankrupt
Nagarjuna Oil Refinery Limited,2014,1.38,1.38,1.666666667,0.01,3.86e-05,34.256,0,-1023.039474,0.0,0.0,0.0,2.302631579,3.86e-05,2.57e-05,0.0,0,2.302631579,6.43e-05,6.43e-05,6.43e-05,1.666666667,0,0.0,-2.57e-05,-0.03947368421,0.005054597369,0.005054597369,-0.00225077491,0.0,0.0,25917.0,0.0,-0.22,0.0,-0.4300254453,-58.33333333,-0.002262209468,196.8396947,-0.05263157895,1.0,0.0,0.0,1.666666667,0.01272264631,3.86e-05,-0.025,0.0,0.016,-5.105263158,0.005041495385,6.43e-05,3.86e-05,0.0,0.0,0.007633587786,2.59e-05,3.88e-05,0.005016012656,-1.0,0.00225077491,-0.0009774793893,-38.0,10.01787847,5.44,3.865992884,6.386106401,Probable Bankrupt
Nagarjuna Oil Refinery Limited,2013,0.38,0.38,0.5,0.0,2.57e-05,33.453125,0,-1110.771429,0.0,0.0,0.0,2.257142857,2.57e-05,-1.29e-05,0.0,-7.72e-05,2.257142857,1.29e-05,1.29e-05,1.29e-05,0.5,0,0.0,1.29e-05,-0.02857142857,0.00281668403,0.00281668403,-0.002032128204,0.0,0.0,38875.5,0.0,-0.2,0.0,-0.6849315068,-79.0,-0.002037868235,354.0273973,-0.07142857143,1.0,0.0,0.0,0.5,0.004566210046,2.57e-05,0.01333333333,0.0,-0.0078125,-3.114285714,0.002798844348,1.29e-05,2.57e-05,0.0,0.0,0.009132420091,-1.29e-05,2.58e-05,0.002790960888,-1.0,0.002032128204,-0.0009003099639,70.0,9.478996914,5.42,2.473521635,5.456388753,Probable Bankrupt
Nagarjuna Oil Refinery Limited,2012,1.66,1.66,2.0,0.0,1.29e-05,32.19548872,0,,0.0,0.0,0.0,1.174603175,1.29e-05,1.29e-05,0.0,,1.174603175,2.57e-05,2.57e-05,2.57e-05,2.0,0,0.0,-1.29e-05,-0.01587301587,0.0008487981789,0.0008487981789,-0.0009516828067,0.0,0.0,77757.0,0.0,-0.09,0.0,-1.015151515,-74.0,-0.0009524912796,1177.136364,-0.07936507937,1.0,0.0,0.0,2.0,0.0303030303,1.29e-05,-0.01470588235,0.0,0.007518796992,-1.015873016,0.0008366477456,2.57e-05,1.29e-05,0.0,0.0,0.01515151515,1.29e-05,1.29e-05,0.0008359376005,-1.0,0.0009516828067,-0.0008102164435,-63.0,8.911793365,5.41,1.317979708,5.241315001,Probable Bankrupt
Videocon Industries Limited,2019,0.21,0.21,0.008539944452,-5.35,1.209801317,0.05857196895,1.8,64.43715014,1.158849039,-0.03915891338,-795.87,-9.330450784,1.209801317,-0.9533619347,0.09462492462,0.01473266163,-9.330450784,0.01033163604,0.01033163604,0.01033163604,0.008539944452,-4.171021726,0.3506414958,1.19946968,78.53466136,1.216355179,1.216355179,-0.1187018114,0.0180598457,1.172360988,0.8221172075,0.0,-17.93,-0.1148990039,-0.05043766117,-0.1005853003,0.5624465712,-0.1778717129,0.7131735063,0.99459848,0.0004482103897,0.007586159578,0.2075033796,0.2108260697,1.209801317,-216.9899053,0.009545444841,-8.42213287,78.28942594,-0.03029214636,0.2564393818,1.209801317,-0.005665760079,0.004464799233,0.994611884,4.406466894,-5.591737256,0.006553862757,-0.9163175756,0.2133267361,0.01548834044,-0.01615827033,3.938826467,5.27,5.36166639,6.453851345,Bankrupt
Videocon Industries Limited,2018,0.29,0.26,0.01463621761,-13.89,1.059045666,0.0532461764,5.9,18.59580248,1.083841673,0.645027454,-217.53,-2.314535023,1.059045666,-0.7509614829,0.1009879508,-0.06330063637,-2.314535023,0.01550042282,0.01550042282,0.01550042282,0.01463621761,-1.034116395,0.5109997316,1.043545243,19.08961173,1.071665513,1.071665513,-0.1273614051,0.05902735652,1.06398558,0.9174778742,0.0,47.09,0.03172138717,-0.04456762175,-0.1312097772,1.938968138,-0.06687302328,0.4703663676,0.9716509661,0.009379928763,0.0113581875,0.2641388921,0.287481662,1.059045666,-26.52267903,0.05557003277,-5.942027163,19.0376885,-0.176093725,0.3080841827,1.059045666,-0.03775031689,0.02676847172,0.9882240802,10.47870103,-14.77761931,0.0126198471,-0.743180911,0.2283493559,0.05709621317,-0.07387541431,3.328173375,5.33,5.327608862,6.795383419,Bankrupt
Videocon Industries Limited,2017,1.96,1.74,0.07883772548,13.65,0.2519214056,0.04331536189,23.68,4.449422534,1.033249556,0.7020720738,-26.02,-0.25647464,0.2519214056,0.2410810772,0.2449654226,-0.1385504814,-0.25647464,0.01986091061,0.01986091061,0.01986091061,0.07883772548,0.174859651,0.225669117,0.232060495,1.04828461,0.9449061772,0.9449061772,-0.1227211308,0.2368400487,0.9855287111,3.75421732,0.0,-3.43,-0.08680444424,0.08284252599,-0.5198966466,-2.377273664,0.05830613041,0.8384347796,0.9457677041,0.1645115248,0.04211414392,1.74169474,0.5217475498,0.2519214056,4.812342526,0.2294050656,1.650021822,3.849258916,12.57826625,0.4930024828,0.2519214056,0.2249545942,0.2152746638,0.2666099679,4.375827724,4.572588955,0.6929847716,-0.3579150565,0.3676865533,0.2540980786,0.996833759,4.948216341,5.36,6.232711415,8.256305502,Bankrupt
Videocon Industries Limited,2015,1.7,1.58,0.2263964566,4.63,0.3090716909,0.01626967005,22.94,4.343742692,1.032734089,0.8169816143,-16.03,-0.1602464361,0.3090716909,0.2170405093,0.2380959662,0.00589860587,-0.1602464361,0.07234716882,0.07234716882,0.06997273565,0.2263964566,-0.01922271883,0.1712302037,0.2390989552,1.346499132,0.8642762233,0.8642762233,-0.03686346137,0.2294092669,0.9994424851,3.108328328,0.0,-5.25,0.06104930174,-5.77e-07,-0.1195334274,-0.2722028477,0.1570374991,0.8131955813,0.9606962921,0.169354572,0.02865011539,1.575066584,0.6087315443,0.3090716909,4.145119593,0.2457203468,0.6352672315,3.460455902,4.09069469,0.5261122002,0.3090716909,0.1810892724,0.1271669618,0.3576075362,1.599134025,2.277211101,0.5552045325,-0.1675369537,0.2749594276,0.2389279934,1.05757786,6.665656719,5.44,6.69517609,7.410227605,Bankrupt
Videocon Industries Limited,2014,2.39,2.21,0.4698156619,3.93,0.2190050929,0.01632941218,34.2,2.691198286,1.030859437,0.5608574665,24.27,0.2446054965,0.2190050929,0.3050259942,0.5779668489,0.1729706632,0.2446054965,0.1065750311,0.1065750311,0.1028920227,0.4698156619,0.101515535,0.1187140465,0.1161130702,0.6451851852,0.8277938579,0.8277938579,0.1251865119,0.3420906348,1.007793046,4.382103904,0.44,10.95,0.01106515494,-0.1055903017,0.7641047524,0.9717587896,0.2080302246,0.8083156028,0.9597030723,0.2486918465,0.0963645529,2.208780413,0.6330453918,0.2190050929,4.068600397,0.2754237733,0.8907893054,2.135548168,3.535232585,0.5240310871,0.2190050929,0.1321098152,0.1839999573,0.2645647715,1.771284058,1.271761217,0.608788765,-0.2468563491,0.452780337,0.3536982757,1.112840638,10.01787847,5.44,3.865992884,6.386106401,Probable Bankrupt
Videocon Industries Limited,2013,1.64,1.48,0.06760504795,7.85,0.269233125,0.0162798026,38.01,2.358448199,1.030344925,0.6464932367,-16.5,-0.1649439547,0.269233125,0.1730742213,0.3981497485,0.2061339487,-0.1649439547,0.01948009812,0.01948009812,0.01820151833,0.06760504795,0.03506519892,0.1151139403,0.2510316067,0.7079373381,0.9005099158,0.9005099158,-0.08699719723,0.3801523986,0.9995949687,3.551648512,-0.7,-7.81,-0.02301559256,-0.05072004396,-0.4132669304,-1.118354136,0.1104819419,0.7997215808,0.9562214278,0.2773432628,0.08105478045,1.48023678,0.4911743209,0.269233125,1.697524622,0.3810331405,0.4372707173,2.319993345,6.345122692,0.4423073463,0.269233125,0.2529468103,0.1626047026,0.2989785235,1.739612774,2.706130236,0.6312767908,-0.2180680517,0.4851469457,0.397717959,2.197360368,9.478996914,5.42,2.473521635,5.456388753,Probable Bankrupt
Videocon Industries Limited,2011,1.2,1.07,0.07576459126,3.08,0.4119068378,0.02020935669,34.16,2.470254879,1.029169307,0.7222310873,-10.2,-0.1030624273,0.4119068378,0.08353339248,0.3451040596,0.3286359752,-0.1030624273,0.03173785105,0.03173785105,0.0312079532,0.07576459126,0.01425057663,0.1572943215,0.3806988846,1.217586188,0.8005111566,0.8005111566,-0.02986398355,0.34160103,1.009763999,2.29854806,-1.16,-5.9,-0.01024276187,-0.2046260113,-0.06035871019,-0.1246293528,0.2492018278,0.7928055615,0.946787663,0.244877739,0.06485640534,1.07361144,0.6189048412,0.4119068378,0.432580494,0.3638246741,0.2187940815,2.274040799,1.94800026,0.4954402303,0.4119068378,0.6370187471,0.1291853695,0.5145547746,0.4187371638,2.064811399,0.3886043188,-0.0897631614,0.3749680432,0.3573112567,4.049852157,11.98938992,5.43,-1.983859222,8.497584702,Probable Bankrupt
Videocon Industries Limited,2010,3.79,3.18,0.4721110386,1.72,0.1290612548,0.02306722689,55.99,1.629904569,1.023188856,0.8834075772,-2.21,-0.02223161759,0.1290612548,0.3597230029,0.5622143534,0.183984674,-0.02223161759,0.06093124304,0.06093124304,0.06093124304,0.4721110386,0.1261043904,0.140246962,0.06813001173,0.2316693321,0.6618281687,0.6618281687,0.00171473305,0.5599128714,1.005062605,7.142883172,-8.78,-1.49,0.04462198635,0.01809391782,0.1088198473,0.04153044321,0.5109662105,0.4434620158,0.9218694649,0.2132477825,0.05883030526,3.18185131,0.7385364976,0.1290612548,0.9082363649,0.7838071098,0.7245469824,1.078630373,1.57543256,0.4887842577,0.1290612548,0.2171963831,0.6053756047,0.195007195,1.063728465,0.3816440129,0.5327669139,-0.00104683203,0.5604996203,0.6043073918,1.548670859,10.88235294,5.55,4.808592108,7.861888833,Probable Bankrupt
Videocon Industries Limited,2009,2.86,2.34,0.2690771712,1.67,0.1616616507,0.02128838284,48.59,,1.016668683,0.8846584301,4.92,0.04904307473,0.1616616507,0.3008466285,0.4893256952,,0.04904307473,0.04349945967,0.04349945967,0.04349945967,0.2690771712,,0.1714674061,0.1181621911,0.3312886416,0.6567852287,0.6567852287,0.02828152779,0.4859689283,0.9958823591,5.668181857,8.97,2.85,-0.06414439938,0.05054431633,0.2303578668,0.1085035847,0.5225677379,0.4257191108,0.9163276357,0.1803762535,0.04904048457,2.343387644,0.7042001844,0.1616616507,0.7749675746,0.6926840177,0.6006365821,1.256789154,1.442605679,0.4625082792,0.1616616507,0.2781229915,0.5175770749,0.2461408139,0.8765550136,0.4710218332,0.495123578,0.05406154699,0.4610441674,0.5325368662,1.622016673,8.349267049,5.54,3.77175625,3.08669806,Probable Bankrupt
Easun Reyrolle Limited,2019,0.86,0.64,0.02708178092,2.17,0.7347637135,0.03123415475,14.67,11.43929125,1.661115414,1.56622773,-12.07,-0.2006196747,0.7347637135,-0.1010334326,0.1507374328,-0.02143859289,-0.2006196747,0.01989870992,0.01989870992,0.01989870992,0.02708178092,0.01488095238,1.886909373,0.7148650036,8.316034082,0.7637990624,0.7637990624,-0.01769154433,0.1467679567,1.661115414,1.134081595,0.0,-2.31,-0.05887153183,0.02186330951,-0.02403129657,-0.07475552336,0.3092448646,1.563710302,0.8332820039,0.1059097286,0.00548822831,0.6355951937,0.8297081159,0.7347637135,5.375815871,0.1866221635,-0.2994118244,8.419442293,0.1229264759,0.6337302809,0.7347637135,-1.650127011,0.226900149,0.9619856186,-0.4277435712,3.110756972,0.02903534887,-0.1286062576,0.1684289772,0.1060326065,-0.8745131245,3.938826467,5.27,5.36166639,6.453851345,Bankrupt
Easun Reyrolle Limited,2018,0.84,0.63,0.02892626594,2.11,0.7499120588,0.03026283468,12.37,13.88777437,1.751711116,1.611989615,-21.1,-0.3681850366,0.7499120588,-0.1198010017,0.1318615052,0.02869394797,-0.3681850366,0.02169215565,0.02169215565,0.02169215565,0.02892626594,0.3469111366,2.265518055,0.7282199032,10.5662025,0.7597279686,0.7597279686,-0.02613109097,0.1237876681,1.744158603,1.119077933,0.0,-8.84,0.08488278092,-0.02570830118,-0.03484554044,-0.1087562744,0.3162606107,1.569506726,0.839210037,0.08321747433,0.006526292581,0.6258348411,0.8293903649,0.7499120588,6.941980937,0.1571160842,-0.3513633014,10.39886712,0.04085331846,0.6301110571,0.7499120588,-1.342142058,0.2144117581,0.9870797046,-0.4986056888,3.121095929,0.009815909814,-0.2164970314,0.1579925962,0.08457085828,-0.5924217002,3.328173375,5.33,5.327608862,6.795383419,Bankrupt
Easun Reyrolle Limited,2017,0.76,0.62,0.005877860829,1.73,0.7452316076,0.02710194025,14.66,10.09281594,1.516168502,1.395210628,-24.73,-0.3677678727,0.7452316076,-0.1778015383,0.155709999,0.008450315593,-0.3677678727,0.004380367675,0.004380367675,0.004380367675,0.005877860829,-0.01196363056,1.09578745,0.74085124,7.553399755,0.7500948505,0.7500948505,-0.03492222261,0.1466733349,1.486628212,1.196792632,0.0,-4.7,-0.01083698409,-0.0823083113,-0.04686089834,-0.1397419088,0.3331647316,1.263415487,0.891887697,0.09548856621,0.007954937349,0.6163423044,0.7564777561,0.7452316076,11.00132714,0.1914702839,-0.453605526,7.558294005,0.0194603547,0.5674300693,0.7452316076,-0.6080504365,0.1450720848,0.9935164961,-0.7114760886,2.982057829,0.004863242852,-0.2310475846,0.1906322216,0.1106212657,-0.5548981571,4.948216341,5.36,6.232711415,8.256305502,Bankrupt
Easun Reyrolle Limited,2016,0.88,0.72,0.01544779038,1.73,0.7115625435,0.03057375422,16.15,9.509917868,1.459786146,1.459786146,-52.09,-0.749883775,0.7115625435,-0.086579936,0.1733511896,-0.1346702379,-0.749883775,0.01167037707,0.01167037707,0.01099206901,0.01544779038,-0.01197982346,0.9831086316,0.7005704745,6.339996901,0.7853589815,0.7853589815,-0.07021358008,0.1615416725,1.439330544,1.250293312,0.0,-29.18,-0.005626326964,-0.02843538921,-0.09867520532,-0.3271209789,0.2733030672,1.429102743,0.8896618895,0.1266175038,0.0,0.7232596793,0.7957922711,0.7115625435,4.088840737,0.2086147713,-0.2470716696,6.89958159,0.3438133052,0.6249826075,0.7115625435,-1.274407393,0.1550645287,0.9060347691,-0.4033708776,3.315128434,0.07379643801,-0.337403599,0.2435647697,0.1261534251,-1.296303736,4.906973441,5.42,7.556488414,7.996253786,Probable Bankrupt
Easun Reyrolle Limited,2015,0.98,0.83,0.04337936637,1.15,0.6604178482,0.02798346432,18.07,8.836950732,1.566844208,1.566844208,-36.77,-0.5774966711,0.6604178482,-0.01581875872,0.1940250464,-0.03453455755,-0.5774966711,0.02924630972,0.02924630972,0.02864850779,0.04337936637,-0.009968847352,0.8548601864,0.6317693404,5.73701731,0.7559435307,0.7559435307,-0.06385750855,0.1807661062,1.570306258,1.365185099,0.0,-18.27,0.01342738166,-0.03163209441,-0.106672856,-0.2886572039,0.3228501328,1.092010652,0.9015926056,0.09426876562,0.0,0.8270395729,0.8527079912,0.6604178482,10.78437048,0.2473183689,-0.04688138827,6.317976032,0.3914081146,0.6445990895,0.6604178482,-6.220930233,0.1490077753,0.8736338382,-0.06481597789,2.706004271,0.09552568249,-0.3177603424,0.2578825549,0.1276798313,-7.277131783,6.665656719,5.44,6.69517609,7.410227605,Probable Bankrupt
Easun Reyrolle Limited,2014,1.03,0.87,0.05092580703,1.32,0.5769424524,0.01635477276,38,3.049386686,1.221803648,1.221803648,-11.97,-0.1410851289,0.5769424524,0.01998755408,0.3934836721,0.03307058614,-0.1410851289,0.02992947312,0.02992947312,0.02938126,0.05092580703,-0.06832202344,0.2978821151,0.5475611924,1.788900629,0.7515261068,0.7515261068,-0.03878978249,0.3800005927,1.178251482,1.566758263,0.0,-10.75,-0.002030456853,0.06003312172,-0.06507614474,-0.1511031604,0.330625764,0.6305875867,0.9039293546,0.1645083862,0.0,0.8681270705,0.794290446,0.5769424524,-0.6386021639,0.5226726075,0.05303506841,2.239123444,0.7026237329,0.5969300065,0.5769424524,4.806523351,0.1665168597,0.7676944915,0.08044126416,2.321943948,0.1745836544,-0.1231191088,0.4322734546,0.3567892735,16.13565604,10.01787847,5.44,3.865992884,6.386106401,Probable Bankrupt
Easun Reyrolle Limited,2013,1.01,0.81,0.06487858977,0.98,0.5250383083,0.01602465331,44.15,2.697017683,1.21074162,1.21074162,-1.24,-0.01570335181,0.5250383083,0.003769537236,0.4811063439,0.120931658,-0.01570335181,0.03458473797,0.03458473797,0.03406374502,0.06487858977,0.09499061643,0.3046978094,0.4909745633,1.507169878,0.692338339,0.692338339,-0.002574318112,0.4415721728,1.267572798,1.70245739,0.0,-1.15,-0.005158946412,0.140011509,0.0006128881625,0.001045920908,0.4443805055,0.5594703968,0.8938553478,0.1596230463,0.0,0.8050140089,0.7637997433,0.5250383083,-0.667099351,0.6050196981,0.009476117103,1.889636668,0.5437792609,0.5288078455,0.5250383083,28.15853659,0.2021655382,0.7583550972,0.01225221636,1.706544477,0.1673000306,-0.1698716933,0.483680662,0.3897279413,92.41463415,9.478996914,5.42,2.473521635,5.456388753,Probable Bankrupt
Easun Reyrolle Limited,2012,1.13,0.91,0.1205646297,0.8,0.4951889555,0.02122340697,56.15,1.936388992,1.156994523,1.156994523,-2.25,-0.02436237777,0.4951889555,0.06299679264,0.6017640496,-0.008959698787,-0.02436237777,0.06003346814,0.06003346814,0.05970227304,0.1205646297,-0.417291434,0.2106589603,0.4354866825,0.9546019692,0.6400257984,0.6400257984,-0.007443173895,0.5615325617,1.082496052,1.798753872,-5.93,-2.42,-0.05669309634,0.05169267642,-0.004540974373,-0.006246670863,0.5624370183,0.4663463154,0.8907230512,0.2163924139,0.0,0.9065404112,0.872130076,0.4951889555,-0.167180908,0.9296238799,0.184378348,1.118720387,0.4023533969,0.5581857482,0.4951889555,1.734643055,0.220677274,0.7737015551,0.1750036318,1.375623456,0.1448368428,-0.07828550173,0.6092072235,0.5823793029,8.234366353,8.911793365,5.41,1.317979708,5.241315001,Probable Bankrupt
Easun Reyrolle Limited,2011,1.36,1.05,0.108310579,0.87,0.493521302,0.03514268778,51.61,,1.15509574,1.15509574,-2.41,-0.02653533757,0.493521302,0.1783628762,0.5227013579,,-0.02653533757,0.1503749007,0.1503749007,0.05345357797,0.108310579,,0.3265463633,0.440067724,1.049873204,0.6461248747,0.6461248747,-0.005459382882,0.5161017242,1.09790878,1.715220892,-34.54,-2.46,-0.05797193675,-0.1383459451,0.003115591962,0.004345066641,0.5476884409,0.417545665,0.8464980478,0.1775854324,0.0,1.050374571,1.039867376,0.493521302,0.09080010096,0.8295408968,0.8742484546,1.26079606,0.4312356588,0.6718841782,0.493521302,0.8606160403,0.3110340965,0.7638172144,0.5040277303,1.394619929,0.1526035728,-0.02355173203,0.5281607408,0.5553197135,2.635509492,11.98938992,5.43,-1.983859222,8.497584702,Probable Bankrupt
Shri Lakshmi Cotsyn Limited,2018,0.29,0.25,0.001692230498,-1.93,0.5763791226,0.02065857835,10.93,12.63138787,1.327985616,0.4996888182,-61.23,-0.8165410414,0.5763791226,-0.4112246518,0.1110556639,-0.07166107154,-0.8165410414,0.0009753663294,0.0009753663294,0.0009753663294,0.001692230498,-0.5972006221,0.2223221077,0.5754037563,7.028628726,1.93776936,1.93776936,-0.06373338475,0.1093487729,1.333448586,1.70333822,0.0,-14.75,-0.004322016247,0.004986626243,-0.110614811,0.06798693838,-0.4839427123,1.286425558,0.9817685887000001,0.05549947829,0.01752635245,0.2549069765,0.08522916825,0.5763791226,18.28392081,0.03868439689,-0.5262023626,23.61814536,-1.451732479,0.1651544708,0.5763791226,-0.04433443193,0.03163093633,0.2974446467,0.4385136361,-0.6146278043,1.361390237,-0.3769587646,0.1747890487,0.083527312,-0.1994153095,3.328173375,5.33,5.327608862,6.795383419,Bankrupt
Shri Lakshmi Cotsyn Limited,2017,0.29,0.24,0.002496866677,-2.07,0.5404141157,0.01903774784,16.48,7.886801635,1.200739731,0.6993576017,-85.5,-1.037259101,0.5404141157,-0.3859541435,0.1671755362,-0.1438398569,-1.037259101,0.001349341997,0.001349341997,0.001349341997,0.002496866677,-0.3894839338,0.1999221335,0.5390647737,3.976172864,1.819749075,1.819749075,-0.06193215191,0.164879009,1.213120498,1.800152749,0.0,-13.16,-0.00201031095,0.003442881319,-0.1146012847,0.0755501333,-0.450473687,0.769125949,0.9728279562,0.05716976839,0.01872357501,0.2355377565,0.08487981902,0.5404141157,-13.16576728,0.07095708611,-0.4877327895,13.37913179,-1.56064215,0.1544599722,0.5404141157,-0.07040225945,0.05028004073,0.2969717765,0.4708198584,-0.6592433368,1.27933496,-0.2876873686,0.2291076881,0.1397093219,-0.3521484,4.948216341,5.36,6.232711415,8.256305502,Bankrupt
Shri Lakshmi Cotsyn Limited,2016,0.47,0.4,0.003109275843,-2.5,0.4716465276,0.01796384516,20.76,6.126359556,1.139783527,0.7907338965,-33.67,-0.3989176346,0.4716465276,-0.2511102681,0.2091421328,-0.1471336578,-0.3989176346,0.001466479155,0.001466479155,0.001466479155,0.003109275843,-0.07610371409,0.1883579725,0.4701800485,2.691473073,1.591139135,1.591139135,-0.04324494365,0.2076016358,1.18468849,2.050248644,0.0,-7.92,-0.004724956572,0.002619589646,-0.09168930782,0.07315527105,-0.3715194492,0.6360084477,0.9669926537,0.0671851002,0.01922098463,0.3976047787,0.1386027498,0.4716465276,-4.454308094,0.1063070764,-0.3424992902,9.071541711,-1.893788689,0.2205362595,0.4716465276,-0.1314456255,0.06998322757,0.2964206695,0.4247904651,-0.7978604353,1.119492607,-0.2088641238,0.2523870765,0.1812188739,-0.6978500765,4.906973441,5.42,7.556488414,7.996253786,Bankrupt
Shri Lakshmi Cotsyn Limited,2015,0.56,0.5,0.004211069789,-2.77,0.4998971646,0.01699032023,29.54,4.335016657,1.080799515,0.8645669291,-126.98,-1.408631133,0.4998971646,-0.2177449601,0.2979243373,-0.3090345971,-1.408631133,0.002105101847,0.002105101847,0.002105101847,0.004211069789,-6.647694712,0.116262871,0.4977920627,1.877029073,1.463162734,1.463162734,-0.2037351443,0.2954240248,1.109267111,1.938471591,0.0,-26.83,-0.004427258462,-0.02987991257,-0.4070781468,0.4393643883,-0.3165490231,0.201075106,0.9690364521,0.008501062633,0.019679234,0.5024806589,0.1928371998,0.4998971646,-1.16889369,0.1768843418,-0.3222252724,5.486023622,-2.079756204,0.2821522045,0.4998971646,-0.1422009853,0.06193983495,0.3416552055,0.4701262516,-1.079312146,0.9632655695,-0.4262194926,0.5016594816,0.2748334311,-1.223098863,6.665656719,5.44,6.69517609,7.410227605,Probable Bankrupt
Shri Lakshmi Cotsyn Limited,2014,1.1,0.62,0.006841477171,-11.26,0.376900801,0.01630929808,26.38,4.230596876,1.066272484,1.066272484,-72.92,-0.777581378,0.376900801,0.03711028959,0.2711275416,-0.09405422058,-0.777581378,0.002578558226,0.002578558226,0.002578558226,0.006841477171,-0.2667450059,0.7309267443,0.3743222428,1.522897865,1.065708564,1.065708564,-0.1405606901,0.2638909427,1.066272484,2.173260205,0.0,-12.69,-0.0009222615254,0.006839553781,-0.3728645927,2.138731305,-0.06165716086,0.2533515902,0.819103512,0.03836105977,0.0,0.6185038662,0.3884843422,0.376900801,-0.7781167684,0.2475941595,0.06900660507,4.295661916,-10.48276994,0.4140110906,0.376900801,4.874564171,0.4799578232,0.3536621677,-0.5647709691,-5.735946364,0.6888077634,-0.3590029484,0.4116882317,0.302146449,6.669018761,10.01787847,5.44,3.865992884,6.386106401,Probable Bankrupt
Shri Lakshmi Cotsyn Limited,2013,1.34,0.72,0.007678330696,8.31,0.3362909357,0.01602751756,54.12,1.862905835,1.036326975,1.036326975,-21.61,-0.2240325207,0.3362909357,0.1158308225,0.5481204066,0.05403373413,-0.2240325207,0.004553262186,0.004553262186,0.002582153014,0.007678330696,-0.002258610954,0.4010200451,0.3337087827,0.6438737991,0.8869456255,0.8869456255,-0.1033086475,0.5412665784,1.036326975,2.350791697,0.0,-17.63,0.0007647487254,-0.1643495957,-0.2671338977,-0.7946150589,0.1274648312,0.2460723952,0.7905499395,0.09988454932,0.0,0.7216123657,0.5097513818,0.3362909357,-0.237750286,0.595067639,0.2315742659,1.693231688,4.870706618,0.4521217582,0.3362909357,1.808241157,0.6228239845,0.3791562031,1.02455852,2.974594635,0.5506546898,-0.1691089383,0.6514290541,0.6606707795,4.509104169,9.478996914,5.42,2.473521635,5.456388753,Probable Bankrupt
Shri Lakshmi Cotsyn Limited,2012,1.36,0.64,0.007405555128,3.12,0.3095067289,0.01583971941,71.34,1.241865137,1.028894861,1.028894861,4.6,0.04742260075,0.3095067289,0.1099419243,0.7209986277,0.2777332925,0.04742260075,0.004375768364,0.004375768364,0.002292069143,0.007405555128,0.3374647887,0.3200285042,0.3072146597,0.4463485413,0.7589814878,0.7589814878,0.05348260558,0.7134556366,1.028894861,2.513955143,2.54,4.76,-0.0178697341,0.0721880356,0.2289759175,0.2940420907,0.3175551921,0.1897376238,0.778086033,0.1132103554,0.0,0.6382242056,0.5526467508,0.3095067289,-0.1992911221,0.9171088704,0.2082677809,1.091243539,1.864897243,0.4194486532,0.3095067289,2.018465371,0.7169923829,0.4077921976,0.4561555182,1.284161644,0.449474759,0.06882174041,0.6675160222,0.891186001,6.30714247,8.911793365,5.41,1.317979708,5.241315001,Probable Bankrupt
Shri Lakshmi Cotsyn Limited,2011,1.31,0.64,0.06808137968,2.64,0.3058865228,0.01899281353,74.11,1.184147877,1.029174774,1.029174774,5.78,0.05957994735,0.3058865228,0.09486521128,0.7473777917,0.2944374153,0.05957994735,0.03021773087,0.03021773087,0.0208251765,0.06808137968,0.2289844509,0.2826599519,0.2850613463,0.4247453359,0.7376143159,0.7376143159,0.05334674146,0.7411751615,1.029174774,2.603705201,6.07,6.18,0.01021474883,0.05466715836,0.2085286985,0.2431006047,0.3557220602,0.1845999771,0.7964383302,0.1176562713,0.0,0.6446510375,0.5433079665,0.3058865228,-0.1851027842,0.9906746231,0.207290935,0.9953130365,1.645393858,0.4007517341,0.3058865228,2.14579894,0.6654810024,0.4146971068,0.3615487316,1.16578968,0.4317277931,0.06792795682,0.6940310502,0.9042313723,7.591450169,11.98938992,5.43,-1.983859222,8.497584702,Probable Bankrupt
Shri Lakshmi Cotsyn Limited,2010,1.19,0.65,0.04567727641,2.69,0.4112630478,0.02445718767,89.69,,1.025717244,1.018984002,5.96,0.06122040012,0.4112630478,0.07769411847,0.9035321881,,0.06122040012,0.01878537591,0.01878537591,0.01878537591,0.04567727641,,0.2543802812,0.3924776719,0.470304933,0.7266015175,0.7266015175,0.06132116801,0.8969491288,1.025717244,1.890650077,6.53,9.09,0.0,-0.07899221815,0.168037269,0.2527721397,0.3762701781,0.1490598176,0.7775545132,0.1145756059,0.004051707505,0.6480321559,0.6729371664,0.4112630478,-0.1945286129,1.219676507,0.1629784836,0.8094318827,1.153402414,0.4889571663,0.4112630478,2.863093001,0.5408837189,0.5660090681,0.2841790407,1.504262365,0.3153384697,0.06499334184,0.8422110201,1.12462908,11.25516878,10.88235294,5.55,4.808592108,7.861888833,Probable Bankrupt
kwality limited,2021,0.01,0.0,0.00069611529,-0.76,27.0095501,0.2118473014,89.84,1.964933122,1.059662091,1.059662091,-1162.79,-12.3218937,27.0095501,-26.86480639,0.9017384168,-1.33201522,-12.3218937,0.0188017608,0.0188017608,0.0188017608,0.00069611529,-2.084848485,0.01451953537,26.99074834,31.85577262,27.0095501,27.0095501,-9.101768261,0.8984555696,1.059662091,0.03656815162,0.0,6.25,0.0,0.0,-0.2871668936,0.2982077187,-0.9629760586,1.761967617,0.9876893233,0.2332313661,0.0,0.004903193015,0.005358982788,27.0095501,41.60226354,-0.01655207467,-31.59885915,31.83359732,0.0,0.1447437141,27.0095501,-0.0004582455029,0.0004557897732,1.0,1.032882394,-1.038447416,0.0,-0.9101859379,10.00350668,0.8584378305,-0.03156061755,6.623436776,5.98,4.203910403,-5.83105322,Bankrupt
kwality limited,2020,0.01,0.01,0.002092263501,-0.94,7.217590223,0.08536973512,48.17,2.787250272,1.090664729,1.090664729,-95.92,-1.049255358,7.217590223,-7.129991042,0.4841310468,-0.4549846429,-1.049255358,0.01510110059,0.01510110059,0.01510110059,0.002092263501,-1.410609037,0.03697784235,7.202489122,16.38888485,7.222005375,7.222005375,-0.4621192731,0.4817315076,1.093861242,0.1362941226,0.0,6.63,0.007660027976,0.0006113471344,-0.06402680934,0.0742717573,-0.8615343041,0.5298946604,0.9837151267,0.1221845406,0.0,0.009880625729,0.01212948155,7.217590223,-34.51769433,0.06650836615,-7.881140149,16.36462041,-0.0007096027767,0.08759918096,7.217590223,-0.00228399632,0.002256275682,0.9993886529,1.145931354,-1.160010284,0.004415152291,-0.4923924804,0.9462503199,0.4476859531,-0.06176661955,3.729505735,8.0,6.894875427,3.871436941,Bankrupt
kwality limited,2019,0.04,0.03,0.001455683458,-1.01,5.241682609,0.07563367484,468.34,0.9427924691,1.020072818,1.020072818,-151.0,-1.540744467,5.241682609,-5.056973855,4.693999164,-6.6548585,-1.540744467,0.007630230666,0.007630230666,0.007630230666,0.001455683458,-18.2607987,0.005878125898,5.234052378,1.141975664,5.256085494,5.256085494,-7.073949469,4.683422389,1.020350675,0.1856311038,0.0,156.5,-0.02957309914,-0.06720885576,-1.349921972,1.662528287,-0.8097443428,0.318788924,0.9730193285,1.176594762,0.0,0.03009111656,0.03514188536,5.241682609,-1.625945878,0.8911689279,-7.205439108,1.143451183,-0.003384068529,0.1847087539,5.241682609,-0.00533533934,0.005147330268,0.9972597697,1.188174876,-1.231573618,0.01440288497,-0.6021271706,11.76794863,4.717288136,-0.9076599297,3.938826467,5.27,5.36166639,6.453851345,Bankrupt
kwality limited,2018,1.62,1.48,0.05477597384,1.3,0.5007181432,0.04614355347,210.25,0.4483425764,1.008141101,1.008141101,1.26,0.01272133189,0.5007181432,0.3084080202,2.106339768,0.1301131794,0.01272133189,0.02742732391,0.02742732391,0.02742732391,0.05477597384,-0.486988533,0.03255476303,0.4732908193,0.2401142785,0.6390353901,0.6390353901,0.0474979892,2.102533609,1.008248547,1.861551259,2.57,23.6,-0.002622100523,0.03842471265,0.1367391429,0.189680007,0.5648585595,0.3105217192,0.9321124899,0.6112547397,0.0,1.480351099,1.266168002,0.5007181432,0.1672846856,3.257002351,2.052241231,0.29329041,0.3831878337,0.8091261634,0.5007181432,0.2201223885,0.135580288,0.7835530722,0.8543996053,1.387166856,0.1383172469,0.02110993911,2.058841779,2.237211352,6.761603159,3.328173375,5.33,5.327608862,6.795383419,Probable Bankrupt
kwality limited,2017,1.65,1.4,0.08120586443,1.42,0.460612565,0.05328365579,226.92,0.408246318,1.005867223,1.005867223,2.82,0.02842119286,0.460612565,0.2986675473,2.273752167,0.1581441427,0.02842119286,0.03740444151,0.03740444151,0.03740444151,0.08120586443,0.514683285,0.05144360337,0.4232081235,0.2041890335,0.6310410303,0.6310410303,0.08703046314,2.269228102,1.005946273,1.919080905,1.21,27.24,0.004892850646,0.1416468249,0.238706671,0.2980041171,0.5846830111,0.2917069843,0.883952778,0.6506629241,0.0,1.396472739,1.203218295,0.460612565,0.1142964615,3.559402391,2.029986084,0.2631584341,0.4619171216,0.7592801123,0.460612565,0.3885498209,0.2519410689,0.7299249065,0.8094871565,1.248411349,0.1704284653,0.0376430472,2.186721704,2.551962583,7.552927779,4.948216341,5.36,6.232711415,8.256305502,Probable Bankrupt
kwality limited,2016,1.45,1.33,0.06005530313,1.72,0.5645909742,0.08401816203,249,0.3656741488,1.005928168,1.005928168,2.58,0.02598347212,0.5645909742,0.2557436209,2.501767117,0.1896522643,0.02598347212,0.0339066821,0.0339066821,0.0339066821,0.06005530313,-0.7064790384,0.02702617046,0.5306842921,0.2280847153,0.6651773982,0.6651773982,0.09194108302,2.490085708,1.005950353,1.652701933,1.33,14.77,0.003391640779,-0.006746197892,0.2117706727,0.3570959957,0.5033583564,0.4195196932,0.9331005943,1.029293742,0.0,1.334479692,1.233256869,0.5645909742,0.1314251396,3.701881741,2.446545837,0.2550221455,0.3004170669,0.8203345951,0.5645909742,0.2615877788,0.1184918087,0.848782559,0.7638182713,1.686239134,0.100586424,0.03328238509,2.409826034,2.652829158,9.679054572,4.906973441,5.42,7.556488414,7.996253786,Probable Bankrupt
kwality limited,2015,1.43,1.2,0.04127113498,1.86,0.6057912927,0.1177769401,284.54,0.326291878,1.004150207,1.004150207,2.83,0.02845343703,0.6057912927,0.26009991,2.851146738,0.1511864308,0.02845343703,0.02500169421,0.02500169421,0.02500169421,0.04127113498,0.3561366135,0.04972730628,0.5807895985,0.2138287839,0.6781340459,0.6781340459,0.09490478542,2.845463875,1.004375743,1.418176879,1.31,20.44,0.002152455075,0.01210624371,0.1802585738,0.3392687952,0.4746347069,0.3567469484,0.8591192046,0.9984413271,0.0,1.19679899,1.27687322,0.6057912927,0.0654194933,4.173998701,2.893693791,0.2305389631,0.2247605011,0.8658912027,0.6057912927,0.5416410772,0.2325566529,0.8933208654,0.8081001008,1.88212293,0.07234275314,0.03213552488,2.756241953,3.297641451,10.89222638,6.665656719,5.44,6.69517609,7.410227605,Probable Bankrupt
kwality limited,2014,1.3,1.15,0.02589782415,2.51,0.6929793046,0.1590233213,285.76,0.313671201,1.003729786,1.003729786,2.89,0.02907788612,0.6929793046,0.2103927506,2.859933962,0.2168540031,0.02907788612,0.01794665617,0.01794665617,0.01794665617,0.02589782415,0.4487966274,0.03759680591,0.6750326484,0.2438024156,0.755681397,0.755681397,0.09626866948,2.85763574,1.00536696,1.288834392,1.4,26.92,-0.01122373715,-0.0102632989,0.1585717107,0.4497689184,0.3233090083,0.253888287,0.8931355608,0.7142392773,0.0,1.149395964,1.195440379,0.6929793046,0.04881721645,3.757355993,2.887228048,0.2595481722,0.2566406797,0.9033720552,0.6929793046,0.5079283333,0.1542101452,0.9170257564,0.8611409365,2.836375519,0.06270209235,0.03231830497,2.763665292,3.182474108,13.50987992,10.01787847,5.44,3.865992884,6.386106401,Probable Bankrupt
kwality limited,2013,1.29,1.19,0.09032377125,3.32,0.7102609101,0.2486843716,286.15,,1.003522152,1.003522152,2.68,0.02697421856,0.7102609101,0.2080872662,2.862081018,,0.02697421856,0.06415344397,0.06415344397,0.06415344397,0.09032377125,,0.02638165927,0.6461074661,0.2491252088,0.7928156881,0.7928156881,0.08779045636,2.86154944,1.003693279,1.30203613,1.92,26.54,0.01552299434,-0.1007577497,0.1358547438,0.4657317588,0.2613272101,0.1569286017,0.9247853663,0.4399062093,0.0,1.187075806,1.158337543,0.7102609101,0.05528037058,3.597758898,3.497246359,0.2555795077,0.3984605652,0.9183481763,0.7102609101,0.3614571669,0.1058971888,0.8958714122,1.004358217,3.428159708,0.08255477801,0.03127682192,2.774290562,3.082898943,13.70107783,9.478996914,5.42,2.473521635,5.456388753,Probable Bankrupt
Vimal Oil & Foods Limited,2019,0.03,0.03,0.006081306231,-1.02,19.91263478,1.448408872,57.29,2.220298507,1.237014925,-0.02388059701,-58.69,-0.7259701493,19.91263478,-19.35167266,0.5844622615,-0.05640033177,-0.7259701493,0.12109483,0.12109483,0.12109483,0.006081306231,-0.05263157895,0.01134328358,19.79153995,42.99940299,20.17473044,20.17473044,-0.06773569256,0.5728504285,1.237014925,0.04995557037,0.0,0.17,-0.01206563707,0.01660911034,-0.004762301455,0.004945569894,-0.9504330428,1.509850746,0.9947470279,0.5728504285,0.01447130406,0.02790736421,0.02780518555,19.91263478,81.98360656,0.01526612947,-67.4975892,43.3038806,-0.01366880542,0.5609621233,19.91263478,-0.0002714479606,0.0002638009552,0.9870087157,1.009227886,-1.038483166,0.2620956594,-0.1216617211,0.6521979541,0.4655364091,-0.02393028073,3.938826467,5.27,5.36166639,6.453851345,Bankrupt
Vimal Oil & Foods Limited,2018,0.03,0.02,0.004039352015,-1.01,18.59487045,1.01212938,1233.55,0.3229759348,1.010338949,0.8508490336,-41.01,-0.4280147889,18.59487045,-18.12745355,12.34179534,-5.635959173,-0.4280147889,0.07511122743,0.07511122743,0.07511122743,0.004039352015,-417.5,0.0004427815537,18.51975923,1.573003609,18.61528396,18.61528396,-3.966239204,12.33682282,1.043613983,0.053496784,0.0,21.39,-0.01742045753,-0.06528982553,-0.2154086501,0.2273875319,-0.9462807013,0.2901990303,0.9947657681,3.259617901,0.05064038578,0.02485538557,0.02510930844,18.59487045,-2.161036774,0.5930633075,-46.6745283,1.568376541,-0.001158851845,0.4674169066,18.59487045,-0.00028874612,0.0002814879453,0.9989034009,1.029075296,-1.055610031,0.02041350432,-0.2679376695,16.30803455,11.88345172,-0.6521186747,3.328173375,5.33,5.327608862,6.795383419,Bankrupt
Vimal Oil & Foods Limited,2017,0.31,0.19,0.02565153814,-1.25,2.88582584,0.6973073352,448.94,0.4012602071,1.004931245,0.8426773658,-1.13,-0.01140019089,2.88582584,-1.993137719,4.492309513,-1.581400852,-0.01140019089,0.07402587159,0.07402587159,0.07402587159,0.02565153814,-0.705734767,0.07396868041,2.811799968,0.646655944,2.896079823,2.896079823,-0.05474049535,4.489509386,1.006009403,0.2321348038,0.0,-0.46,0.0007035193556,-0.0883798837,-0.02030803712,0.03090875055,-0.65470565,0.1547067765,0.6699006152,0.6637876637,0.1250119156,0.1949489566,0.3082401645,2.88582584,-0.6158703607,1.424863481,-23.46239554,0.6323659373,-0.005407991347,0.8926881212,2.88582584,-0.1656179508,0.114386454,0.9964593575,1.051188718,-1.521995965,0.01025398328,-0.01654885294,4.547050008,6.661721418,-2.239028058,4.948216341,5.36,6.232711415,8.256305502,Bankrupt
Vimal Oil & Foods Limited,2016,0.85,0.65,0.03350097562,-5.82,1.111834265,0.5370039328,269.45,0.4721878898,1.00393573,0.8748255691,-13.78,-0.1384966766,1.111834265,-0.1655055459,2.695847465,-0.5331530541,-0.1384966766,0.03724753262,0.03724753262,0.03724753262,0.03350097562,-1.560972193,0.08131752966,1.074586733,0.4144989776,1.117670425,1.117670425,-0.3783725975,2.694594677,1.004562257,0.7032319235,0.0,260.6,-0.00196866029,-0.4377221281,-0.34221013,3.233445858,-0.1052818634,0.4587488822,0.781877349,1.218733767,0.1549291924,0.6549591887,0.8466974684,1.111834265,-0.2642379088,2.25635628,-3.873078298,0.4027886154,-0.04959750714,0.9463287194,1.111834265,-1.317917474,0.1961827026,0.994778282,1.406517788,-9.44871462,0.005836159746,-0.1258324222,3.074220063,3.430662212,-16.20705252,4.906973441,5.42,7.556488414,7.996253786,Bankrupt
Vimal Oil & Foods Limited,2015,1.16,0.71,0.09409420559,1.46,0.8051937699,0.2757078987,317.24,0.2862696178,1.003049376,0.9105789404,0.6,0.006095601716,0.8051937699,0.1284391785,3.17280346,0.1888770416,0.006095601716,0.07576406812,0.07576406812,0.07576406812,0.09409420559,0.2996198343,0.1151800959,0.7294297017,0.254540987,0.8198523184,0.8198523184,0.02765293819,3.172434754,1.002882416,0.7894359051,9.69,9.51,0.003278791495,0.1203189382,0.04475136754,0.2000221263,0.2197318683,0.269394094,0.6356488725,0.8416856833,0.1783938838,0.7070122027,1.13878186,0.8051937699,-0.1020761022,3.681548017,2.401080477,0.2352240724,0.08136962053,0.9336329484,0.8051937699,2.836760028,0.4525011757,0.9821205013,0.7129660361,4.469631596,0.01465854849,0.00758192631,3.145150522,4.976515959,24.62890837,6.665656719,5.44,6.69517609,7.410227605,Bankrupt
Vimal Oil & Foods Limited,2014,1.17,0.76,0.08835398566,1.7,0.7763062521,0.2498311951,294.38,,1.002979478,0.8960362894,0.76,0.007637005792,0.7763062521,0.1314790471,2.946595083,,0.007637005792,0.06858975147,0.06858975147,0.06858975147,0.08835398566,,0.1071607914,0.7077165006,0.2644245255,0.7966264113,0.7966264113,0.03524699928,2.943843139,1.002728399,0.8828910095,10.24,9.66,0.002970627503,-0.01383341301,0.06192533511,0.2363779147,0.2552935552,0.3149584882,0.6853938106,0.9182893718,0.1970605925,0.7641045119,1.139537036,0.7763062521,-0.09105514254,3.483151612,1.806549629,0.2479829935,0.0999154283,0.9077852992,0.7763062521,2.392823771,0.4052604092,0.9744922351,0.6464902743,3.817143893,0.02032015922,0.009866019622,2.911348084,4.283425048,22.32928425,10.01787847,5.44,3.865992884,6.386106401,Probable Bankrupt
Servalakshmi Paper Limited,2017,0.11,0.1,0.0001363990647,-0.38,1.856527873,0.2012792978,0,-215.8901515,-0.1742424242,-0.1742424242,17611.94,47.12878788,1.856527873,-1.650363564,-0.001085265709,-0.0618239699,47.12878788,0.0002532286655,0.0002532286655,0.0002532286655,0.0001363990647,-0.1236897275,-3.613636364,1.856274645,-388.7878788,2.091487899,2.091487899,-0.2250479326,-0.001266143327,0.2651515152,0.5293452845,0.0,6.23,0.0,0.0,-0.1212197973,0.206184542,-0.5218714866,-7.901515152,0.9827442752,0.0008320370437,0.0,0.1017537023,0.09857303468,1.856527873,39.23234043,0.0003978206348,-2.130030815,-437.9393939,-0.2152658094,0.2061643092,1.856527873,-0.01045571119,0.00929462198,0.887658912,1.512031022,-1.700914755,0.234960026,-1.005653368,0.2239626669,-0.004859014945,0.002893404353,4.948216341,5.36,6.232711415,8.256305502,Bankrupt
Servalakshmi Paper Limited,2016,0.17,0.15,0.007697616393,-0.87,1.283524121,0.1910819556,17.16,6.953841256,1.115025467,1.115025467,-252.82,-2.703310696,1.283524121,-1.070727719,0.1798173889,-0.2326587626,-2.703310696,0.009880076315,0.009880076315,0.009880076315,0.007697616393,-7.854477612,0.1137521222,1.273644045,7.99533107,1.816060234,1.816060234,-0.3483919324,0.1716407741,1.069185059,0.7648776344,0.0,66.15,-0.02835934526,-0.007147547134,-0.2714338801,0.4269193838,-0.4493574712,0.19524618,0.9817388934,-0.003781684383,0.0,0.1515634124,0.1171747491,1.283524121,-8.429324895,0.09856486258,-1.393023359,11.25106112,-0.6525696155,0.2127964023,1.283524121,-0.01705485554,0.01422731858,0.7067629678,1.312069469,-1.572830126,0.5325361134,-0.6750515996,0.5282093213,0.1635202665,-0.1499299987,4.906973441,5.42,7.556488414,7.996253786,Bankrupt
Servalakshmi Paper Limited,2015,0.7,0.43,0.02544529262,-3.07,0.4779304055,0.1836578196,49.69,2.057492091,1.046304285,1.046304285,-23.41,-0.242162784,0.4779304055,-0.1416765706,0.5146623919,0.02274674553,-0.242162784,0.01216107902,0.01216107902,0.01216107902,0.02544529262,-0.003792667509,0.2729939603,0.4657693264,0.9946505608,1.309941682,1.309941682,-0.1163594152,0.4970011885,1.034339948,1.817892667,0.0,-5.27,0.0009895547004,0.007068256145,-0.2434651862,0.3754235777,-0.2366072371,0.4296807593,0.8688261795,0.1780768912,0.0,0.4291001619,0.2566937441,0.4779304055,-0.9956631367,0.383795759,-0.2183785626,2.700891573,-2.684412342,0.3362538349,0.4779304055,-0.9258681233,0.274462179,0.3648486127,0.4571071874,-1.54200107,0.8320112766,-0.2123866673,0.631021807,0.5530459679,-3.391533359,6.665656719,5.44,6.69517609,7.410227605,Bankrupt
Servalakshmi Paper Limited,2014,0.93,0.52,0.0362823489,-4.93,0.3289496012,0.1808229521,62.85,1.588597381,1.032322021,1.032322021,-12.71,-0.1303024714,0.3289496012,-0.02316307483,0.6495559704,0.05116239606,-0.1303024714,0.0119350642,0.0119350642,0.0119350642,0.0362823489,0.2227120067,0.2196606418,0.317014537,0.5362873478,1.197579049,1.197579049,-0.08617568867,0.6285423384,1.024714128,2.630384318,0.0,2.03,0.006655053821,0.06947855658,-0.2619723154,0.4361580303,-0.1649820518,0.4698450756,0.8652638724,0.2496181911,0.0,0.5199896827,0.2553372379,0.3289496012,-0.4855627066,0.5287407897,-0.03435258588,1.932958318,-4.396364157,0.3057865264,0.3289496012,-5.816849817,0.4095950477,0.2746788211,0.1172344689,-1.664901231,0.8686294474,-0.1456907819,0.735731659,0.7088971694,-26.48107448,10.01787847,5.44,3.865992884,6.386106401,Probable Bankrupt
Servalakshmi Paper Limited,2013,0.98,0.53,0.03329268293,-8.02,0.2444186116,0.1736485942,53.68,1.942239607,1.034205116,1.034205116,-25.41,-0.2614207401,0.2444186116,-0.005275865152,0.5528927837,-0.02763122597,-0.2614207401,0.008137351337,0.008137351337,0.008137351337,0.03329268293,-0.08074534161,0.2114550023,0.2362812602,0.4682503426,1.123997735,1.123997735,-0.1332975648,0.5368267311,1.028437643,3.639756098,0.0,-0.46,0.001159516316,0.02890556631,-0.5453658537,1.075,-0.1103184916,0.5311786204,0.8896241319,0.2369966318,0.0,0.5268292683,0.2127608794,0.2444186116,-0.4725943971,0.4802832215,-0.00712962217,2.137734125,-7.093509615,0.2391427464,0.2444186116,-20.92090395,0.4515853659,0.217454719,0.04254807692,-1.971153846,0.8795791231,-0.2176708223,0.6861903484,0.5867452925,-98.93785311,9.478996914,5.42,2.473521635,5.456388753,Probable Bankrupt
Servalakshmi Paper Limited,2012,0.95,0.45,0.03143712575,71.75,0.2325095719,0.1653307766,15.68,7.019623234,1.068288854,1.068288854,-107.19,-1.137755102,0.2325095719,-0.01081912055,0.163040956,-0.07518273582,-1.137755102,0.007309432649,0.007309432649,0.007309432649,0.03143712575,-0.4177911044,0.785321821,0.2252001392,1.57299843,0.9878756236,0.9878756236,-0.1731929458,0.1568917508,1.061420722,3.801646707,0.0,-21.91,-0.1160911095,-0.006606377356,-0.7448852295,-14.284689,0.01227318104,0.43288854,0.8839192482,0.04173918088,0.0,0.4542165669,0.2244112984,0.2325095719,-1.51384083,0.1598449703,-0.01430488974,6.633830455,62.30143541,0.2216904513,0.2325095719,-10.72922252,0.499251497,0.2353632039,-0.8923444976,19.17703349,0.7553660517,-0.5333850932,0.3362339018,0.1672245193,-13.66219839,8.911793365,5.41,1.317979708,5.241315001,Probable Bankrupt
Servalakshmi Paper Limited,2011,1.19,0.49,0.1089230769,4.28,0.2191917557,0.1653942068,35.42,2.672569886,1.051461245,1.051461245,-40.86,-0.4260641677,0.2191917557,0.04165317794,0.3657062696,0.184255962,-0.4260641677,0.02387504047,0.02387504047,0.02387504047,0.1089230769,0.6429326754,0.4506035578,0.1953167152,0.645250953,0.8323081904,0.8323081904,-0.1447340024,0.3542138772,1.04272554,3.863876923,0.0,-18.53,0.04750755287,-0.11675094,-0.6603076923,-0.8630952381,0.2014780241,0.4326556544,0.8469299665,0.1086651559,0.0,0.4916923077,0.3133994555,0.2191917557,-0.5781075028,0.4291455983,0.05923652407,2.379844346,3.656209781,0.2608449336,0.2191917557,3.674870466,0.6983384615,0.2633540775,0.2483912484,1.307110682,0.6131164347,-0.3060620475,0.5104402719,0.4010957508,8.155440415,11.98938992,5.43,-1.983859222,8.497584702,Probable Bankrupt
Servalakshmi Paper Limited,2010,1.25,0.65,0.07630402385,4.33,0.1109531054,0.0822154745,0,0,0.0,0.0,0.0,0.0,0.1109531054,0.02774654408,6.61e-05,0.4229777102,0.0,0.008466168397,0.008466168397,0.008466168397,0.07630402385,1,0.0,0.102486937,0.0,0.82072227,0.82072227,-0.0002314967921,0.0,0.0,8.408941878,0.0,-0.03,0.0,-0.02393520571,-0.002086438152,-0.001291274673,0.2184389733,0.0,0.9329982142,0.0,0.0,0.6461997019,0.1689970585,0.1109531054,169.5714286,0.0,0.03224814544,0.0,3.959048146,0.1386996494,0.1109531054,2.414779499,0.6038748137,0.1351895878,0.1547684929,0.6188895038,0.7097691646,-1.0,0.0002976387327,0.0,0.0,10.88235294,5.55,4.808592108,7.861888833,Probable Bankrupt
Servalakshmi Paper Limited,2009,3.71,3.71,0.8036144578,3.1,0.04756992205,0.05577606016,0,0,0.0,0.0,0.0,0.0,0.04756992205,0.1288972948,0.0006304447501,,0.0,0.03822787712,0.03822787712,0.03822787712,0.8036144578,0,0.0,0.009342044934,0.0,0.7568202659,0.7568202659,-0.0004011921137,0.0,0.0,21.02168675,0.0,-0.05,0.0,-0.07254827717,-0.006024096386,-0.001178411501,0.3213176827,0.0,1.0,0.0,0.0,3.709638554,0.2331692541,0.04756992205,-374.8333333,-0.0001514577811,0.1566046933,0.0,2.916568466,0.1764672169,0.04756992205,0.0,0.0,0.06285497917,0.5300494933,0.1956163092,0.7092503439,-1.0,0.001031636864,0.0,0.0,8.349267049,5.54,3.77175625,3.08669806,Probable Bankrupt
Samtel Color Limited,2017,0,0.0,0.0,0.0,0.0,0.0,0,-268.4864865,0.0,0.0,0.0,18.51351351,0.0,0.0,0.0,0,18.51351351,0.0,0.0,0.0,0.0,0,0.0,0.0,0.0,0.0,0.0,0.0,0.0,0.0,0.0,0.0,0.0,0.0,0.0,0.0,0.0,0.0,-15.97297297,0.0,0.0,0.0,0.0,0.0,0.0,0.0,0.0,0.0,0.0,0.0,0.0,0.0,0.0,0.0,0.0,0.0,0.0,0.0,-1.0,0.0,0.0,0.0,4.948216341,5.36,6.232711415,8.256305502,Bankrupt
Samtel Color Limited,2016,0.1,0.09,0.0006348257963,-0.28,4.043537346,0.7599029911,0,-10.06619094,0.0,0.0,0.0,2.081200787,4.043537346,-3.620646265,0.0009059794645,-0.05903966177,2.081200787,0.002566941816,0.002566941816,0.002566941816,0.0006348257963,0,-0.5816929134,4.040970405,-39.5359252,4.488876585,4.488876585,-0.212854842,0.0,0.0,0.2325951928,0.0,5.21,0.0,0.08005830577,-0.05264075084,0.06100956475,-0.7772271122,-0.5113188976,0.9405073485,0.0,0.0,0.08987141666,0.09420866738,4.043537346,23.80885705,0.0,-6.461421001,-43.86515748,-0.1276454549,0.4228910811,4.043537346,-0.01643150066,0.0147130214,0.9007904917,1.037768513,-1.15897976,0.445339239,-1.0,0.2137608214,-0.1087445146,0.02824772364,4.906973441,5.42,7.556488414,7.996253786,Bankrupt
Samtel Color Limited,2015,0.12,0.1,0.0004908767058,-0.4,3.38866974,0.6950377917,0,-19.27506655,0.0,0.0,0.0,2.960958296,3.38866974,-2.982938073,0.01506582387,-0.06482581626,2.960958296,0.001663419039,0.001663419039,0.001663419039,0.0004908767058,-0.2250423012,-1.04880213,3.387006321,-63.26619343,4.093341571,4.093341571,-0.1585951238,0.0,0.0,0.2785234429,0.0,4.54,0.0,0.04730169051,-0.04680158764,0.05126983883,-0.7557008174,-0.92635315,0.9438239627,0.0,0.0,0.1031542335,0.09911991455,3.38866974,29.4546292,0.0,-5.156424581,-76.39130435,-0.227802787,0.4057316667,3.38866974,-0.01883245172,0.01657760761,0.8278492476,0.9643093091,-1.095472214,0.7046718312,-1.0,0.1736609477,-0.05675008812,0.01795615321,6.665656719,5.44,6.69517609,7.410227605,Bankrupt
Samtel Color Limited,2014,0.13,0.11,0.0005120944664,-0.47,2.963356394,0.6400847394,0,-23.19969819,0.0,0.0,0.0,7.214285714,2.963356394,-2.568132113,0.007051997322,-0.05851372462,7.214285714,0.001517518411,0.001517518411,0.001517518411,0.0005120944664,-0.08425414365,-1.456740443,2.961838875,-66.79476861,3.756125865,3.756125865,-0.3200178532,0.0,0.0,0.3156459921,0.0,7.9,0.0,0.05031132658,-0.107991686,0.11611148,-0.7337682399,-1.050301811,0.9353715688,0.0,0.0,0.1115612857,0.1052212558,2.963356394,28.94357213,0.0,-4.353408489,-84.62977867,-0.2876390666,0.3952242803,2.963356394,-0.02516553989,0.02180919963,0.7889395884,0.9317905783,-1.075189066,0.7927694711,-1.0,0.3270698505,-0.04743045283,0.0172752394,10.01787847,5.44,3.865992884,6.386106401,Probable Bankrupt
Samtel Color Limited,2013,0.15,0.13,0.001207587676,-0.55,2.514041154,0.5931846866,28.11,14.23072687,2.758810573,2.758810573,-683.33,-16.72577093,2.514041154,-2.131092933,0.4354444257,-1.269058863,-16.72577093,0.003035925114,0.003035925114,0.003035925114,0.001207587676,-0.1796178344,0.5763582966,2.511005229,21.88803231,3.340909091,3.340909091,-0.7241103053,0.2811182324,2.447503671,0.3714338426,0.0,31.51,-0.03087159015,0.07827546603,-0.2880264328,0.3093286741,-0.7006802721,3.067547724,0.9337999663,0.05612244898,0.0,0.1259916475,0.1146239572,2.514041154,9.252663352,0.09484684412,-3.543752629,29.06057269,-0.3532251382,0.3829482206,2.514041154,-0.03106388872,0.02633212015,0.752502114,0.9103697966,-1.073959328,0.8268679373,-0.7575636364,1.159554731,0.1230018965,-0.05389683623,9.478996914,5.42,2.473521635,5.456388753,Probable Bankrupt
Samtel Color Limited,2012,0.09,0.05,0.007064345967,-2.96,0.7996766581,0.171706921,68.66,1.972849696,1.2525754,1.2525754,-65.62,-0.7523581978,0.7996766581,-0.7260141601,0.6926764908,-0.3630349544,-0.7523581978,0.005649192574,0.005649192574,0.005649192574,0.007064345967,-1.889848812,0.0574655579,0.7940274655,1.335267469,1.198836712,1.198836712,-0.3692044673,0.6866184751,1.146487526,1.207468687,0.0,-138.69,-0.0006193024178,0.1143025437,-0.4616921897,1.85682243,-0.1658580441,0.6503351123,0.9655845242,0.2532659395,0.0,0.04907861409,0.06144498008,0.7996766581,-3.631289378,0.6257343481,-0.7929571748,1.992335857,-2.007476636,0.07366249791,0.7996766581,-0.04740331209,0.04303673925,0.6670438516,3.651308411,-4.021775701,0.3991600543,-0.361216597,1.061880958,0.6202344066,-0.8248995367,8.911793365,5.41,1.317979708,5.241315001,Probable Bankrupt
Samtel Color Limited,2011,0.29,0.14,0.009610031936,2.25,0.4653233173,0.1398994576,123.38,0.9321102668,1.113375911,1.113375911,-9.27,-0.09420493193,0.4653233173,-0.3281571664,1.247310802,-0.264366249,-0.09420493193,0.00447177194,0.00447177194,0.00447177194,0.009610031936,-0.6803064275,0.06007205953,0.4608515454,0.3830940702,0.799261067,0.799261067,-0.07987838962,1.233813685,1.015781262,1.992235797,0.0,-21.11,-0.001613000786,0.1305927505,-0.1698748938,-0.3937788644,0.2511556503,0.4845947493,0.9270337701,0.4948670057,0.0,0.1379684158,0.1716162047,0.4653233173,-0.6407369498,1.690968017,-0.3980354544,0.6543387247,1.663542516,0.1371661509,0.4653233173,-0.2223514749,0.1568075943,0.5821918977,-1.634745993,2.31805216,0.3339377497,-0.07932366356,1.327189191,1.310248982,-3.701412547,11.98938992,5.43,-1.983859222,8.497584702,Probable Bankrupt
Samtel Color Limited,2010,0.68,0.39,0.01614183646,2.52,0.3259866293,0.07544846741,121.12,0.8492695587,1.089392102,1.082382006,6.8,0.06818343976,0.3259866293,-0.1034612896,1.287987923,-0.05355833513,0.06818343976,0.00526202286,0.00526202286,0.00526202286,0.01614183646,0.01968197487,0.08020584353,0.3207246064,0.2696300524,0.7403277981,0.7403277981,0.07843433254,1.211268061,1.001864008,2.770144218,0.0,12.32,0.00229231991,0.1164613009,0.2406059804,0.3020513246,0.3507530077,0.3569351789,0.9030299763,0.3637265473,0.00572402342,0.3851548029,0.3005767718,0.3259866293,-0.2577978725,1.773340325,-0.1373677504,0.6079875852,1.595631592,0.2225253397,0.3259866293,-0.9372589891,0.2974662609,0.44032742,-0.3984303629,1.25537746,0.4143411689,0.001417440762,1.209553591,1.338841988,-11.68566962,10.88235294,5.55,4.808592108,7.861888833,Probable Bankrupt
Samtel Color Limited,2009,0.53,0.29,0.005573717777,7.6,0.3819378345,0.06650997584,74.32,,1.098016602,1.093054755,-10.26,-0.09998793064,0.3819378345,-0.1794753702,0.731994637,,-0.09998793064,0.002128813698,0.002128813698,0.002128813698,0.005573717777,,0.1182260725,0.3798090208,0.5004492483,0.8901511662,0.8901511662,-0.1066044398,0.7432834904,0.9739167751,2.381987245,0.0,-12.5,-0.01279953101,0.02098328236,-0.3526448363,-1.226125035,0.1234046957,0.30932425,0.9097710502,0.1864656575,0.002127072458,0.2938528324,0.2274472831,0.3819378345,-0.511659515,0.9708303631,-0.2315503149,1.16356663,4.626479083,0.2024624643,0.3819378345,-0.5027372263,0.2362398842,0.4290707568,-1.63383956,3.476940278,0.5082133317,-0.1136604953,0.8385990768,0.8388813266,-4.252338047,8.349267049,5.54,3.77175625,3.08669806,Probable Bankrupt
Bhushan Steel Limited,2021,1.25,0.47,0.1339886942,2.88,0.1495629617,0.007519991472,57.7,1.963964402,1.033567172,1.033567172,11.75,0.1302853719,0.1495629617,0.03788338856,0.5795463057,-0.04547827957,0.1302853719,0.03867361933,0.03867361933,0.02003974594,0.1339886942,-0.1064091485,0.2263056243,0.1295232158,0.287205526,0.4340894187,0.4340894187,0.06787605474,0.5770767335,1.108159567,5.898190282,0.0,12.82,0.0006692730103,0.5064975127,0.4540292625,0.1199941535,1.303672831,0.592100314,0.8821508072,0.2681584686,0.0,0.4653368497,0.4318150643,0.1495629617,-0.3764607245,1.239842846,0.04834987612,0.7950989517,0.5027763508,0.1874463503,0.1495629617,3.110840854,0.7879570683,0.3445441314,0.06694235769,0.2642872684,0.284526457,0.05191295676,0.511670251,0.5903212663,13.74619329,6.623436776,5.98,4.203910403,-5.83105322,Bankrupt
Bhushan Steel Limited,2020,1.62,0.53,0.1908476676,13.98,0.1152263831,0.007180624103,46.9,2.329038605,1.024304807,1.024304807,-3.45,-0.03734616374,0.1152263831,0.07093576128,0.4708221123,-0.02016070632,-0.03734616374,0.02199068646,0.02199068646,0.02199068646,0.1908476676,0.05323277198,0.2875730074,0.0932356966,0.2656884609,0.5236145007,0.5236145007,-0.01797509,0.4690052753,1.081430194,7.596198792,0.0,2.78,0.01211814275,0.09184828562,-0.1559980408,-0.03773223583,0.9098019606,0.4709720318,0.8752825117,0.1665426235,0.0,0.5332516254,0.3555328282,0.1152263831,-0.2344103993,0.8483924249,0.09037985498,1.15664187,0.8572639558,0.1861621443,0.1152263831,1.758175087,1.082369202,0.2200595723,0.1489041152,0.2418763443,0.4083881176,-0.09117610773,0.4887972023,0.4954855407,6.113839067,3.729505735,8.0,6.894875427,3.871436941,Bankrupt
Bhushan Steel Limited,2019,1.91,0.81,0.0968226008,16.58,0.1055489048,0.007215415234,52.77,2.036887617,1.018592545,1.018592545,8.19,0.08779798539,0.1055489048,0.0960629778,0.5310979813,-0.006487645509,0.08779798539,0.05050900558,0.05050900558,0.01021951947,0.0968226008,0.1214959798,0.2349971279,0.09532938531,0.2142961185,0.5372486391,0.5372486391,-0.03193451424,0.5277521023,1.071495979,8.37768114,0.0,7.02,-0.01596416133,0.2727105592,-0.3025565666,-0.06901009254,0.8613355665,0.4974355818,0.8842550689,0.2085853058,0.0,0.8135276407,0.3752673677,0.1055489048,-0.07951279749,0.9338230627,0.1254671923,1.070028106,0.9328978168,0.2016118826,0.1055489048,1.204885938,1.09660002,0.1964619305,0.2075909137,0.2280898852,0.4316997343,-0.1089410051,0.5630324956,0.5570085587,5.127236868,3.938826467,5.27,5.36166639,6.453851345,Bankrupt
Bhushan Steel Limited,2018,0.11,0.04,0.01410839125,-0.56,1.633695448,0.001436211294,42.69,3.094489687,1.036697486,1.036697486,-144.4,-1.519497356,1.633695448,-1.459918886,0.429378134,-0.511347964,-1.519497356,0.02304881455,0.02304881455,0.02304881455,0.01410839125,0.2176984995,0.2489713818,1.610646633,4.026087812,1.653897577,1.653897577,-0.1453546347,0.4269917574,1.052280774,0.5502696607,0.0,-2.03,0.02797748532,0.02714005532,-0.1553695938,0.3881748565,-0.3953676371,0.5338547143,0.8989730398,0.1718083279,0.0,0.04453069969,0.105070933,1.633695448,-8.252369857,0.3199353951,-1.84416188,4.019072425,-0.03089494429,0.1737765616,1.633695448,-0.06920039266,0.06183953093,0.9877851389,2.232641529,-2.498396546,0.02020212922,-0.2851760209,0.5747327687,0.4513788322,-0.2779451685,3.328173375,5.33,5.327608862,6.795383419,Bankrupt
Bhushan Steel Limited,2017,0.21,0.1,0.005659839984,-31.2,0.4571394029,0.0008557690927,22.76,4.265565794,1.034846581,1.034846581,-25.55,-0.2487259783,0.4571394029,-0.3608798802,0.2288066802,0.005302377858,-0.2487259783,0.002587335871,0.002587335871,0.002587335871,0.005659839984,0.3333460361,0.2236539405,0.4545520671,1.95514165,1.024645288,1.024645288,-0.06840647013,0.2276114904,0.9734726477,2.073123825,0.0,4.0,0.006413842094,0.01219764595,-0.1723076163,3.196091776,-0.0240525066,0.6530115211,0.9477065875,0.1246906573,0.0,0.09617659282,0.09394423993,0.4571394029,-5.092684325,0.2462546857,-0.4105213126,4.371244432,-23.02695327,0.09625952274,0.4571394029,-0.1449053145,0.1143927043,0.4461440544,14.64295677,-18.5487551,0.5675058846,-0.2597297886,0.2972131503,0.2467155538,-0.6478996709,4.948216341,5.36,6.232711415,8.256305502,Bankrupt
Bhushan Steel Limited,2016,0.19,0.09,0.007707372871,21.06,0.3549664934,0.0008363414548,19.7,4.60940049,1.035582383,1.035582383,-28.21,-0.2720663139,0.3549664934,-0.2863975529,0.198309968,0.1159533794,-0.2720663139,0.00273635998,0.00273635998,0.002735859121,0.007707372871,-2.487562165,0.1714901435,0.3522306342,1.73688136,0.964311121,0.964311121,-0.07003161589,0.197048471,0.9641749931,2.718432789,0.0,1.05,-0.003620804718,0.01599513707,-0.237940386,-2.366587764,0.03700971426,0.6635395146,0.9649525545,0.1067327311,0.0,0.09443565964,0.07110665739,0.3549664934,-4.674717809,0.2344380822,-0.3167090315,4.705069859,17.07379565,0.06856894049,0.3549664934,-0.1223734113,0.09873451776,0.3681037019,-8.024840246,9.946137365,0.6093446276,-0.2935111816,0.2683415839,0.2117928262,-0.7135885995,4.906973441,5.42,7.556488414,7.996253786,Bankrupt
Bhushan Steel Limited,2015,0.97,0.36,0.007302065155,4.97,0.2283415376,0.001151174935,20.1,4.767276362,1.023595888,1.023595888,-11.8,-0.1151803295,0.2283415376,-0.007971775097,0.2012699469,0.03478105191,-0.1151803295,0.001667742487,0.001667742487,0.001667364786,0.007302065155,0.1148686764,0.6707992073,0.2266741729,1.107833014,0.8504468779,0.8504468779,-0.02357274972,0.2010463474,0.9754063288,3.773898984,0.0,3.04,0.000296283831,0.04823227383,-0.1033272407,-0.1577626779,0.1758523971,0.5887234875,0.8617378968,0.103623256,0.0,0.3595826682,0.2591223135,0.2283415376,-1.725057087,0.2481049886,-0.01072701907,4.117980354,4.15976164,0.2203697626,0.2283415376,-17.34395433,0.6055057025,0.2684959444,-0.05330396976,1.526825616,0.6221053403,-0.1531484995,0.2248426966,0.2391858181,-25.85565716,6.665656719,5.44,6.69517609,7.410227605,Bankrupt
Bhushan Steel Limited,2014,0.82,0.31,0.006635444109,3.52,0.2505763049,0.001177655125,18.93,4.740135358,1.018883421,1.018883421,0.6,0.005839407285,0.2505763049,-0.04597114856,0.1898832129,0.1481159301,0.005839407285,0.001664445971,0.001664445971,0.001662685066,0.006635444109,0.142057791,0.6490706528,0.2489136198,1.282764534,0.8200962236,0.8200962236,0.00179357896,0.1893134625,0.9691442915,3.484806723,22.94,4.58,-0.007766096956,0.05495309577,0.009764206706,0.0135999304,0.2193691071,0.595658606,0.8732099918,0.09749599394,0.0,0.3105447186,0.2494892068,0.2505763049,-2.187282321,0.24189411,-0.06108182571,4.189771722,3.165691851,0.2046051563,0.2505763049,-2.75803438,0.5059936066,0.3055450052,-0.2555318709,1.392835159,0.5695199188,-0.03801512075,0.1880896339,0.2237043145,-4.24920518,10.01787847,5.44,3.865992884,6.386106401,Probable Bankrupt
Bhushan Steel Limited,2013,1.06,0.45,0.01812789018,2.95,0.207757348,0.001415945762,24.67,,1.015538091,1.015538091,8.41,0.08101307099,0.207757348,0.01318377543,0.2471674244,,0.08101307099,0.004337632534,0.004337632534,0.003766202387,0.01812789018,,0.4980502361,0.2039911456,0.8103394372,0.7863496638,0.7863496638,0.02777798193,0.2467684798,0.9624989586,4.198688221,2.23,7.23,-0.01837718346,-0.006149385018,0.1674336952,0.1628154727,0.2716988969,0.5705117582,0.8723083297,0.1271868457,0.0,0.4488382917,0.2809705829,0.207757348,-1.039907557,0.3221966395,0.01851859618,3.052398617,2.708127336,0.2209411234,0.207757348,9.685516184,0.6146192734,0.2642047902,0.06170725336,0.9724176038,0.5785923158,0.07625581149,0.2193894425,0.2939134075,19.44686596,9.478996914,5.42,2.473521635,5.456388753,Probable Bankrupt
ANG Industries Limited,2018,0,0.0,0.0,0.0,0.0,0.0,0,7.954864594,1.559679037,1.559679037,-335.4,-5.232698094,0.0,0.0,0.0,0,-5.232698094,0.0,0.0,0.0,0.0,0,0.0,0.0,0.0,0.0,0.0,0.0,0.0,1.559679037,0.0,0.0,0.0,0.0,0.0,0.0,0.0,0.0,0.8716148445,0.0,0.0,0.0,0.0,0.0,0.0,0.0,0.0,0.0,0.0,0.0,0.0,0.0,0.0,0.0,0.0,0.0,0.0,0.0,-0.7710878846,0.0,0.0,0.0,3.328173375,5.33,5.327608862,6.795383419,Bankrupt
ANG Industries Limited,2017,0.31,0.17,0.004391357808,-2.81,1.076724247,0.1640163099,56.3,2.834365725,1.158213963,1.072525487,-120.36,-1.387404826,1.076724247,-0.746690203,0.5660698525,-0.7693229101,-1.387404826,0.004728281427,0.004728281427,0.004728281427,0.004391357808,-2.994320664,0.2953929539,1.071995965,2.204026326,1.237674946,1.237674946,-0.7107552642,0.5630437524,1.152535811,0.7947186603,0.0,853.71,-0.03075208914,0.03647106764,-0.6769717197,3.066843501,-0.1920334148,-0.09265711705,0.8556928508,-0.106165679,0.01691116544,0.1724925347,0.2666564792,1.076724247,-1.669186253,0.4549205379,-1.20733945,2.523809524,-0.6771883289,0.3300340436,1.076724247,-0.1932624113,0.1340242403,0.8699572127,3.141644562,-4.530238727,0.1609506998,-0.5602626771,1.276825117,0.5709128417,-0.6542553191,4.948216341,5.36,6.232711415,8.256305502,Bankrupt
ANG Industries Limited,2016,0.96,0.41,0.0208,1.77,0.6012827365,0.1477909433,58.66,2.002428363,1.122320128,0.9515021161,-6.3,-0.0720183168,0.6012827365,-0.02608230893,0.5885978977,-0.05672545876,-0.0720183168,0.01250668092,0.01250668092,0.01250668092,0.0208,-0.06387400197,0.6343578714,0.5887760556,1.170818012,0.7514341707,0.7514341707,-0.03705683235,0.586673793,1.14237147,1.121303704,0.0,-9.27,-0.01730959446,0.08260230452,-0.06174814815,-0.1493692661,0.3307885628,0.4469576077,0.6742205594,0.203064315,0.05837166295,0.4148148148,0.7654701503,0.6012827365,-1.238865889,0.7087581203,-0.06723615321,1.438839936,0.6040711009,0.5752004276,0.6012827365,-12.49043716,0.5418074074,0.8001801887,-0.1049311927,2.419008028,0.1501514342,-0.09960703913,0.6256547301,0.7617059507,-19.68989071,4.906973441,5.42,7.556488414,7.996253786,Bankrupt
ANG Industries Limited,2015,1.08,0.49,0.03786018091,1.72,0.5628687999,0.1512218045,51.31,2.185310409,1.092367456,0.8503704769,-6.53,-0.07150564708,0.5628687999,0.04295781772,0.5148868733,-0.04862258489,-0.07150564708,0.0213103146,0.0213103146,0.0213103146,0.03786018091,-0.06137555259,0.6997338321,0.5415584853,1.20084886,0.7297771184,0.7297771184,-0.03206662845,0.5131672118,1.094813323,1.193913616,0.0,-7.66,-0.02113928219,-0.01002633646,-0.05439405739,-0.113301722,0.3702813843,0.5006834041,0.6720167246,0.2086859763,0.07771565864,0.4936200803,0.8301529363,0.5628687999,-1.217836047,0.6219100864,0.1197368421,1.511473995,0.6176690791,0.6058266177,0.5628687999,7.635007849,0.5826993351,0.7712886384,0.1589717994,2.082979785,0.1669083184,-0.08606127859,0.5469535017,0.6974912193,10.91130298,6.665656719,5.44,6.69517609,7.410227605,Probable Bankrupt
ANG Industries Limited,2014,1.08,0.49,0.05406478697,1.6,0.5668027911,0.1400718778,52.3,2.002464884,1.093598055,0.9340896813,-2.11,-0.02323068612,0.5668027911,0.04337760057,0.5252258915,0.09302549921,-0.02323068612,0.03064407216,0.03064407216,0.03064407216,0.05406478697,0.09318093762,0.6971907077,0.5361587189,1.19037007,0.7137850092,0.7137850092,-0.01321585903,0.5230714814,1.098527823,1.178589664,0.0,-2.55,0.003519822156,0.01738895396,-0.02711749021,-0.05370183125,0.4009820705,0.4088330632,0.6680279109,0.1725135856,0.05320299126,0.4908379191,0.8548517884,0.5668027911,-1.025245602,0.6793404811,0.1212039533,1.434697461,0.5135378047,0.6101803917,0.5668027911,7.653076353,0.5856924037,0.7940805478,0.1515560049,1.980339288,0.1469822181,-0.05350851,0.5384417505,0.7127797834,10.97702001,10.01787847,5.44,3.865992884,6.386106401,Probable Bankrupt
ANG Industries Limited,2013,1.14,0.51,0.06072517791,1.53,0.5231156492,0.1381798503,51.51,2.239544164,1.092778758,0.9171974522,-8.71,-0.09722968306,0.5231156492,0.07324682692,0.5163085868,-0.06931149401,-0.09722968306,0.03176629086,0.03176629086,0.03176629086,0.06072517791,-0.02819910276,0.7184406415,0.4913493583,1.1322999,0.6737573566,0.6737573566,-0.04226051195,0.5151740764,1.115110122,1.277126398,0.0,-9.41,-0.04030898876,-0.08224584298,-0.07570315147,-0.1213866551,0.4842138497,0.4090246336,0.6680848047,0.1659575977,0.06019785308,0.5055235513,0.8851294464,0.5231156492,-0.9474094273,0.6851715428,0.1863443673,1.389609393,0.4617474462,0.5963624761,0.5231156492,4.531461762,0.6344967808,0.7764154915,0.2245164095,1.60345577,0.1506417074,-0.1098698826,0.5585690988,0.6915198472,6.307357212,9.478996914,5.42,2.473521635,5.456388753,Probable Bankrupt
ANG Industries Limited,2012,1.08,0.52,0.08475651973,1.45,0.5746493817,0.1197251343,56.78,1.875450554,1.08362278,0.9639556983,1.59,0.01789108067,0.5746493817,0.04449454594,0.5688803422,0.1023507178,0.01789108067,0.04870528166,0.04870528166,0.04870528166,0.08475651973,0.1013920632,0.6308408153,0.5259441,1.13585425,0.6563111303,0.6563111303,0.008388316037,0.5678193694,1.122354021,1.184802677,0.0,2.13,0.03205322044,0.05551907047,0.01580890838,0.02643256801,0.5236675928,0.443213841,0.6808461258,0.2035409967,0.04612275827,0.5220401569,0.9433695378,0.5746493817,-0.975047081,0.7881283152,0.1182274689,1.200996133,0.2376037044,0.6191439276,0.5746493817,7.172876304,0.5553888761,0.8755746401,0.1294617017,1.672004631,0.08166174862,-0.02188701568,0.5604920261,0.7430728025,11.37034277,8.911793365,5.41,1.317979708,5.241315001,Probable Bankrupt
ANG Industries Limited,2011,1.05,0.43,0.06731182796,1.44,0.5152544877,0.1019595089,57.76,1.849989308,1.066291254,0.9322831278,1.19,0.01332953168,0.5152544877,0.02459924651,0.5780084214,0.08277314028,0.01332953168,0.03468272143,0.03468272143,0.03468272143,0.06731182796,0.101849711,0.6165799415,0.4805717663,0.9943688075,0.6529881067,0.6529881067,0.009529437837,0.5776390633,1.114762278,1.320716846,0.0,1.43,-0.008556721706,-0.008937157079,0.02358422939,0.03501862693,0.5314214605,0.2903271794,0.6805052818,0.1275393366,0.05317042819,0.4276702509,0.8267435941,0.5152544877,-0.8019284853,0.7889586515,0.05415074396,1.193242569,0.3969132517,0.5398537342,0.5152544877,12.98798799,0.6200716846,0.7890717801,0.07088877062,1.484832358,0.137733619,-0.02806835163,0.5684789835,0.7614524533,21.06456456,11.98938992,5.43,-1.983859222,8.497584702,Probable Bankrupt
ANG Industries Limited,2010,1.21,0.46,0.1036224143,1.34,0.4146498611,0.1056533828,49.34,,1.066022965,1.019919972,-6.95,-0.07419972164,0.4146498611,0.0882696412,0.4637377683,,-0.07419972164,0.04296701969,0.04296701969,0.04296701969,0.1036224143,,0.6758002784,0.3716828414,0.8957028532,0.6301292635,0.6301292635,-0.03169170056,0.493496557,1.066022965,1.657181703,0.0,-5.86,-0.06764585883,0.1666027607,-0.0559386229,-0.06271094175,0.5869759714,0.5147877523,0.6871501631,0.2175331212,0.01693507157,0.4583859377,0.7981211656,0.4146498611,-0.9998207243,0.752747955,0.1846827871,1.26835421,0.582580294,0.5029195023,0.4146498611,3.544251825,0.7544915995,0.6580393661,0.2386499728,1.121066957,0.2154794024,-0.003901487442,0.4954294689,0.6736990155,5.244525547,10.88235294,5.55,4.808592108,7.861888833,Probable Bankrupt
Castex Technologies Limited,2021,0.15,0.12,0.0005623135911,-0.94,1.202602304,0.01863663249,0.04,27.58982303,1.172518528,0.3500992184,-185.13,-2.170777143,1.202602304,-1.021586361,0.04470644499,-0.07524993451,-2.170777143,0.0006762396203,0.0006762396203,0.0006762396203,0.0005623135911,-0.005882128261,1.060259993,1.201926064,31.97647106,1.224944104,1.224944104,-0.0839877424,0.04409722011,1.172518528,0.7983725834,0.0,40.61,0.0002763098815,-6.59e-05,-0.06983833484,0.3733716112,-0.183636219,2.564167983,0.9601247083,0.02210267876,0.01262520764,0.1173626986,0.14777486,1.202602304,18.04385874,0.0233741657,-1.653058458,32.55254526,-0.09932156109,0.1810159434,1.202602304,-0.03903271735,0.0331575048,0.9817609641,4.541512066,-5.346227284,0.02234179953,-0.6573487816,0.1286941874,0.03917092725,-0.03681428859,6.623436776,5.98,4.203910403,-5.83105322,Bankrupt
Castex Technologies Limited,2020,0.15,0.12,0.0005535428652,-1.41,1.113130844,0.01663469661,0.04,29.63210702,1.19176371,0.3406535842,-172.51,-2.060402144,1.113130844,-0.9438552705,0.04309901569,-0.08329142935,-2.060402144,0.0006161656367,0.0006161656367,0.0006161656367,0.0005535428652,-0.00972090374,1.061167748,1.112514678,31.66567272,1.133866588,1.133866588,-0.07154462102,0.04198425166,1.194342588,0.8648553726,0.0,62.37,-0.004226399784,1.62e-05,-0.06427332547,0.5344471838,-0.1180620273,2.614538421,0.9626971907,0.02210830634,0.01319323511,0.1185599741,0.149290556,1.113130844,17.28753619,0.02375431925,-1.465802302,32.23802232,-0.1548985789,0.1692755734,1.113130844,-0.03952174709,0.03351161231,0.9817123597,7.05071582,-8.315225327,0.02073574426,-0.634575467,0.1146436367,0.03651470476,-0.03724363765,3.729505735,8.0,6.894875427,3.871436941,Bankrupt
Castex Technologies Limited,2019,0.15,0.12,0.0007170175144,-4.51,1.021224377,0.01501251705,6,20.29627521,1.161466636,0.3928237051,-175.96,-2.045876667,1.021224377,-0.8686552098,0.06023815968,-0.09756387776,-2.045876667,0.0007322357642,0.0007322357642,0.0007322357642,0.0007170175144,-0.003948704449,0.6728662163,1.020492141,19.76297477,1.042413449,1.042413449,-0.06841697166,0.06007994445,1.162681242,0.9451699267,0.0,314.54,-0.02572984749,-0.004609780512,-0.06699504362,1.613096156,-0.04068774162,1.832713378,0.9652305693,0.02969608293,0.01905125072,0.115351473,0.146361472,1.021224377,20.99556339,0.0385239671,-1.318868086,20.1588603,-0.4995838086,0.1525691669,1.021224377,-0.04002673366,0.03404680844,0.9796730631,20.48065481,-24.0778432,0.02118907243,-0.5335033996,0.1286551313,0.05353499776,-0.0594869124,3.938826467,5.27,5.36166639,6.453851345,Bankrupt
Castex Technologies Limited,2018,0.18,0.15,0.002248863936,2.89,0.9217627913,0.01366489034,6.25,19.43787593,1.138427464,0.5108896272,-360.49,-4.111393395,0.9217627913,-0.7530367073,0.06396146753,-0.1328967496,-4.111393395,0.00213248574,0.00213248574,0.002072919099,0.002248863936,-0.9818324843,0.579679934,0.9196898722,16.80072959,0.9408896397,0.9408896397,-0.1353258772,0.06257118214,1.140468591,1.050374552,0.0,-75.15,0.006694895857,0.01339995113,-0.1468146264,-2.289416934,0.0628239039,0.9021779254,0.9681961792,-0.00707056026,0.01829625756,0.1485439252,0.1793261153,0.9217627913,-146.2357381,0.04808940223,-1.142227258,17.11156711,0.3235786122,0.168726084,0.9217627913,-0.04223409102,0.03450325956,0.9796715284,-12.73950461,15.5939295,0.01912684835,-0.6865872394,0.1992873447,0.05666666667,-0.07285760391,3.328173375,5.33,5.327608862,6.795383419,Bankrupt
Castex Technologies Limited,2017,0.32,0.25,0.001552887604,0.56,0.7408325788,0.01279000343,15.42,7.047796647,1.061005902,0.8371003367,-81.25,-0.8634174603,0.7408325788,-0.5021709892,0.1544394074,-0.04678694651,-0.8634174603,0.001197750878,0.001197750878,0.001150429729,0.001552887604,-1.15476213,0.383148061,0.7396821491,5.101886519,0.7575127583,0.7575127583,-0.1154551927,0.1542879797,1.062533946,1.274733355,0.0,-11.88,-0.01778047765,0.07016253075,-0.2211047929,-0.6755061949,0.3201097791,0.7194047145,0.9443639985,0.04909621862,0.02146022245,0.2470539139,0.3150594984,0.7408325788,-13.69034223,0.2457465475,-0.8076865181,5.208835138,0.06878786433,0.2386615896,0.7408325788,-0.1107909511,0.07509929112,0.9779803319,-2.070917157,3.055140442,0.01668017948,-0.4291619911,0.2698946,0.1537622962,-0.2891596288,4.948216341,5.36,6.232711415,8.256305502,Bankrupt
Castex Technologies Limited,2016,0.8,0.38,0.08869236589,1.37,0.277512178,0.01227109348,10.22,10.71722664,1.04815036,0.8569318289,-62.03,-0.6618369635,0.277512178,-0.05665529147,0.102445047,-0.05531015901,-0.6618369635,0.02539477478,0.02539477478,0.02461321163,0.08869236589,-0.0002543815021,1.194351028,0.2528989664,2.894123686,0.6485577749,0.6485577749,-0.04622775232,0.1022963691,1.066830101,3.190764063,0.0,-0.86,-0.05961198237,0.05019973637,-0.245472349,-0.1938343243,0.5418826799,0.5077160009,0.8854758846,0.02465741315,0.01413566584,0.3831643421,0.3405354081,0.277512178,-3.626359361,0.1745892587,-0.09151717255,6.507003593,1.055779785,0.2208568865,0.277512178,-2.021419579,0.4126814047,0.4278912207,-0.1612079808,0.7896381203,0.3710455969,-0.3239839184,0.1486727993,0.1082899667,-1.692483643,4.906973441,5.42,7.556488414,7.996253786,Bankrupt
Castex Technologies Limited,2015,0.99,0.52,0.04087573759,1.2,0.2305313951,0.01210795647,28.16,3.583768242,1.055556546,0.8990892779,11.15,0.1177624703,0.2305313951,-0.003118517961,0.2840383475,0.08733373378,0.1177624703,0.01189339542,0.01189339542,0.009423140812,0.04087573759,0.1057344056,0.4067785122,0.2211082543,0.8638946659,0.6088468433,0.6088468433,-0.01965827669,0.2816766127,1.055556546,3.866938098,0.0,3.87,-0.03692113241,0.1404971599,-0.1053833417,-0.06210909551,0.6424491825,0.4491361874,0.8914506344,0.08511288445,0.03428899316,0.5156066118,0.3735140941,0.2305313951,-0.7596521221,0.4359647463,-0.005245393469,2.246283804,0.9671798416,0.2274128771,0.2305313951,-34.80799756,0.4708658686,0.3786361014,-0.007972626343,0.5893635041,0.3783154482,-0.0725066059,0.3036966242,0.2993449856,-85.56990232,6.665656719,5.44,6.69517609,7.410227605,Bankrupt
Castex Technologies Limited,2014,1.43,0.9,0.1086932693,2.18,0.1998268588,0.008842758292,39.18,2.00738615,1.096924968,0.9482268862,7.11,0.07802459909,0.1998268588,0.08569238231,0.396062602,0.5656481583,0.07802459909,0.05936031624,0.05936031624,0.02171983458,0.1086932693,0.5914546845,0.2977056225,0.1781070242,0.5593183722,0.7146090503,0.7146090503,0.04118257532,0.3918967828,1.096924968,4.472067229,1.03,3.48,-0.1042468987,0.09421500872,0.2726779236,0.190925371,0.3993665482,0.5358053093,0.8936391466,0.1619016328,0.03717077656,0.8965681029,0.3995460749,0.1998268588,-0.1246273632,0.4926167836,0.1306895729,1.939407298,1.803778964,0.2855192411,0.1998268588,1.241193797,0.5322650521,0.2796310216,0.3002631387,0.7001863899,0.5147821915,0.1043078035,0.3548800267,0.3997906116,4.169198374,10.01787847,5.44,3.865992884,6.386106401,Probable Bankrupt
Castex Technologies Limited,2011,3.02,1.93,1.068314372,1.0,0.09181460821,0.01033638047,34.5,,1.040142155,0.945512055,7.89,0.08211553355,0.09181460821,0.185800013,0.3450822093,,0.08211553355,0.09808686548,0.09808686548,0.09808686548,1.068314372,,0.3015438734,-0.006272257268,0.2767463575,0.5451604925,0.5451604925,0.0389854888,0.3450822093,1.040142155,9.801909245,4.87,2.99,-0.07008802756,0.08777006938,0.55250425,0.1115293646,0.8343222112,0.4724846011,0.8999584571,0.1266025833,0.02879418566,1.934039493,0.5092346658,0.09181460821,0.4900179745,0.5826582975,0.2889332019,1.347563315,0.9967161531,0.2776146212,0.09181460821,0.5384366842,1.089603766,0.1684175752,0.4084957658,0.2018615505,0.4533458843,0.1273633012,0.3060967205,0.3686442035,1.785599814,11.98938992,5.43,-1.983859222,8.497584702,Probable Bankrupt
Viceroy Hotels Limited,2023,0.21,0.21,0.0899479007,-1.17,0.7268879483,0.1523347701,0.32,4.790297542,1.265588616,-0.05213454075,-0.05,-0.0006468305304,0.7268879483,-0.5707284473,0.3341501448,-0.06220761862,-0.0006468305304,0.065382045,0.065382045,0.065382045,0.0899479007,0.272,0.01617076326,0.6615059033,3.376972833,2.238388282,2.238388282,0.001253063043,0.2878425039,1.337257439,1.37093932,0.0,1.34,0.2102627006,-0.04223424768,0.003639288998,-0.002136127538,-0.5532499844,1.376714101,0.9965192693,0.2724159055,0.06335759159,0.2100444376,0.0697642595,0.7268879483,7.081387363,0.05772221186,-0.7362068966,10.09534282,-1.220538304,0.156159501,0.7268879483,-0.006098750976,0.004788538155,0.3247372022,0.4608638949,-0.5869628764,1.511500334,-0.1816813049,0.3328970818,0.2160002235,-0.3771467603,6.699034141,10.05,0.2298150623,7.002951544,Financial Distress
Viceroy Hotels Limited,2022,0.11,0.11,0.01180096516,-1.22,0.6464373722,0.1283362585,0.15,11.5589186,1.426094622,-1.089920658,-50.16,-0.7731413459,0.6464373722,-0.5726681697,0.1854191789,-0.06233943271,-0.7731413459,0.007628584911,0.007628584911,0.007628584911,0.01180096516,-0.5164835165,0.02674111078,0.6388087873,7.246253306,2.165705447,2.165705447,-0.06789702721,0.1374718188,1.540993241,1.543249929,0.0,-18.65,0.04079950546,-0.00797695278,-0.1034105195,0.05734589696,-0.5382566908,1.693799589,0.9976144288,0.127221727,0.05181993149,0.1104262136,0.03406243569,0.6464373722,9.290978399,0.00643966446,-0.6610482358,24.19100793,-1.303303573,0.07376920254,0.6464373722,-0.004165712978,0.003690336186,0.2984881314,0.4912631839,-0.5545460679,1.519268075,-0.4977750181,0.2533162062,0.08942320326,-0.1557793545,5.131407472,7.33,0.1472360633,9.050277908,Financial Distress
Viceroy Hotels Limited,2021,0.11,0.11,0.003706360593,-1.3,0.619188629,0.1214803357,0.07,21.06335184,1.624936901,-1.147400303,-59.16,-1.038364462,0.619188629,-0.5499457112,0.1002862501,-0.05934754713,-1.038364462,0.002294936334,0.002294936334,0.002294936334,0.003706360593,-0.5362318841,0.06966178698,0.6168936926,12.66633014,2.032375876,2.032375876,-0.06028526305,0.08577633008,1.754669359,1.609516978,0.0,-15.43,0.01739670705,0.01542010685,-0.112745098,0.06762118749,-0.5079650316,2.126703685,0.9965946106,0.07943440924,0.03334142788,0.1063287103,0.03406993686,0.619188629,10.04659498,0.0104298203,-0.638366131,41.52801615,-1.368868917,0.06924291778,0.619188629,-0.006192228305,0.00549976088,0.3046624575,0.5326991108,-0.5997705326,1.413187247,-0.5053019825,0.1605715132,0.04905165156,-0.08888988603,6.623436776,5.98,4.203910403,-5.83105322,Financial Distress
Viceroy Hotels Limited,2020,0.15,0.14,0.001216051885,-1.37,0.5746698036,0.1195119202,0.25,5.096815734,1.354600796,-0.02891594474,-13.77,-0.1973776633,0.5746698036,-0.4872929721,0.2957674299,-0.02832584034,-0.1973776633,0.0006988282979,0.0006988282979,0.0006988282979,0.001216051885,0.02358490566,0.02481854367,0.5739709753,2.888082416,1.926809383,1.926809383,-0.03526753477,0.2850986513,1.432802622,1.731536279,0.0,-7.87,0.0,0.0,-0.05443858938,0.03375474401,-0.4810073021,1.47740576,0.9950616134,0.2695380745,0.07143720683,0.1434535874,0.04534793752,0.5746698036,5.181706719,0.06638377098,-0.5895000845,9.679934442,-1.458918742,0.08737683151,0.5746698036,-0.01013432764,0.00859343332,0.2982494318,0.5257747505,-0.6200517757,1.352139579,-0.1857715854,0.3310349647,0.1999672262,-0.4083369186,3.729505735,8.0,6.894875427,3.871436941,Financial Distress
Viceroy Hotels Limited,2019,0.13,0.12,0.02299357945,-1.41,0.5645033413,0.1161217896,27.73,5.044094128,1.344071282,0.2506282842,-12.87,-0.1800319854,0.5645033413,-0.4906557934,0.2843357119,-0.0004983576849,-0.1800319854,0.01297995243,0.01297995243,0.01297995243,0.02299357945,0.231884058,0.0236463331,0.5515233888,2.846698652,1.863087552,1.863087552,-0.03121531317,0.2773360516,1.398560658,1.763162119,0.0,-5.91,0.05558388577,0.01414050531,-0.04739165329,0.03099656177,-0.4632565717,1.467786155,0.9953109072,0.2665307509,0.05819127982,0.1225120385,0.039637186,0.5645033413,5.33992674,0.08247209591,-0.5930671924,9.329792095,-1.504579932,0.07384754785,0.5645033413,-0.009556786704,0.008306581059,0.3029934586,0.568489016,-0.6540510748,1.298584211,-0.1553481694,0.315551025,0.1992352861,-0.4041551247,3.938826467,5.27,5.36166639,6.453851345,Financial Distress
Viceroy Hotels Limited,2018,0.15,0.14,-0.003280813318,-1.46,0.5589920076,0.1134048186,26.74,8.297854285,1.371560189,0.2075403079,-375.4,-5.374712086,0.5589920076,-0.4776869609,0.310503317,-1.099553966,-5.374712086,-0.001833948423,-0.001833948423,-0.001833948423,-0.003280813318,-0.07547169811,0.01927506364,0.560825956,2.992968845,1.826952249,1.826952249,-0.01541875156,0.2673942083,1.43168869,1.782494228,0.0,8.17,-0.04454657946,-0.007956277652,0.01275871846,-0.008624466104,-0.4526403192,1.49751485,0.9964000272,0.2561641044,0.05949858101,0.1390092754,0.04450310444,0.5589920076,5.179580897,0.06837193739,-0.5641629008,9.791732331,-1.533293177,0.08130504675,0.5589920076,-0.007536259361,0.006440115031,0.3059696868,0.5776475742,-0.6759664878,1.267960242,-0.2140326502,0.3259220685,0.1874431921,-0.3909849275,3.328173375,5.33,5.327608862,6.795383419,Bankrupt
Viceroy Hotels Limited,2017,0.15,0.15,0.01495227996,2.87,0.3050759724,0.06801597357,13.42,10.43969026,1.337101515,0.3443364232,-13.69,-0.1927424825,0.3050759724,-0.2586729357,0.1383571837,0.008228100635,-0.1927424825,0.004561581348,0.004561581348,0.004561581348,0.01495227996,-0.1111111111,0.01933077097,0.3005143911,3.198055618,0.8246109715,0.8246109715,-0.008702591366,0.1342377414,1.40718969,3.271827501,0.0,3.08,0.02578626987,0.07541815424,-0.02499116296,-0.04347024102,0.2126930571,1.437033688,0.9981559565,0.1275517357,0.05742346372,0.146058678,0.05627264049,0.3050759724,6.248836006,0.09594988688,-0.3846968069,8.596427764,2.962186424,0.04640303674,0.3050759724,-0.007128861467,0.006044538706,0.3699635137,-1.474852435,1.739424496,0.5195349991,-0.1326538095,0.147059775,0.0955704408,-0.3687830908,4.948216341,5.36,6.232711415,8.256305502,Bankrupt
Viceroy Hotels Limited,2016,0.18,0.18,0.004759023997,3.01,0.2696046451,0.07024197956,13.49,9.933784086,1.310236924,0.2139025481,8.81,0.122261958,0.2696046451,-0.2198917015,0.1356341336,0.06699069241,0.122261958,0.001283054976,0.001283054976,0.001283054976,0.004759023997,0.2526315789,0.02123379526,0.2683215901,2.771010282,0.8202200765,0.8202200765,-0.008318110647,0.1349599861,1.387125615,3.701472071,0.0,1.62,-0.02243261685,0.03303550123,-0.03097398669,-0.04644973993,0.2191849829,1.459991059,0.997934064,0.1274791232,0.06502372935,0.1767291793,0.06060927433,0.2696046451,4.959426628,0.09043667312,-0.3349454262,8.417076442,3.062719245,0.04971294363,0.2696046451,-0.00939524304,0.007662835249,0.3286979346,-1.223116003,1.499637111,0.5506154315,-0.114434625,0.1439522443,0.09749613197,-0.4424664985,4.906973441,5.42,7.556488414,7.996253786,Bankrupt
Viceroy Hotels Limited,2015,0.17,0.16,0.01352070691,2.88,0.3283997809,0.07930957101,12.79,,1.267522936,0.2581039755,-5.53,-0.07437308869,0.3283997809,-0.2735441164,0.1282879019,,-0.07437308869,0.004440197187,0.004440197187,0.004440197187,0.01352070691,,0.01737003058,0.3239595837,3.446972477,0.830899577,0.830899577,-0.007050706819,0.127926626,1.342752294,3.040029809,0.0,-1.17,0.0223895001,0.1022483414,-0.02136342667,-0.04148862853,0.2035148744,1.439877676,0.9983451234,0.1207593786,0.05787059764,0.162000071,0.06601960812,0.3283997809,6.566740823,0.08742303323,-0.4389422897,8.674740061,2.971605789,0.05485566446,0.3283997809,-0.006049761418,0.005039213599,0.3952340211,-1.617643005,1.942039972,0.5024997961,-0.1077241023,0.1353386087,0.09542987218,-0.3482873211,6.665656719,5.44,6.69517609,7.410227605,Probable Bankrupt
Jyoti Structures Limited,2023,6.05,5.85,0.08675651683,-681.47,0.1626528166,3.988372093,0.1,11.07318762,1.126644249,0.4876372268,-1.77,-0.0201265948,0.1626528166,0.8213369971,0.1011061424,0.04043020539,-0.0201265948,0.01411119182,0.01411119182,0.01411119182,0.08675651683,0.6599641923,0.3590643853,0.1485416247,1.838245475,0.9888860691,0.9888860691,-0.001785229848,0.1003010388,1.133567402,5.952734512,0.0,-0.19,-0.233770794,-0.0194069079,-0.01097570818,-0.1606299213,0.01123883859,0.3974384334,0.9682290345,0.0327992229,0.02858824258,5.854302854,0.9950487164,0.1626528166,14.80910956,0.07222059982,58.9912005,11.01656612,74.34212598,0.9839898137,0.1626528166,0.03868200948,0.1953299438,0.1644808453,73.9015748,14.63503937,0.8262332525,-0.03112906655,0.1028913723,0.09138606568,0.1077300091,6.699034141,10.05,0.2298150623,7.002951544,Financial Distress
Jyoti Structures Limited,2022,13.13,12.98,0.5191057651,13.65,0.07506087496,4.735447761,0,45036.625,109.75,-806.25,-967.75,-1061.75,0.07506087496,0.9101239387,0.002480597532,0.3570920466,-1061.75,0.03896453293,0.03896453293,0.03896453293,0.5191057651,-0.9542324828,617.25,0.03609634203,4115.25,0.930725666,0.930725666,-0.01936598845,0.002001805729,109.75,13.17252901,0.0,-2.09,16.00911162,-0.04877272059,-0.2580037665,-0.279555029,0.07443045417,291.75,0.9887415527,0.002001805729,0.008975552398,12.97515339,1.058512567,0.07506087496,-169.4952709,-0.00682475136,74.47462687,48891.25,12.35182991,0.9851848136,0.07506087496,0.01237023528,0.1499908876,0.08064768997,13.13796735,1.083530806,0.855664791,-0.9083698602,0.02184658599,1.84e-05,2e-05,5.131407472,7.33,0.1472360633,9.050277908,Financial Distress
Jyoti Structures Limited,2021,0.11,0.1,0.001813724264,-0.42,9.072465618,0.6671741778,0,-387.9824121,0.0,0.7537688442,0.0,441.919598,9.072465618,-8.099892901,0.0001063897696,-0.1904518728,441.919598,0.01645495103,0.01645495103,0.01645495103,0.001813724264,-0.1448704663,-12.12311558,9.056010667,-3213.909548,9.080026385,9.080026385,-1.247483882,0.0,0.0,0.1064515423,0.0,2.32,0.0,-0.0001710667535,-0.137502189,0.1543910654,-0.8898681614,-1.201005025,0.9657779575,-0.003716549283,0.0001171690093,0.1034284079,0.1071112215,9.072465618,1309.174658,-0.0001171690093,-347.7503045,-3210.758794,-0.0009357353467,0.9725727174,9.072465618,-0.004224999387,0.003772077402,0.9991673189,1.002458719,-1.122826237,0.00756076629,-1.0,1.247590272,-0.002922902927,0.0003485077215,6.623436776,5.98,4.203910403,-5.83105322,Financial Distress
Jyoti Structures Limited,2020,0.14,0.14,0.002169569446,-0.47,6.739035885,0.510009311,0.97,-386.7373358,-2.848030019,4.243902439,-14192.64,437.0131332,6.739035885,-5.768021306,0.01002722783,-0.4562358871,437.0131332,0.01462080635,0.01462080635,0.01462080635,0.002169569446,-0.02588703838,-10.36397749,6.724415078,-2122.138837,6.768223876,6.768223876,-1.387773097,0.009776993977,-3.07879925,0.1435054372,0.0,8.88,-0.1903820817,-0.0003318664893,-0.2059305101,0.2405893265,-0.8522507502,-4.521575985,0.9670882908,0.004617410318,0.001663733859,0.1392043144,0.1434666756,6.739035885,330.8345226,-0.000327465077,-225.3542831,-2126.726079,-0.005060134937,0.9710145791,6.739035885,-0.005705892439,0.004883741491,0.9956874962,0.9999648817,-1.168303455,0.02918799116,-0.9935297151,1.397800325,-0.003283657489,0.0005505504472,3.729505735,8.0,6.894875427,3.871436941,Financial Distress
Jyoti Structures Limited,2019,0.24,0.24,0.002819826467,-0.54,3.97551336,0.3552204929,7.46,42.76503268,2.948529412,0.5204248366,-978.34,-29.16715686,3.97551336,-3.003154419,0.07710120735,-0.1415847377,-29.16715686,0.0112102578,0.0112102578,0.0112102578,0.002819826467,0.004587965414,0.9259803922,3.964303102,158.7730392,3.997876597,3.997876597,-0.7303401127,0.07465049771,2.981372549,0.2457077404,0.0,9.37,-0.0472152951,-0.0009189925467,-0.1837158109,0.2436273265,-0.7498672168,2.149346405,0.9768144048,0.04290582974,0.007603691116,0.2387549128,0.2432188481,3.97551336,105.1599374,0.01086928713,-119.0058366,159.2184641,-0.007459692277,0.972358941,3.97551336,-0.007720413935,0.005832100946,0.9944062213,1.00176052,-1.326109742,0.0223632369,-0.9085653192,0.80744132,0.02563329312,-0.008337556605,3.938826467,5.27,5.36166639,6.453851345,Financial Distress
Jyoti Structures Limited,2018,0.32,0.32,0.004329520321,-0.63,2.976711764,0.2437152392,11.6,21.83887925,1.542104726,-0.1748494437,-1296.78,-21.43845055,2.976711764,-2.011006182,0.1172869815,-1.067187528,-21.43845055,0.01288773407,0.01288773407,0.01288773407,0.004329520321,-1.840985641,0.2878942533,2.96382403,42.38935388,2.994039961,2.994039961,-1.505492339,0.11609354,1.653210166,0.3291494949,0.0,57.83,-1.217235902,0.1424087756,-0.5057640652,0.7550068567,-0.6660031218,1.272022048,0.9797831736,0.07902876086,0.02013497532,0.3176285883,0.3225426496,2.976711764,106.334334,0.01604118686,-62.41612903,42.45258753,-0.008689994554,0.9657055819,2.976711764,-0.01005309015,0.006791664108,0.9942124365,1.008508466,-1.492804469,0.0173281964,-0.9335329817,1.622779321,0.0716720803,-0.03491938459,3.328173375,5.33,5.327608862,6.795383419,Financial Distress
Jyoti Structures Limited,2017,0.71,0.68,0.007389190364,-2.0,1.228747722,0.05688692717,15.55,8.050898365,1.156719928,0.3276712402,-158.87,-1.915485197,1.228747722,-0.3614131141,0.1587889673,-0.07730449361,-1.915485197,0.009079450829,0.009079450829,0.009079450829,0.007389190364,-0.5877948334,0.2153655947,1.219668272,9.52438418,1.263576267,1.263576267,-0.2471562786,0.1555469255,1.205689866,0.7912246839,0.0,43.98,-0.0812663375,0.07301869991,-0.2011758929,0.9378477932,-0.2085954554,0.5952320159,0.9722155282,0.06581171539,0.04232280088,0.6832567183,0.6864125506,1.228747722,-7.45312085,0.07580811359,-5.412488641,9.723972962,-0.1321383937,0.8673346082,1.228747722,-0.07687732057,0.02261202306,0.9724365316,1.371189897,-4.661829902,0.03482854453,-0.6350556059,0.4059452459,0.1326976609,-0.3569619403,4.948216341,5.36,6.232711415,8.256305502,Bankrupt
Jyoti Structures Limited,2016,1,0.95,0.01136542453,-14.08,0.8590666671,0.04922821129,44.14,2.331980812,1.072245226,0.7696283729,-25.74,-0.2792561921,0.8590666671,0.001952087752,0.4525093903,0.1020911318,-0.2792561921,0.009763657372,0.009763657372,0.009763657372,0.01136542453,-0.7671146742,0.1006323632,0.8493030097,2.111088701,1.008696688,1.008696688,-0.1047271744,0.441424493,1.084765939,1.116385544,0.0,-1.88,-0.4614113577,-0.2879353531,-0.1115336486,11.01739452,-0.00862170743,0.3708440606,0.9590496085,0.1387253656,0.06104117807,0.954603868,0.8535953031,0.8590666671,-0.1523235422,0.3626908534,0.0272541398,2.454799277,-17.2054034,0.8610187548,0.8590666671,20.97774114,0.04766846755,0.8516600456,-0.2244633605,-98.78090303,0.1496300206,-0.223044022,0.5572365647,0.4243061382,208.4591921,4.906973441,5.42,7.556488414,7.996253786,Bankrupt
Jyoti Structures Limited,2015,1.48,1.34,0.04307155281,6.1,0.5997082165,0.04999087341,55.76,,1.062988417,0.7195621306,-12.71,-0.1360606196,0.5997082165,0.2862022984,0.5676747654,,-0.1360606196,0.02583036412,0.02583036412,0.02583036412,0.04307155281,,0.1545951187,0.5738778524,1.15039039,0.8938431538,0.8938431538,-0.07077899733,0.5576433646,1.069699481,1.533092652,0.0,1.37,0.01320249431,-0.2266070204,-0.1177683604,-0.6653047442,0.1187645122,0.411038874,0.9194082603,0.2048165779,0.1001467763,1.342850995,0.9911252451,0.5997082165,0.6696749111,0.5196403579,3.643469928,1.665065684,2.770758062,0.885910515,0.5997082165,0.2815901206,0.1343849184,0.6709322703,2.696032416,5.649265575,0.2941349373,-0.1365882142,0.6384537627,0.5670043003,1.821468382,6.665656719,5.44,6.69517609,7.410227605,Bankrupt
Tantia Constructions Limited,2023,0.48,0.43,0.07099284813,1.32,0.6436240066,0.06618764681,0.13,8.029651426,1.061339973,-0.2528293345,-2.3,-0.02444545043,0.6436240066,-0.3323044014,0.1472726534,0.07887575647,-0.02444545043,0.04569270135,0.04569270135,0.04569270135,0.07099284813,0.1152737752,0.274898144,0.5979313053,5.380262562,0.6532905514,0.6532905514,-0.002924332887,0.1270730948,1.06224536,1.50260833,0.0,-0.01,0.05598208573,0.00215526174,-0.00454354228,-0.008434534734,0.5307124798,0.7827071073,0.9671147936,0.08829860688,0.1203216314,0.4326041228,0.4765408049,0.6436240066,-14.04895833,0.0740249513,-0.5652664548,5.079108194,0.02788082315,0.3113196052,0.6436240066,-0.09896109187,0.05109381573,0.9852032992,-0.9584521067,1.856378617,0.009666544819,-0.1546782044,0.1501969863,0.1236945992,-0.3599918517,6.699034141,10.05,0.2298150623,7.002951544,Financial Distress
Tantia Constructions Limited,2022,0.37,0.32,0.08493608888,1.31,0.6151799756,0.06604012041,0.15,7.248329976,1.061075178,-0.2965751246,-2.04,-0.02173682536,0.6151799756,-0.3894792539,0.1567088496,-0.009465437923,-0.02173682536,0.05225098108,0.05225098108,0.05225098108,0.08493608888,-0.2587249884,0.2278655498,0.5629289945,4.438023539,0.6200449755,0.6200449755,-0.002998368535,0.1475226715,1.064256176,1.574196631,0.0,-0.03,-0.07644648746,-0.00888920495,-0.004850077649,-0.007852694286,0.6127862324,0.9375463896,0.9684142452,0.1233593486,0.1517565069,0.3155417513,0.3640070165,0.6151799756,-48.63837012,0.0854311857,-0.6089064547,4.096172198,0.01280414684,0.2257007217,0.6151799756,-0.0810973999,0.05134392546,0.9921537951,-1.025066729,1.619086302,0.004864999927,-0.07905392969,0.1597072181,0.1431368383,-0.3559002226,5.131407472,7.33,0.1472360633,9.050277908,Financial Distress
Tantia Constructions Limited,2021,0.38,0.31,0.1206179441,0.19,0.6126148425,0.06497117667,0.19,6.994560149,1.056470832,-0.6167236556,15.67,0.1655786965,0.6126148425,-0.3823910543,0.1529535097,0.03425983897,0.1655786965,0.07389234286,0.07389234286,0.07389234286,0.1206179441,0.3208872458,0.2802818361,0.5387224997,4.35965185,0.6203171183,0.6203171183,0.004105939052,0.1484544488,1.056470832,1.568057041,0.0,1.64,0.04138877991,0.09888742841,0.006726084373,0.01085247536,0.6120786781,0.9829033261,0.9606150173,0.1305455657,0.1895127218,0.3115151515,0.3711388602,0.6126148425,-175.5636364,0.04978405783,-0.5937153837,3.888612579,0.02028607585,0.2302237882,0.6126148425,-0.1029966112,0.06428995841,0.9875833255,-1.007132722,1.613490816,0.007702275739,-0.002641103394,0.1488475707,0.1462804656,-0.3674751552,6.623436776,5.98,4.203910403,-5.83105322,Financial Distress
Tantia Constructions Limited,2020,0.38,0.34,0.01651323222,0.21,0.6272313352,0.0641804377,20.49,7.830614464,1.0560087,-0.6001709003,226.81,2.395168181,0.6272313352,-0.3872572669,0.2668103968,-1.039545893,2.395168181,0.01035761669,0.01035761669,0.01035761669,0.01651323222,-3.70876429,0.1427017789,0.6168737185,3.231802999,0.630578338,0.630578338,-0.03953081655,0.2049511519,1.0560087,1.550152633,0.0,-8.68,-0.008753861998,1.976569038,-0.06304833786,-0.1070481166,0.585845786,0.9143167871,0.9723043059,0.1682848872,0.2548714883,0.3384371319,0.3805618649,0.6272313352,-24.95285585,0.0701733413,-0.5736042876,3.195680882,0.009060115088,0.2399740683,0.6272313352,-0.0715175582,0.04415546956,0.9946921698,-1.048279802,1.69787373,0.003347002774,-0.3309710124,0.3063412134,0.1996092478,-0.5011679514,3.729505735,8.0,6.894875427,3.871436941,Financial Distress
Tantia Constructions Limited,2019,0.6,0.53,0.008723560074,-9.18,1.029561129,0.06334721947,16.11,6.898921636,1.06016395,-0.1362837904,-86.94,-0.9246608764,1.029561129,-0.4148389624,0.18727223,-0.09029487208,-0.9246608764,0.008981438361,0.008981438361,0.008981438361,0.008723560074,-1.768554913,0.4220747536,1.020579691,6.796037865,1.04694742,1.04694742,-0.1403765551,0.1611188728,1.063530789,0.9091816367,0.0,341.03,-0.002025130023,-0.02640683471,-0.136346013,2.990080302,-0.04484219445,0.7604176832,0.9360580726,0.1091595887,0.08656358116,0.5349660391,0.5871566758,1.029561129,-13.19124236,0.06684318294,-1.236945932,6.851517517,-0.3703353803,0.6147221668,1.029561129,-0.1541367451,0.06210600382,0.9833933489,8.83624626,-21.93008975,0.01738629056,-0.5098140962,0.3276487851,0.1618428638,-0.3651882607,3.938826467,5.27,5.36166639,6.453851345,Bankrupt
Tantia Constructions Limited,2018,0.8,0.59,0.01339788626,5.74,0.7884185119,0.05849905351,12.66,8.394392686,1.080724495,-0.09166136219,-10.4,-0.11249349,0.7884185119,-0.1575182719,0.132086729,0.03295727284,-0.11249349,0.01056314155,0.01056314155,0.01056314155,0.01339788626,0.01302822783,1.385799433,0.7778553704,6.729182339,0.9201120046,0.9201120046,-0.04412382877,0.1266424397,1.080898096,1.062423143,0.0,-0.83,-0.06398586421,0.003728511322,-0.09521270649,-0.9396588305,0.08682420732,0.782767201,0.8376340733,0.08599671851,0.07464391243,0.5942710707,0.6856776532,0.7884185119,-12.56819393,0.09660233879,-0.4728978811,7.763034547,1.648476619,0.63090024,0.7884185119,-1.03077519,0.205938755,0.8568723243,-1.971738946,9.869048629,0.1316934926,-0.2814928819,0.1762105577,0.1398750263,-0.7438126802,3.328173375,5.33,5.327608862,6.795383419,Bankrupt
Tantia Constructions Limited,2017,1.16,0.88,0.04568858449,7.19,0.5814292625,0.06465400882,16.44,6.630619907,1.074077465,0.005494002381,-37.16,-0.399139273,0.5814292625,0.09497100951,0.1738167184,-0.03075024714,-0.399139273,0.02656467998,0.02656467998,0.02656467998,0.04568858449,-0.03617363344,1.082135336,0.5548645825,3.796859262,0.9108340987,0.9108340987,-0.0621875723,0.1644780661,1.074077465,1.434891657,0.0,0.24,0.0320971867,0.01421698803,-0.1087892344,-0.7093882686,0.09789477735,0.7748832524,0.8342879979,0.1104302651,0.08982796444,0.8783325897,0.7426163261,0.5814292625,-2.052064267,0.09192164107,0.3047331954,5.774471202,3.694291555,0.676400272,0.5814292625,1.744869334,0.2850080187,0.6383481507,1.065104576,6.520757981,0.3294048362,-0.3037252688,0.2360042907,0.1835508458,1.612431714,4.948216341,5.36,6.232711415,8.256305502,Bankrupt
Tantia Constructions Limited,2016,1.37,1.06,0.05246178281,5.18,0.5481740455,0.05543936136,21.01,4.792636515,1.050834211,-0.7703625675,-25.83,-0.2711950797,0.5481740455,0.2010760514,0.213571035,0.08130241669,-0.2711950797,0.02875818772,0.02875818772,0.02875818772,0.05246178281,-0.003511494018,0.8322063271,0.5194158578,2.738523225,0.8776620709,0.8776620709,-0.05580911311,0.2101156993,1.049678888,1.520349414,0.0,-12.01,0.02344381568,0.0009144947417,-0.1045885448,-0.4686422773,0.1393906985,1.097556832,0.8334160891,0.210346962,0.2076833058,1.062921878,0.8536885913,0.5481740455,-1.766283525,0.03372005611,0.8708280555,4.240884841,2.693261426,0.7492500969,0.5481740455,0.828462215,0.3038887234,0.6245844086,1.643611698,4.480818414,0.3294880254,-0.22000303,0.2693801481,0.240181836,0.995500981,4.906973441,5.42,7.556488414,7.996253786,Probable Bankrupt
Tantia Constructions Limited,2015,1.52,1.16,0.05027375343,4.1,0.5043978499,0.06549504089,38.3,,1.034491018,-0.7862674651,-10.52,-0.1087225549,0.5043978499,0.2642930123,0.3912901841,,-0.1087225549,0.02535797314,0.02535797314,0.02535797314,0.05027375343,,0.4905588822,0.4790398768,1.359820359,0.8417070173,0.8417070173,-0.03979535931,0.383057172,1.032694611,1.621809268,0.0,-8.13,-0.002701242572,-0.02959027497,-0.07735552718,-0.2464920486,0.1880618546,1.077345309,0.8180371078,0.3837235129,0.401192759,1.163224566,0.9132522914,0.5043978499,-2.869677419,0.05377091287,1.24228293,2.200818363,2.130916745,0.7686908622,0.5043978499,0.6884892288,0.3607527118,0.599255845,1.669644528,3.186482694,0.3373091674,-0.1129583512,0.4310855434,0.4534388039,1.403479284,6.665656719,5.44,6.69517609,7.410227605,Probable Bankrupt
Rainbow Papers Limited,2018,0.04,0.03,0.02322088378,-1.46,1.076974094,0.01793525071,0.02,-557.5611814,-0.1181434599,-0.1181434599,-69997.64,83.84810127,1.076974094,-1.038151392,0.0002426418848,-0.1375455965,83.84810127,0.02500829026,0.02500829026,0.02500829026,0.02322088378,-0.0344403444,-3.430379747,1.051965804,-561.8396624,1.151068838,1.151068838,-0.1607259845,0.0002264657592,-0.1181434599,0.922421821,0.0,208.77,108.2857143,0.02466325175,-0.1492384872,1.063925474,-0.1312422269,-46.88607595,0.9934244049,0.0,0.0,0.02994232329,0.03372752377,1.076974094,11.38153141,0.0001967438886,-1.08384983,-587.4472574,-0.4904700717,0.03882270157,1.076974094,-0.006333946212,0.006105620475,0.9356296156,6.872041975,-7.129028804,0.07409474357,-0.9985931062,0.1609686264,-0.001929558888,0.001846427125,3.328173375,5.33,5.327608862,6.795383419,Bankrupt
Rainbow Papers Limited,2017,0.06,0.05,0.0004493506883,-2.96,0.9493831988,0.01639749251,3.67,37.18219921,1.243589744,1.243589744,-328.02,-4.176282051,0.9493831988,-0.8924597391,0.03773330015,-0.1445625511,-4.176282051,0.0004266059938,0.0004266059938,0.0004266059938,0.0004493506883,-0.9988109394,0.20734714,0.9489565928,32.92061144,0.9915105407,0.9915105407,-0.1204379822,0.03671655587,1.273175542,1.04701706,0.0,-227.1,-0.1867565424,-0.08821736667,-0.1268591885,-14.18676717,0.008562147278,4.067061144,0.994020406,0.02024956451,0.0,0.05365996136,0.05741084682,0.9493831988,10.15763666,0.03617041111,-0.9690269586,34.36661736,4.962311558,0.05692345977,0.9493831988,-0.00670012747,0.006298398814,0.9575119576,-105.1256281,111.8308208,0.04212734189,-0.7781174144,0.1581712823,0.02901204544,-0.03231357553,4.948216341,5.36,6.232711415,8.256305502,Bankrupt
Rainbow Papers Limited,2016,0.2,0.18,0.01239255457,-21.43,0.5022767228,0.01484764388,21.7,5.486324556,1.061172523,1.061172523,-148.68,-1.556514185,0.5022767228,-0.4022500109,0.2181926611,-0.2753436826,-1.556514185,0.006224491698,0.006224491698,0.006224491698,0.01239255457,-9.158834027,0.05035798808,0.4960522311,2.422186274,0.8911210918,0.8911210918,-0.2783875957,0.217080701,1.046853,1.970144085,0.4,-40.24,-0.1330773791,0.03107005925,-0.4899511471,-2.260227078,0.1221819449,0.6887750517,0.9895575144,0.05808283171,0.0,0.1783563169,0.1122481701,0.5022767228,-6.394648186,0.2106936215,-0.4526504163,4.267337707,3.571347065,0.1000267119,0.5022767228,-0.02596018717,0.02079030363,0.5636458696,-3.694471387,4.613168255,0.3888443691,-0.5670894944,0.4965802568,0.2095532845,-0.5155127948,4.906973441,5.42,7.556488414,7.996253786,Bankrupt
Rainbow Papers Limited,2015,1.14,0.76,0.1294237518,1.28,0.2151231606,0.01376646272,27.22,3.54148312,1.038951544,1.038951544,4.37,0.04467272295,0.2151231606,0.03082303545,0.2781379535,0.1125177179,0.04467272295,0.02784204656,0.02784204656,0.02784204656,0.1294237518,0.3058499736,0.3121424263,0.1872811141,0.8072711985,0.6609660937,0.6609660937,0.002654638799,0.2722928773,1.021806284,4.261836296,8.69,1.51,0.06919422942,0.02887315121,-0.02991056266,-0.01897879432,0.5129369109,0.7415598896,0.916819694,0.1786206594,0.0,0.7566172308,0.3721010781,0.2151231606,-0.7602376406,0.4326256292,0.0410142072,2.375861376,1.315039366,0.2459461961,0.2151231606,2.698640961,0.3866636477,0.3254677701,0.09091431527,0.6345181311,0.4458429331,-0.02010361228,0.2754833147,0.290659002,8.645543616,6.665656719,5.44,6.69517609,7.410227605,Bankrupt
Rainbow Papers Limited,2014,0.89,0.61,0.04262491035,2.02,0.2295816159,0.01430957563,36.01,2.502789259,1.033300183,1.033300183,3.66,0.03735587531,0.2295816159,-0.02544442676,0.3659584744,0.2320129966,0.03735587531,0.009785895796,0.009785895796,0.009785895796,0.04262491035,0.3476463641,0.1841998943,0.2197957201,0.6499984461,0.6525101399,0.6525101399,0.01851252189,0.3601187699,1.019579203,4.072364332,16.46,1.71,-0.0002706889033,0.1371290626,0.103825006,0.06859570704,0.532543234,0.6918606458,0.9349399839,0.2180943024,0.0,0.6057853215,0.312849068,0.2295816159,-0.8315683308,0.5511658031,-0.03352157282,1.819700407,1.217096015,0.2041371891,0.2295816159,-2.556945643,0.2833851303,0.3518437521,-0.0732235086,0.6606857991,0.422928524,0.02470578943,0.3474459525,0.3777818218,-13.88136324,10.01787847,5.44,3.865992884,6.386106401,Probable Bankrupt
Rainbow Papers Limited,2013,0.94,0.73,0.04812805644,1.76,0.2674303928,0.02006301453,37.64,2.323776292,1.034738781,1.034738781,6.71,0.06854705825,0.2674303928,-0.01646561089,0.380166943,0.2866617117,0.06854705825,0.01287090504,0.01287090504,0.01287090504,0.04812805644,0.01112116902,0.149907919,0.2545594877,0.7254240574,0.7127093934,0.7127093934,0.03385312446,0.376436453,1.021110788,3.532642099,11.16,3.44,-0.04434494258,0.07893470239,0.1590016301,0.1480099502,0.4030964223,0.6313657071,0.9447358642,0.2137313476,0.0,0.7317816199,0.3521277876,0.2674303928,-0.527818679,0.5230627306,-0.02341701392,1.898361927,1.549925373,0.2509647819,0.2674303928,-3.356336806,0.2066486732,0.3752306273,-0.05731343284,0.9308706468,0.4452790006,0.06964650529,0.3463138185,0.3902189947,-22.38932292,9.478996914,5.42,2.473521635,5.456388753,Probable Bankrupt
Rainbow Papers Limited,2012,0.88,0.63,0.1343586767,1.49,0.3107117095,0.02622875385,45.11,2.059998624,1.03522855,1.03522855,7.27,0.07513589138,0.3107117095,-0.03827041757,0.4529033421,0.2003286046,0.07513589138,0.04174681414,0.04174681414,0.04174681414,0.1343586767,0.351379626,0.1753858856,0.2689648954,0.7113139607,0.6826661056,0.6826661056,0.04127594774,0.4511801715,1.032889154,2.971851422,11.13,4.76,-0.07725369431,0.1050615635,0.1599277746,0.156590371,0.4648449538,0.5920047705,0.9233890358,0.2328484411,0.0,0.6302637519,0.3990842518,0.3107117095,-0.6446118388,0.6500785137,-0.05493083317,1.467259925,1.172123125,0.272441292,0.3107117095,-2.001832461,0.2465660669,0.4551444798,-0.1205998421,0.9791318074,0.3719543961,0.07540097841,0.4116273944,0.4730549317,-11.41387435,8.911793365,5.41,1.317979708,5.241315001,Probable Bankrupt
Rainbow Papers Limited,2011,0.92,0.7,0.3358195858,1.31,0.2855424706,0.03308670082,48.63,1.923835007,1.029167881,1.029167881,9.55,0.0982859565,0.2855424706,-0.02301428213,0.4958531696,0.1804309697,0.0982859565,0.0958907542,0.0958907542,0.0958907542,0.3358195858,0.3213709677,0.131401171,0.1896517164,0.6038095743,0.6429466299,0.6429466299,0.05699072914,0.4863192182,1.028373116,3.284485784,9.4,6.5,-0.1158875618,0.1003312549,0.2361793612,0.188877193,0.5553390491,0.6044983707,0.9378601854,0.2510398396,0.0,0.7017813268,0.4083203429,0.2855424706,-0.4552883649,0.7407248636,-0.0348510719,1.156807163,1.000982456,0.2625281884,0.2855424706,-2.700054437,0.2176202176,0.4441153546,-0.06445614035,0.7997192982,0.3574041594,0.08746788467,0.4388624405,0.5042345712,-20.54817637,11.98938992,5.43,-1.983859222,8.497584702,Probable Bankrupt
Rainbow Papers Limited,2010,1.31,1.12,0.7001900812,1.51,0.2653856737,0.04093512346,42.11,,1.02916878,1.001775491,8.57,0.08562214653,0.2653856737,0.08300467761,0.4293313767,,0.08562214653,0.1858204164,0.1858204164,0.1858204164,0.7001900812,,0.1219653598,0.07956525727,0.6290673237,0.6609342994,0.6609342994,0.04760157755,0.4211226268,0.998224509,3.574218075,14.76,4.91,0.3828116748,0.135162014,0.2228558263,0.174428565,0.5130096908,0.5183346619,0.9485462717,0.181937693,0.0087425122,1.118887161,0.5271179777,0.2653856737,0.1552696908,0.6307098087,0.1274528213,1.126204797,1.166584013,0.3483903513,0.2653856737,0.6198895028,0.1938828409,0.4015310961,0.2448041116,0.7826969028,0.3955486258,0.103195579,0.3817297991,0.4447560111,5.082504604,10.88235294,5.55,4.808592108,7.861888833,Probable Bankrupt
Jaypee Infratech Limited,2022,0.56,0.07,0.01733488618,-1.56,1.00007104,0.1301657753,0.03,40.90258752,1.133773042,-0.5005919161,-226.41,-4.081616777,1.00007104,-0.441304847,0.04456902975,0.002162574736,-4.081616777,0.01733611764,0.01733611764,0.01733611764,0.01733488618,0.009259580019,20.01574497,0.9827349219,40.94977169,1.24000945,1.24000945,-0.1000389065,0.04402549492,1.802705902,0.5111412595,0.0,-2435.81,0.1596957041,0.007079914839,-0.1000318003,0.4168123653,-0.1935545329,1.282530019,0.5111775707,0.02768888661,0.01609434912,0.06993879473,0.4506144631,1.00007104,134.8026458,0.006235227972,-1.001344833,50.06463724,-0.9997040137,0.5587661925,1.00007104,-1.107675188,0.4887877061,0.8065027566,1.838697798,-4.166798599,0.2399384104,-0.8085244328,0.1446079363,0.04777575693,-0.05534019291,5.131407472,7.33,0.1472360633,9.050277908,Bankrupt
Jaypee Infratech Limited,2021,0.63,0.08,0.01479727702,-1.72,0.8772707405,0.1288272144,3.3,53.62121685,1.156232576,-0.2239222071,-246.16,-4.37895042,0.8772707405,-0.3239869832,0.03328625734,0.009716666556,-4.37895042,0.01298121817,0.01298121817,0.01298121817,0.01479727702,0.01024841118,26.15188349,0.8642895223,47.26997792,1.140647248,1.140647248,-0.08126775698,0.03301348702,1.778865669,0.5866538583,0.0,5.57,0.3846109332,0.007350814606,-0.09263703122,0.5778126352,-0.1233047712,1.342596516,0.5146542647,0.02145820778,0.0112278005,0.0774424802,0.4850612302,0.8772707405,127.2904759,0.007584507878,-0.7260108669,60.7620269,-1.872603348,0.5532837573,0.8772707405,-1.498040849,0.5532450964,0.7690990725,2.303542998,-6.237382908,0.2633765075,-0.8126804381,0.1145540143,0.03606057681,-0.0572823311,6.623436776,5.98,4.203910403,-5.83105322,Bankrupt
Jaypee Infratech Limited,2020,0.7,0.08,0.006176654249,-4.37,0.7764505155,0.1278561973,7.84,45.69321354,1.164433869,-4.032358397,-119.86,-4.215941241,0.7764505155,-0.2318003475,0.07867787235,-0.03863401822,-4.215941241,0.004795866376,0.004795866376,0.004795866376,0.006176654249,-0.06591329149,21.74504881,0.7716546491,34.80616814,1.059973408,1.059973408,-0.09029135912,0.07845968843,3.517134774,0.6631650912,0.0,-5.57,0.1300947753,0.004412132358,-0.1114478586,1.442868593,-0.05658010648,1.329242473,0.5149148769,0.02597600729,0.05468496768,0.07671454103,0.5138338035,0.7764505155,97.60596403,-0.03372369144,-0.5105088546,47.30074385,-4.72747674,0.544650168,0.7764505155,-2.092685055,0.6247469908,0.7325188627,3.865052096,-12.94657978,0.2835228928,-0.846267826,0.1689692315,0.04332335976,-0.0962373124,3.729505735,8.0,6.894875427,3.871436941,Bankrupt
Jaypee Infratech Limited,2019,0.82,0.08,0.002083385747,8.78,0.6718148117,0.1285045627,6.48,38.22853113,1.148767238,-2.232588104,-87.05,-2.441426383,0.6718148117,-0.1184486508,0.06492473766,0.2328995681,-2.441426383,0.001399649404,0.001399649404,0.001399649404,0.002083385747,0.4869993234,21.53940312,0.6704151623,29.06738404,0.9671818836,0.9671818836,-0.05554732811,0.06481728901,2.804446998,0.7474892147,0.0,2.65,-0.01392930763,0.002630070094,-0.08137304585,-1.665775598,0.03393169058,1.292589497,0.502174326,0.02655068115,0.04040138839,0.08267231661,0.5721428102,0.6718148117,91.13217091,-0.01385935845,-0.2723194253,41.78646051,9.000122624,0.5533661608,0.6718148117,-4.20288176,0.7410162226,0.694610624,-3.609245861,20.47085224,0.2953670719,-0.7796113067,0.1204720658,0.04602450441,-0.1951252659,3.938826467,5.27,5.36166639,6.453851345,Bankrupt
Jaypee Infratech Limited,2018,0.96,0.19,0.006895452575,2.49,0.4344970606,0.127739784,1,36.93276693,1.155985419,-1.005389621,-999.36,-3.764463782,0.4344970606,-0.01954281194,0.01087099079,0.02278543302,-3.764463782,0.002996053875,0.002996053875,0.002996053875,0.006895452575,0.1181343444,12.4374412,0.4315010067,16.23210646,0.840906444,0.840906444,-0.1007662469,0.01008302495,0.3766854813,1.535286824,0.0,-6.87,0.01607242765,0.009863910353,-0.2319146804,-0.6333773,0.1891929324,1.303857008,0.667077612,0.03094313531,0.03440047314,0.1887972742,0.4934606598,0.4344970606,43.33462332,0.002396884674,-0.0342606354,31.30297507,2.554530766,0.4149542487,0.4344970606,-17.03554172,0.7662247186,0.5167008336,-0.1228384884,2.731078942,0.4064093834,-0.7228242481,0.1116372377,0.04012689864,-1.369698271,3.328173375,5.33,5.327608862,6.795383419,Bankrupt
Jaypee Infratech Limited,2017,1.27,0.27,0.009905462524,1.53,0.2994909115,0.1271408616,6.21,45.133011,1.181481929,-4.949643418,-85.4,-2.391224465,0.2994909115,0.08222291773,0.06249285327,-0.004494451993,-2.391224465,0.002966596,0.002966596,0.002966596,0.009905462524,-0.04229690926,13.52928805,0.2965243155,13.48661912,0.7226876952,0.7226876952,-0.07275407585,0.06217396836,2.7998066,2.33583569,0.0,-3.5,-0.01864053037,0.079522055,-0.3085481668,-0.3332249241,0.3837235734,1.366469237,0.6995615601,0.02623660509,0.09419765559,0.2713784833,0.5281864238,0.2994909115,26.8143677,-0.03069871785,0.1402006895,32.41034691,1.526065653,0.3817138292,0.2994909115,3.653950118,1.003163797,0.4144126343,0.2964993486,1.079977002,0.4231967837,-0.8060096058,0.1352469291,0.03174348593,0.2700770436,4.948216341,5.36,6.232711415,8.256305502,Bankrupt
Jaypee Infratech Limited,2016,1.95,0.46,0.01360699568,1.44,0.2082856567,0.1270398051,15.42,76.94006909,1.239646004,-15.08904243,-14.39,-1.61281683,0.2082856567,0.1984973649,0.1548201525,-0.1187464359,-1.61281683,0.002834142032,0.002834142032,0.002834142032,0.01360699568,-0.08742864,22.64138493,0.2054515147,15.12735318,0.6823799525,0.6823799525,-0.02744142123,0.1542504381,11.20288786,3.304380513,0.0,-2.8,-0.2724426214,0.09337724485,-0.1568820145,-0.102878498,0.4654592304,1.437449055,0.6882550653,0.0170684507,0.1647371183,0.4562872377,0.5961239339,0.2082856567,18.80204082,-0.1320525372,0.3397146079,49.35399604,1.492646007,0.4067830217,0.2082856567,1.570524298,1.496718207,0.3052341382,0.624952255,0.6557698682,0.4740942957,-0.9063518966,0.1822615737,0.02000538902,0.06936520458,4.906973441,5.42,7.556488414,7.996253786,Probable Bankrupt
Jaypee Infratech Limited,2015,1.35,0.49,0.02166857527,1.07,0.3520812344,0.1278903384,15.54,,1.015474467,-0.08622023661,10.76,0.109332102,0.3520812344,0.1221993397,0.1561194496,,0.109332102,0.00762909873,0.00762909873,0.00762909873,0.02166857527,,1.978947237,0.3444521356,2.299368542,0.6968171324,0.6968171324,0.02026894364,0.1554902998,1.015474467,1.979605488,0.0,2.58,-0.07690606105,0.1397828674,0.06758913016,0.07849013555,0.4350967471,1.024930739,0.6969819438,0.1554902998,0.1210449677,0.4864289862,0.6806385091,0.3520812344,47.36678764,0.09703574817,0.2355363378,4.500942195,1.137055998,0.4742805741,0.3520812344,2.479702893,0.8606481306,0.5052706342,0.4030548977,1.16128341,0.344735898,0.144569162,0.135850506,0.2196912528,1.253041439,6.665656719,5.44,6.69517609,7.410227605,Probable Bankrupt
IVRCL Limited,2022,0.13,0.08,0.01525138827,-1.01,2.152950833,0.04871825986,0.04,11.42201663,1.050832709,-0.1968045249,-256.71,-2.744519108,2.152950833,-1.867609557,0.09963511373,-0.02019272493,-2.744519108,0.04073815188,0.04073815188,0.03283548909,0.01525138827,-0.1463629669,1.165200261,2.120115344,24.34524184,2.182805456,2.182805456,-0.2425820353,0.09454551673,1.069106379,0.4166172717,0.0,-0.03,-0.003864378709,0.01908772775,-0.112615135,0.204982863,-0.541873969,1.138696188,0.8969565022,0.08040109701,0.02527337957,0.0846734519,0.1307222665,2.152950833,160.6666086,0.01724177609,-5.436852635,24.31153465,-0.0252405182,0.2853412766,2.152950833,-0.05517400433,0.04786151926,0.9863228202,1.578965964,-1.820207053,0.02985462264,-0.7284487336,0.342217149,0.09859358001,-0.04735152075,5.131407472,7.33,0.1472360633,9.050277908,Bankrupt
IVRCL Limited,2021,0.17,0.1,0.01731999786,-1.09,1.780805572,0.04652724539,0.04,14.59822616,1.070366927,-0.4762463343,-402.46,-4.376339318,1.780805572,-1.480186522,0.08369799911,-0.1382087673,-4.376339318,0.03710947935,0.03710947935,0.03084354869,0.01731999786,0.006415012396,1.5810314,1.749962023,24.31624347,1.920916852,1.920916852,-0.3204697196,0.07963630154,1.087404334,0.496524058,0.0,14.83,0.03176788196,0.01222535091,-0.179939488,0.3479545868,-0.47941526,1.204291539,0.8842128091,0.07630271328,0.02948242415,0.1037911505,0.15649769,1.780805572,106.6732022,0.01130855867,-4.198321715,25.80825406,-0.1521432472,0.3006190501,1.780805572,-0.07822472995,0.06501955787,0.9270602056,1.607296596,-1.933731116,0.1401112802,-0.8060494208,0.4041677187,0.08282533871,-0.04947702491,6.623436776,5.98,4.203910403,-5.83105322,Bankrupt
IVRCL Limited,2020,0.27,0.2,0.01998433541,-1.58,1.382000661,0.04506807127,0.05,11.27503909,1.058102587,-0.4384627024,-214.69,-2.309123922,1.382000661,-1.009201519,0.1012544514,-0.05761879735,-2.309123922,0.0310497206,0.0310497206,0.02761836475,0.01998433541,-0.03017857631,1.107711706,1.354382296,15.14577092,1.527753207,1.527753207,-0.2056512443,0.09813788197,1.075523276,0.6504519553,0.0,13.14,0.03285189952,0.01863926947,-0.1486996795,0.389392338,-0.3454440186,1.230070106,0.8989250321,0.08894280552,0.04469195321,0.1966165293,0.2440179079,1.382000661,52.88762715,0.01840731786,-3.15588176,16.4404398,-0.276175577,0.3727991414,1.382000661,-0.1001534044,0.07313670015,0.9045967988,1.912260324,-2.618649477,0.1457525466,-0.6854137801,0.3069056957,0.1015063923,-0.09041468451,3.729505735,8.0,6.894875427,3.871436941,Bankrupt
IVRCL Limited,2019,0.32,0.24,0.01681943438,-2.42,1.151793088,0.04252857329,10.9,10.18711689,1.068317128,-0.8000863102,-153.24,-1.690560488,1.151793088,-0.7814779327,0.1126364278,-0.01328922737,-1.690560488,0.02248116054,0.02248116054,0.01937250827,0.01681943438,0.03771867017,0.9963274149,1.13242058,11.6560012,1.300439232,1.300439232,-0.1519584422,0.1090143083,1.10321109,0.7827338608,0.0,14.49,-0.0596615032,0.001448197817,-0.1319154434,0.5057238862,-0.2310290436,1.222081308,0.9015474509,0.09968748123,0.07098645426,0.2360342403,0.2847615995,1.151793088,40.09696225,0.01017619963,-2.438936813,12.96423413,-0.49476276,0.3703151557,1.151793088,-0.125982507,0.08547763491,0.8856954328,2.601118128,-3.833697352,0.1486461436,-0.6010268622,0.26459487,0.1096064962,-0.126446894,3.938826467,5.27,5.36166639,6.453851345,Bankrupt
IVRCL Limited,2018,0.4,0.3,0.02204615884,-4.74,0.9708671406,0.04025896558,16.34,7.582415578,1.062897599,-0.7322434275,-115.5,-1.253283398,0.9708671406,-0.5831931229,0.1753683048,-0.2848819183,-1.253283398,0.02460833396,0.02460833396,0.02140389119,0.02204615884,-0.05812052177,0.6205394806,0.9494632494,6.443674898,1.131275653,1.131275653,-0.1469199645,0.1634806896,1.085026336,0.9337049419,0.0,-113.69,0.03617895335,0.01404908106,-0.1502139506,1.110927921,-0.116042145,1.080557266,0.9065034471,0.1384446385,0.1195435966,0.3030048629,0.3426874932,0.9708671406,55.75176903,0.02106261312,-1.745868172,7.366252822,-1.221921268,0.3876740177,0.9708671406,-0.1603183393,0.09630210872,0.8582056351,4.442507867,-7.395637468,0.1604085128,-0.5033697804,0.3222882693,0.1662098363,-0.2583531657,3.328173375,5.33,5.327608862,6.795383419,Bankrupt
IVRCL Limited,2017,0.5,0.39,0.01953542665,-9.01,0.7020631478,0.0231137249,17.3,6.100494054,1.067445176,-0.3563369951,-32.6,-0.3478775043,0.7020631478,-0.3540138301,0.1777381911,0.02073575465,-0.3478775043,0.01371510312,0.01371510312,0.01371510312,0.01953542665,-0.01780582878,0.4746338891,0.6883480446,4.327802181,1.04718335,1.04718335,-0.09864540128,0.173073131,1.066893022,1.314702413,0.0,-6.32,-0.0002200313448,0.09411835297,-0.2314631004,3.444047771,-0.04505739173,0.9866988619,0.9230041143,0.1478146944,0.1102807222,0.3860812703,0.3323671232,0.7020631478,-199.7512392,0.1160588331,-0.7817894906,6.370717718,-7.314448836,0.3480493177,0.7020631478,-0.217494005,0.1096708836,0.6704300135,7.502939635,-14.87946789,0.3451202027,-0.3754722183,0.2763835924,0.1757539679,-0.4582353052,4.948216341,5.36,6.232711415,8.256305502,Bankrupt
IVRCL Limited,2016,0.69,0.56,0.020319525,-25.85,0.581026953,0.02197699458,20.38,5.188790835,1.066794439,-0.927176898,-49.97,-0.5337690943,0.581026953,-0.1777188166,0.2085496596,0.01894342229,-0.5337690943,0.0118061917,0.0118061917,0.0118061917,0.020319525,-0.0444395162,0.4192101951,0.5692207613,3.043655959,0.9960737041,0.9960737041,-0.1063130634,0.2038813811,1.068013759,1.583358102,0.0,-8.1,-0.007665647709,0.1398534308,-0.1876055127,-27.76251739,0.003941772509,1.11674724,0.9199737337,0.2010656699,0.1910724883,0.5563973727,0.4048978853,0.581026953,11.56493109,0.01608026633,-0.3926076834,5.155994336,105.7094924,0.4033081364,0.581026953,-0.4502970921,0.137732451,0.5833172291,-45.26373435,147.983484,0.415046751,-0.355289287,0.314862723,0.2075034353,-1.074155871,4.906973441,5.42,7.556488414,7.996253786,Bankrupt
IVRCL Limited,2015,0.94,0.77,0.02722631722,11.22,0.5072729575,0.01442076666,26.57,3.991536573,1.06486723,-0.6123268084,-41.05,-0.4370852252,0.5072729575,-0.0308667573,0.2732260816,0.007183898049,-0.4370852252,0.01381117446,0.01381117446,0.01381117446,0.02722631722,-0.02804455769,0.3412908782,0.4934617831,2.032097754,0.9277588604,0.9277588604,-0.09135970143,0.2657548276,1.064594082,1.80337524,0.0,-21.97,0.006404887293,-0.02488049473,-0.1648982134,-1.157905382,0.07786628909,1.125400316,0.9148034917,0.2630190323,0.2256395988,0.7712015516,0.5135021831,0.5072729575,3.707652642,0.0525703195,-0.06966660909,3.661206481,5.820587895,0.4764062002,0.5072729575,-2.760137953,0.1679500298,0.5467724203,-0.4272739531,7.021940132,0.4204859029,-0.2720029466,0.364585783,0.2728784889,-8.087347564,6.665656719,5.44,6.69517609,7.410227605,Probable Bankrupt
IVRCL Limited,2014,0.8,0.65,0.02048742356,3.94,0.5666033834,0.009806913411,34.65,,1.05452733,-0.7159718066,-17.84,-0.1879285408,0.5666033834,-0.1122903434,0.349754751,,-0.1879285408,0.01160824351,0.01160824351,0.01160824351,0.02048742356,,0.268135838,0.5549951399,1.722142582,0.8440764249,0.8440764249,-0.04702726227,0.3465303168,1.053249295,1.609204003,0.0,-13.79,-0.0007190902297,-0.04033121144,-0.08521625339,-0.3096633557,0.1847268452,1.078518162,0.9117804329,0.3431453967,0.3450595179,0.6461194613,0.5382368545,0.5666033834,7.761678694,0.06747108791,-0.2560038985,2.530215924,1.779545148,0.4543130399,0.5666033834,-0.7856380555,0.1556989769,0.6712702389,-0.7201627039,3.633853207,0.2774730415,-0.1276796044,0.3967820132,0.3608442509,-2.930000187,10.01787847,5.44,3.865992884,6.386106401,Probable Bankrupt
Reliance Communications Limited,2023,0.29,0.29,0.003499625684,-0.63,3.015366623,0.8106682298,0.01,98.7412178,1.121779859,0.06791569087,-3086.84,-34.62763466,3.015366623,-2.132125762,0.01373476936,-0.2934345083,-34.62763466,0.01055265448,0.01055265448,0.01055265448,0.003499625684,0,0.004683840749,3.004813969,259.64637,3.036988686,3.036988686,-0.004786771105,0.01302763272,1.121779859,0.3316165926,0.0,0.17,-0.5448851775,-0.0005731480155,-0.001614518035,0.002389980773,-0.6707264651,1.44028103,0.9999456049,0.01302763272,0.002014973492,0.2928952187,0.2908278407,3.015366623,417.0,0.0023015475,-45.95193435,260.5995316,-0.01061471908,0.8832408616,3.015366623,-2.55e-05,1.8e-05,0.992880427,1.046704764,-1.480306024,0.02162206266,-0.2966226138,0.01852154047,0.01161399119,-0.005446845422,6.699034141,10.05,0.2298150623,7.002951544,Financial Distress
Reliance Communications Limited,2022,0.4,0.4,0.008181595647,-0.75,2.233404126,0.6468662301,0.01,98.13065844,1.144032922,-0.3621399177,-1202.15,-13.75308642,2.233404126,-1.342326051,0.01228000084,-0.00565637025,-13.75308642,0.01827280947,0.01827280947,0.01827280947,0.008181595647,-13.5,0.004115226337,2.215131316,218.5473251,2.267847005,2.267847005,-0.004878356499,0.01169123368,1.144032922,0.4477281714,0.0,0.31,-0.4136690647,0.001103363869,-0.002193684448,0.003864333693,-0.5590531469,1.45473251,0.9999579452,0.01169123368,0.003393539295,0.398958706,0.3929180729,2.233404126,288.8642534,0.00177094537,-29.85827877,220.1296296,-0.02716643171,0.8910780747,2.233404126,-3.13e-05,1.88e-05,0.9848125209,1.058744506,-1.76157227,0.03444287907,-0.318627451,0.01715835734,0.01021974556,-0.007613139715,5.131407472,7.33,0.1472360633,9.050277908,Financial Distress
Reliance Communications Limited,2021,0.43,0.43,0.008289677044,-0.57,2.083427424,0.6047223437,1.58,71.61883408,1.136023916,-0.5440956652,-764.6,-8.686098655,2.083427424,-1.192928533,0.01628821143,-0.003638188433,-8.686098655,0.01727094049,0.01727094049,0.01727094049,0.008289677044,-0.1034482759,0.04334828102,2.066156484,148.941704,2.12098022,2.12098022,-0.004181825785,0.01589093798,1.136023916,0.4796872805,0.0,0.29,0.3513157895,0.003233502238,-0.001906826439,0.00354398269,-0.5285198841,1.366218236,0.9993936353,0.01589093798,0.005540330054,0.4271291223,0.4198525208,2.083427424,232.9877551,0.001853348844,-24.94665501,150.3916293,-0.03349996269,0.8904988918,2.083427424,-0.0005082993007,0.0002910419301,0.9822946036,1.064183392,-1.858576438,0.03755279555,-0.2236976507,0.02047003722,0.01399669435,-0.01172593904,6.623436776,5.98,4.203910403,-5.83105322,Financial Distress
Reliance Communications Limited,2020,0.45,0.45,0.005907586192,-0.64,1.957229167,0.568200493,3.51,39.17220339,1.142372881,-0.3518644068,-2532.99,-28.93627119,1.957229167,-1.074916667,0.036125,-0.4074583333,-28.93627119,0.0115625,0.0115625,0.0115625,0.005907586192,-0.96875,0.02169491525,1.945666667,63.69288136,1.996666667,1.996666667,-0.01214583333,0.03510416667,1.142372881,0.5105857558,0.0,1.13,-0.2314540059,0.0001982470785,-0.006056606384,0.01189381271,-0.4991652755,1.382372881,0.9993333333,0.03510416667,0.01149833055,0.4504561082,0.4418927379,1.957229167,91.53900709,0.005936978297,-21.19802794,64.6,-0.03956939799,0.8823125,1.957229167,-0.0006202031165,0.0003406175823,0.9802483306,1.078511706,-1.963775084,0.0394375,-0.2727665084,0.04827083333,0.03074966644,-0.0285874874,3.729505735,8.0,6.894875427,3.871436941,Financial Distress
Reliance Communications Limited,2019,0.66,0.66,0.01407182934,-7.24,0.9866781136,0.161508817,5.94,20.34001145,1.149112765,-0.0718374356,-179.82,-2.066399542,0.9866781136,-0.3359927766,0.06207999053,-0.1039107138,-2.066399542,0.01388436603,0.01388436603,0.01388436603,0.01407182934,-0.253968254,0.01803091013,0.9727937476,19.07784774,1.057106486,1.057106486,-0.006690547382,0.05943041535,1.149112765,1.012556632,0.0,-28.88,0.05603985056,0.005236921698,0.02959884785,-0.511404873,-0.05402150779,1.383800801,0.999067468,0.05943041535,0.02986725664,0.6585256083,0.615534334,0.9866781136,16.97390007,-0.007603338188,-2.65082331,20.17115054,-1.233281493,0.650685337,0.9866781136,-0.002775452663,0.000945122866,0.9333762742,5.883618455,-17.27786418,0.07042837266,-0.1358157555,0.06877053791,0.05176679754,-0.1539274858,3.938826467,5.27,5.36166639,6.453851345,Financial Distress
Reliance Communications Limited,2018,0.87,0.86,0.01410114715,13.03,0.7036659605,0.07878097408,6.15,20.92042727,1.102496399,-0.2522803649,-520.61,-5.739798368,0.7036659605,-0.09411622731,0.06280672584,-0.3372710451,-5.739798368,0.009922497251,0.009922497251,0.009922497251,0.01410114715,-1.974683544,0.01896303409,0.6937434632,12.59673548,0.9582316501,0.9582316501,-0.0001072702406,0.06158652686,1.102496399,1.419623461,0.0,0.8,-0.04528630525,0.01348949806,0.000152444834,0.002568218299,0.04358899011,1.27556409,0.9989407064,0.06158652686,0.03948896632,0.864743321,0.6361193905,0.7036659605,6.182926829,0.02455816297,-0.3998291085,16.9762362,6.09470305,0.6095497332,0.7036659605,-0.01125516455,0.001505392736,0.7343380491,-2.25329053,16.84686998,0.2545656896,-0.02109974425,0.06291399608,0.05592021369,-0.5935318421,3.328173375,5.33,5.327608862,6.795383419,Bankrupt
Reliance Communications Limited,2017,0.36,0.35,0.03660431814,1.12,0.3613119291,0.01772458503,6.57,16.62180955,1.072316754,-0.3432591623,-19.62,-0.2104057592,0.3613119291,-0.2308910971,0.06654901686,-0.03733041883,-0.2104057592,0.0132255768,0.0132255768,0.0132255768,0.03660431814,0.114893617,0.03844895288,0.3480863523,5.895615183,0.709528632,0.709528632,0.001524099829,0.06571677813,1.072316754,2.761170006,0.0,0.63,0.03829722307,-0.005483168932,0.001720597214,0.002140218855,0.4093863938,1.20664267,0.9976436614,0.06571677813,0.06113450722,0.354443026,0.1838133461,0.3613119291,18.41805226,0.03275769481,-0.3280900477,11.36174738,1.198798716,0.130420832,0.3613119291,-0.01020541104,0.006521618471,0.5092281168,-0.7948841865,1.24388139,0.3482167029,0.01063993832,0.06502491703,0.06142960521,-0.2654275416,4.948216341,5.36,6.232711415,8.256305502,Bankrupt
Reliance Communications Limited,2016,0.42,0.42,0.05506576095,1.06,0.2675198639,0.01636820568,21.22,4.013065161,1.046160821,0.1558339859,2.99,0.02711948234,0.2675198639,-0.1538364877,0.2160960427,0.1176368241,0.02711948234,0.01473118487,0.01473118487,0.01473118487,0.05506576095,-0.9278846154,0.008572723901,0.252788679,1.140666859,0.69198871,0.69198871,0.002223210316,0.2122102577,0.9048345217,3.730524642,0.0,0.84,-0.01607375015,0.1970414449,-0.007154213037,-0.006213714106,0.4451102823,1.230968965,0.9979894446,0.2453554237,0.1508751344,0.417437491,0.1642850159,0.2675198639,2.877052106,0.2096690832,-0.2094051394,2.887730289,1.378095089,0.1136833762,0.2675198639,-0.01306943135,0.007515536927,0.386595706,-0.4994508081,0.8685391495,0.4244688461,-0.01730995209,0.2138728324,0.2350018403,-1.524536601,4.906973441,5.42,7.556488414,7.996253786,Bankrupt
Reliance Communications Limited,2015,0.9,0.88,0.06729436505,0.84,0.2292077473,0.01836840162,23.84,,1.042573159,0.1147513011,2.84,0.02644825527,0.2292077473,-0.02336663599,0.2420796635,,0.02644825527,0.02933701415,0.02933701415,0.01542438982,0.06729436505,,0.01710604897,0.2137833574,0.8925432984,0.5788089917,0.5788089917,0.01036326191,0.2384864817,0.9286750277,4.343688764,0.0,1.01,0.03698854337,0.0597509274,0.06079434116,0.03308364544,0.7276856689,1.205400563,0.9956071163,0.2677358573,0.2058255735,0.8788892606,0.355628738,0.2292077473,0.5262720665,0.2505677947,-0.03149501661,2.193840116,0.8300301706,0.2058411113,0.2292077473,-0.1879981247,0.01916551164,0.3959989401,-0.05547752809,0.5441895547,0.3496012445,0.01281202723,0.2317164016,0.2579360276,-10.99015471,6.665656719,5.44,6.69517609,7.410227605,Probable Bankrupt
Euro Ceramics Limited,2019,0.02,0.01,0.001242899934,-0.09,3.055367789,0.2220467259,8.18,15.69074675,1.166125541,1.166125541,-2044.68,-23.84253247,3.055367789,-3.008886188,0.09672274333,-0.2022936999,-23.84253247,0.003797516424,0.003797516424,0.003797516424,0.001242899934,-3.332129964,0.2997835498,3.051570273,43.53733766,3.068924923,3.068924923,-0.1499259484,0.08183647894,1.166125541,0.320407174,0.0,7.21,0.0,0.0,-0.04889568341,0.0722086599,-0.6741529933,0.9442640693,0.978961759,-0.00751908252,0.0,0.008327429559,0.01514589056,3.055367789,-774.631068,0.02649293439,-5.214412636,43.67640693,-0.006552743158,0.04648160103,3.055367789,-0.006992036147,0.006885665635,0.9955824486,1.454323526,-1.476790074,0.01355713363,-0.6682063125,0.2466486918,0.07168625626,-0.02332361516,3.938826467,5.27,5.36166639,6.453851345,Bankrupt
Euro Ceramics Limited,2018,0.11,0.05,0.0008440853732,-0.52,1.309696778,0.1966888189,6.13,20.2947494,1.210023866,1.210023866,-150.3,-1.741050119,1.309696778,-1.168825016,0.06651926721,-0.1487049905,-1.741050119,0.001105495894,0.001105495894,0.001105495894,0.0008440853732,-0.37875,1.431980907,1.308591282,24.74045346,1.329090335,1.329090335,-0.1014845231,0.06130764371,1.158114558,0.705655372,0.0,32.31,-0.0641025641,-0.006083794767,-0.06456047269,0.2569344467,-0.2476056941,1.153341289,0.9241945673,-0.001231838282,0.0,0.04968045339,0.105991112,1.309696778,153.3268482,0.03545711638,-2.157222805,25.08591885,-0.0589307995,0.1408717625,1.309696778,-0.06485610053,0.05788013988,0.9854083985,3.551684423,-3.979748536,0.01939355654,-0.6363978191,0.1680037903,0.05727956254,-0.04529117687,3.328173375,5.33,5.327608862,6.795383419,Bankrupt
Euro Ceramics Limited,2017,0.15,0.07,0.003556910569,-0.84,1.19049714,0.175127167,2.96,50.5125,1.560526316,1.560526316,482.02,6.838157895,1.19049714,-1.01066872,0.03519577651,-0.1111691597,6.838157895,0.004234491861,0.004234491861,0.004234491861,0.003556910569,0.01178603808,4.353947368,1.186262648,56.96842105,1.20625275,1.20625275,-0.08545974483,0.02964144303,1.418421053,0.7635578344,0.0,44.02,-0.3431703204,-0.4906881853,-0.07178492239,0.414344754,-0.1709863457,2.236842105,0.9090134184,-0.007424109107,0.0,0.07462583149,0.1490802161,1.19049714,42.62234043,0.02703503613,-1.907816879,57.51973684,-0.07638981469,0.1798284206,1.19049714,-0.09002611818,0.07642738359,0.9869383847,4.900146647,-5.772030396,0.01575560933,-0.7543299909,0.1206555213,0.02298920113,-0.02067689629,4.948216341,5.36,6.232711415,8.256305502,Bankrupt
Euro Ceramics Limited,2016,0.19,0.13,0.009886385587,-0.24,1.409195516,0.1177661431,13.87,7.605138484,1.112244898,1.112244898,-30.65,-0.313228863,1.409195516,-1.143228329,0.143030363,-0.06562569597,-0.313228863,0.01393185024,0.01393185024,0.01393185024,0.009886385587,-0.1449541284,0.595845481,1.395263666,10.37663994,1.490633738,1.490633738,-0.08022568113,0.1387246047,1.021501458,0.6522029255,0.0,19.15,0.03276539974,0.005461668714,-0.08367429364,0.2403288445,-0.3291443939,1.106413994,0.9190814382,0.08354160996,0.0,0.1313150824,0.1784255785,1.409195516,84.70719178,0.1266144294,-1.612530541,10.87372449,-0.165985777,0.2659671872,1.409195516,-0.07078075283,0.05742181326,0.945366712,2.330105412,-2.872194482,0.08143822227,-0.3786300155,0.2232560441,0.1477612342,-0.11879045,4.906973441,5.42,7.556488414,7.996253786,Probable Bankrupt
Euro Ceramics Limited,2015,0.19,0.12,0.006449320423,-0.27,1.307038525,0.1076304708,11.73,10.02422145,1.118868309,1.118868309,-122.78,-1.262365154,1.307038525,-1.059981887,0.1239811439,-0.2873000023,-1.262365154,0.008429510252,0.008429510252,0.008429510252,0.006449320423,-0.008814102564,0.7620598412,1.298609015,11.45634032,1.420500197,1.420500197,-0.06153774702,0.117293268,1.028088744,0.6985697788,0.0,19.51,0.004911770056,0.002321361429,-0.04708181576,0.1463441573,-0.2960226251,1.220028496,0.9130576133,0.07217332745,0.0,0.1225015546,0.1739222834,1.307038525,45.68917669,0.0898628435,-1.456105653,12.37695909,-0.2698254915,0.2470566379,1.307038525,-0.08202252114,0.06651861064,0.9201255497,2.520764303,-3.108294676,0.1134616724,-0.3680060083,0.1855188909,0.1249523131,-0.1076326513,6.665656719,5.44,6.69517609,7.410227605,Probable Bankrupt
Euro Ceramics Limited,2014,0.25,0.18,0.005949956615,-0.84,1.018688554,0.08393870037,14.1,7.61818541,1.117197788,1.117197788,-45.47,-0.4683961022,1.018688554,-0.7634346532,0.1536574366,-0.08721926581,-0.4683961022,0.006061152701,0.006061152701,0.006061152701,0.005949956615,-0.235107228,0.4973663418,1.012627401,7.436265473,1.108559574,1.108559574,-0.06420131686,0.1411021918,1.030023703,0.9147704131,0.0,327.5,-0.003536067893,0.01436870454,-0.0630589152,0.5917248255,-0.0979284982,0.8943903081,0.9318661495,0.0690358077,0.0,0.1836872023,0.2302572698,1.018688554,-57.47880299,0.1380892715,-1.052865957,8.048064261,-0.827849784,0.255253901,1.018688554,-0.08924647338,0.0668838873,0.9189299139,7.032402792,-9.383682286,0.08987102011,-0.3484309017,0.2178587535,0.1470053041,-0.179438104,10.01787847,5.44,3.865992884,6.386106401,Probable Bankrupt
Euro Ceramics Limited,2013,0.61,0.42,0.01458981105,-13.89,0.4162269786,0.06614668919,14.98,7.727612383,1.206143992,1.206143992,-125.21,-1.34100344,0.4162269786,-0.16271777,0.1511531442,-0.1619877219,-1.34100344,0.006072672972,0.006072672972,0.006072672972,0.01458981105,-0.5131832797,0.5533151465,0.4101543056,2.975447752,1.061772026,1.061772026,-0.18765555,0.149809192,1.070928715,2.216574982,0.0,-16.91,-0.05497099026,0.06308502492,-0.4510483935,3.039215686,-0.05817823824,1.181235915,0.9225983076,0.1157126265,0.0,0.4231045204,0.2387604894,0.4162269786,9.471204188,0.1589861391,-0.2269771102,7.546791602,-10.45044319,0.2535092086,0.4162269786,-0.4756806363,0.1859602966,0.3920116263,2.634165995,-6.738114424,0.6455450473,-0.5516160627,0.3388086942,0.1516230555,-0.8596920567,9.478996914,5.42,2.473521635,5.456388753,Probable Bankrupt
Euro Ceramics Limited,2012,0.96,0.66,0.04026115343,7.26,0.328059629,0.0575541135,26.48,4.201294681,1.144722769,1.144722769,-55.55,-0.5800168871,0.328059629,-0.01158025502,0.270058401,-0.1314523153,-0.5800168871,0.01320805906,0.01320805906,0.01320805906,0.04026115343,-0.4662133447,0.3973543484,0.31485157,1.29327329,0.8992046607,0.8992046607,-0.1466023161,0.2648322933,1.044019139,2.740979325,0.0,-21.89,0.01711250983,0.0416997491,-0.4452230686,-1.449072107,0.11209388,0.9088657473,0.8992046607,0.1887538732,0.0,0.6574537541,0.351954775,0.328059629,-4.861025324,0.3223234986,-0.01766038065,3.492766676,5.66638334,0.316479374,0.328059629,-8.704069051,0.3072470076,0.3648331057,-0.1148887944,3.254710299,0.5711450316,-0.3602124743,0.4166607171,0.2821005494,-21.90505549,8.911793365,5.41,1.317979708,5.241315001,Probable Bankrupt
Euro Ceramics Limited,2011,0.96,0.61,0.01934313923,2.68,0.3757997956,0.03497862417,52.61,,1.061805972,1.061805972,6.85,0.06852140544,0.3757997956,-0.01544693901,0.5284392786,,0.06852140544,0.007269147768,0.007269147768,0.007269147768,0.01934313923,,0.2482312028,0.3685306478,0.7141863533,0.780878103,0.780878103,0.03719128207,0.52616767,0.9999520326,2.313419303,0.0,5.77,-0.001264907842,0.1665750857,0.1020216267,0.1749697633,0.2806096063,0.8533876964,0.869382501,0.4129910776,0.0,0.6113237961,0.4614713298,0.3757997956,-1.893342058,0.7140248238,-0.02503733099,1.470200264,1.848643668,0.3603528565,0.3757997956,-8.455882353,0.347572033,0.4812528282,-0.07049473017,1.715026205,0.4050783074,0.07830241998,0.4912479966,0.6052490238,-34.06454248,11.98938992,5.43,-1.983859222,8.497584702,Probable Bankrupt
Pratibha Industries Limited,2019,0.29,0.12,0.004972046559,-0.88,2.404456658,0.1254831839,12.52,9.867531758,1.055429586,-0.9920502664,-406.35,-4.288867641,2.404456658,-1.698926021,0.142696032,-0.3411132572,-4.288867641,0.01195507045,0.01195507045,0.01195507045,0.004972046559,-0.09834963048,3.615189182,2.392501588,20.26903428,2.405412675,2.405412675,-0.5087759097,0.1252025459,1.055429586,0.2375341668,0.0,18.03,-0.01835171093,-0.05567448935,-0.2115970391,0.3620117555,-0.5842709194,0.7807949734,0.571140609,0.08027624023,0.05048750881,0.1150660154,0.2933096035,2.404456658,-81.82639581,0.001562830502,-13.78529543,20.17631471,-0.0006802391675,0.7055306379,2.404456658,-0.2524297031,0.1783602085,0.999602556,1.208844954,-1.710854542,0.0009560167481,-0.8078159044,0.6514719417,0.2077020847,-0.06982475617,3.938826467,5.27,5.36166639,6.453851345,Bankrupt
Pratibha Industries Limited,2018,0.39,0.18,0.01158470679,-1.2,1.656619868,0.06256801584,23.74,5.484474021,1.045469707,-0.9137302159,-287.08,-3.035248168,1.656619868,-1.011652128,0.2999782519,-0.4634874224,-3.035248168,0.01919145543,0.01919145543,0.01919145543,0.01158470679,-1.297222547,1.563884615,1.637428413,7.376281727,1.657320639,1.657320639,-0.6817751251,0.2374453278,1.057251375,0.3916234781,0.0,76.55,0.009879897496,-0.01444049638,-0.4116042529,1.037350332,-0.3966164564,0.9883797248,0.6487712346,0.2104269869,0.1327478789,0.1773122372,0.3891629207,1.656619868,-522.2231481,0.008984484923,-5.489150245,7.293949925,-0.001066102,0.6449677404,1.656619868,-0.3471833408,0.2120153043,0.9995771664,1.539054257,-2.520261452,0.0007007708479,-0.7608367649,0.981753377,0.3461734722,-0.2220006115,3.328173375,5.33,5.327608862,6.795383419,Bankrupt
Pratibha Industries Limited,2017,0.89,0.28,0.02973389096,14.34,0.9072692298,0.05525770331,27.85,4.144625983,1.061698123,-0.2587838357,-49.61,-0.5359484238,0.9072692298,-0.1010823351,0.2856539005,-0.137835495,-0.5359484238,0.02697664435,0.02697664435,0.02697664435,0.02973389096,-0.003195577106,2.137692386,0.8802925855,3.517849369,0.9601079858,0.9601079858,-0.154644299,0.2785753796,1.0801493,0.4945384131,0.0,-56.88,0.001736686908,-0.1074164839,-0.1885512326,-4.288245033,0.04154950772,0.6298816871,0.4486794852,0.1533085109,0.1773541425,0.2809159305,0.8396835634,0.9072692298,-6.834650845,0.1249443226,-0.7088896351,3.618127225,1.324544702,0.8061868947,0.9072692298,-5.454172724,0.6076702446,0.9449658197,-2.533899007,22.74312914,0.05283875602,-0.3781107028,0.4402981994,0.5748079018,-2.551430112,4.948216341,5.36,6.232711415,8.256305502,Bankrupt
Pratibha Industries Limited,2016,0.99,0.39,0.04214534542,4.53,0.8056356505,0.0198487527,59.87,1.563790733,1.037184255,0.714032898,0.87,0.009124535735,0.8056356505,-0.005788600708,0.6036716765,0.2073636689,0.009124535735,0.03395379277,0.03395379277,0.03395379277,0.04214534542,0.2910922303,0.8480602766,0.7716818577,1.405578524,0.90316102,0.90316102,0.01165556302,0.5987914899,1.044701111,0.6379027116,0.0,1.97,-0.01058423203,-0.09199042386,0.0224416129,0.1866992343,0.1072222758,0.1594034113,0.513917166,0.0825829726,0.1025402487,0.3894616823,0.8856084707,0.8056356505,-1.020893446,0.5485716122,-0.03917697898,1.51649075,1.007087947,0.7998470498,0.8056356505,-83.97242417,0.603353183,0.8920177384,-0.05977552335,8.319332264,0.09752536957,0.004167013918,0.5920161135,1.115296755,-99.01704688,4.906973441,5.42,7.556488414,7.996253786,Probable Bankrupt
Pratibha Industries Limited,2015,1.12,0.49,0.05552179674,2.42,0.6839144221,0.01869617103,57.95,1.641654752,1.05852262,0.5729956298,1.39,0.01486417222,0.6839144221,0.08344317999,0.5835054264,0.217423144,0.01486417222,0.03797215753,0.03797215753,0.03797215753,0.05552179674,0.3943990567,0.8007364644,0.6459422646,1.259694758,0.8745404748,0.8745404748,0.01659416787,0.5795308083,1.067431681,0.8265121197,4.58,2.55,0.009913764268,0.02572181005,0.03247895279,0.1770517161,0.1434576544,0.2447631444,0.5652635587,0.1220542789,0.1507092496,0.4863490959,0.8774409238,0.6839144221,-0.8567422879,0.5000041868,0.4216398235,1.540866357,1.519422718,0.7673576021,0.6839144221,5.209969722,0.6356591222,0.7820271809,0.6651003969,5.451275391,0.1906260527,0.01372167825,0.5669112585,0.9604736426,6.506472421,6.665656719,5.44,6.69517609,7.410227605,Probable Bankrupt
Pratibha Industries Limited,2014,1.06,0.55,0.04791198987,1.76,0.6502844737,0.0172275641,53.84,1.748555472,1.077162547,0.3998830227,0.66,0.007259194272,0.6502844737,0.04183120602,0.5428441758,0.2655244049,0.007259194272,0.03115642312,0.03115642312,0.03115642312,0.04791198987,0.2897514707,0.6783077917,0.6191280506,1.311126519,0.848838243,0.848838243,0.008936592304,0.5384694565,1.085681133,1.020441202,13.13,1.02,-0.01873308636,0.182768761,0.02163198642,0.09305888726,0.1780807571,0.6367336928,0.6635770699,0.3053834781,0.197866283,0.5469802279,0.815368164,0.6502844737,-1.63507109,0.4254728655,0.1524225996,1.64863896,1.313518533,0.6921156797,0.6502844737,8.042391365,0.5173473206,0.7660876252,0.2767314091,4.301911321,0.1985537693,0.000613437793,0.5339075835,0.747424643,11.85655165,10.01787847,5.44,3.865992884,6.386106401,Probable Bankrupt
Pratibha Industries Limited,2013,1.17,0.6,0.07970507779,2.23,0.5693759635,0.02254498399,69.09,1.380017843,1.076342993,0.3088160531,3.81,0.04121933471,0.5693759635,0.0978481061,0.6950496248,0.2361955178,0.04121933471,0.04538215546,0.04538215546,0.04538215546,0.07970507779,0.3867610488,0.5090762284,0.523993808,0.8909706231,0.7983411688,0.7983411688,0.03804991782,0.6909312133,1.081182651,1.184936143,7.33,6.11,-0.01460053438,-0.08584286877,0.08739140407,0.2467462724,0.2525973093,0.5764576293,0.6746741582,0.3585120208,0.3071926717,0.600478857,0.8357630743,0.5693759635,-0.8404391777,0.5397256667,0.342692681,1.178244963,1.135408769,0.6672240696,0.5693759635,3.324804687,0.5713726302,0.7131987999,0.4852160728,2.823461587,0.2289652053,0.04594485841,0.656999707,0.9471999547,6.531054687,9.478996914,5.42,2.473521635,5.456388753,Probable Bankrupt
Pratibha Industries Limited,2012,1.12,0.67,0.1380280078,1.67,0.5827623738,0.02613013834,69.64,1.246959548,1.068402971,0.2701891766,4.85,0.05188440845,0.5827623738,0.06813566249,0.6989170187,0.3743937682,0.05188440845,0.08127155433,0.08127155433,0.08043752945,0.1380280078,0.3945876906,0.4007126909,0.5023248444,0.8940432093,0.7674655235,0.7674655235,0.04612157581,0.6964316246,1.068428561,1.267762456,7.35,8.1,0.03873629499,0.03986111639,0.1002597551,0.2512643019,0.3029901271,0.5984620207,0.7388042585,0.380590573,0.338971631,0.6687156075,0.848113715,0.5827623738,-0.7376202919,0.5524155206,0.2146507442,1.054002009,0.794304365,0.6508980363,0.5827623738,3.83346594,0.4482028237,0.7593336195,0.2930131631,2.506133209,0.1847031497,0.06336997975,0.6527954429,0.8822742513,9.566619744,8.911793365,5.41,1.317979708,5.241315001,Probable Bankrupt
Pratibha Industries Limited,2011,1.35,0.87,0.1606366314,0.86,0.5318922018,0.05370885427,84.79,,1.056591757,0.109023085,5.61,0.05908139718,0.5318922018,0.1857073343,0.8488278308,,0.05908139718,0.08544137154,0.08544137154,0.08544137154,0.1606366314,,0.3136450484,0.4464508302,0.6600028122,0.6777317842,0.6777317842,0.0645176342,0.8479346225,1.052166649,1.40486246,8.35,10.17,0.04881676491,0.06604441647,0.1530797669,0.2526526982,0.4755099632,0.7310940356,0.747235387,0.5778391025,0.563379035,0.8739269378,1.058825265,0.5318922018,-0.3094337301,0.668076401,0.7523020009,0.7349484289,0.4525410056,0.7175995361,0.5318922018,1.36109117,0.4752177455,0.7848122431,0.5762508532,1.650464351,0.1458395825,0.07774746522,0.7843101966,1.078500638,4.339590811,11.98938992,5.43,-1.983859222,8.497584702,Probable Bankrupt
Gujarat NRE Coke Limited,2018,0.2,0.17,0.002193863133,-5.5,0.7694213576,1.517699966,16.22,6.819822209,1.050117978,1.050117978,-75.32,-0.7815295129,0.7694213576,-0.6172434018,0.1623489021,-0.1334468207,-0.7815295129,0.00168800515,0.00168800515,0.00168800515,0.002193863133,-1.516552511,0.1602312012,0.7677333524,4.919097876,1.122237322,1.122237322,-0.1222430441,0.1622974036,1.037606775,1.267104696,0.0,-10.41,0.0,0.0,-0.1588765933,1.000046811,-0.1089228808,0.3536975728,0.9749374151,0.03896144768,0.0,0.1652090491,0.1356022945,0.7694213576,-6.353710307,0.1463632887,-1.976003151,7.163944321,-2.886319485,0.1521779558,0.7694213576,-0.04060405484,0.0325732899,0.6856137667,5.049549444,-6.294488005,0.3528159645,-0.4297189159,0.2845919462,0.1604360776,-0.2534091647,3.328173375,5.33,5.327608862,6.795383419,Bankrupt
Gujarat NRE Coke Limited,2017,0.32,0.22,0.005111862886,10.46,0.5402051655,1.354388374,12.67,8.081980775,1.06604554,0.8412976678,-134.57,-1.33117318,0.5402051655,-0.3663597262,0.1280668807,-0.07137376063,-1.33117318,0.002761454736,0.002761454736,0.002761454736,0.005111862886,-0.513994103,0.4342302238,0.5374437107,4.215490072,0.9355803598,0.9355803598,-0.1705867208,0.1267568304,0.9891467066,1.748140291,0.0,-40.28,0.00203248277,-0.03077861146,-0.3157813581,-2.648054543,0.068855272,0.2841750709,0.9443544153,0.0213192383,0.01539200371,0.2188054875,0.1858156143,0.5402051655,-4.600451281,0.1306256357,-1.186307685,7.279250709,6.137494612,0.1738454393,0.5402051655,-0.1518878324,0.1030082425,0.5774011391,-5.687081227,8.385721563,0.3953751944,-0.575572403,0.2986536015,0.1356986873,-0.3497864131,4.948216341,5.36,6.232711415,8.256305502,Bankrupt
Gujarat NRE Coke Limited,2016,0.57,0.35,0.006393346761,2.79,0.3626155629,1.274958759,17.23,6.07790898,1.046966704,0.9199759073,-112.01,-1.147693687,0.3626155629,-0.1558839329,0.19324104,-0.04459481109,-1.147693687,0.002318327035,0.002318327035,0.002318327035,0.006393346761,-2.537991371,0.4675099102,0.3602972359,2.15587399,0.7734447889,0.7734447889,-0.2769906042,0.1723360443,1.024596938,2.540887532,0.0,-30.59,0.00375949909,0.10107407,-1.016944968,-1.627683028,0.2929171084,0.7907299239,0.9213653627,0.1177092856,0.0138081661,0.3532583978,0.2672868614,0.3626155629,-6.662650602,0.3325230593,-0.5247446228,4.584611506,1.813373544,0.2067316301,0.3626155629,-0.504443504,0.2168540056,0.4688318651,-0.6880615641,1.600561564,0.410829226,-0.6335081944,0.4702316442,0.1825539292,-1.079000665,4.906973441,5.42,7.556488414,7.996253786,Bankrupt
Gujarat NRE Coke Limited,2015,1.65,0.81,0.004852170538,3.17,0.3137613562,0.5909879648,8.54,12.16694288,1.130510441,0.6787923986,-84.39,-0.8833001878,0.3137613562,0.2054911,0.1068560938,0.01299134812,-0.8833001878,0.002562182546,0.002562182546,0.001522423608,0.004852170538,0.1721825141,3.261628549,0.3122389325,3.84247597,0.7958148011,0.7958148011,-0.09605478018,0.08546773364,1.046679925,2.338300518,0.0,-13.12,-0.06481956559,-0.04400553222,-0.4059146162,-0.6237490335,0.2565737639,0.2032924539,0.7336683417,0.002645633915,0.02317467875,0.8060928885,0.6524790133,0.3137613562,-0.9352031618,0.1321611373,0.7252053617,9.727295326,2.360863802,0.5192524562,0.3137613562,1.296073933,0.8488351197,0.3942642883,1.00639567,1.536650834,0.482053445,-0.5787917523,0.2029108739,0.1112982957,0.397370183,6.665656719,5.44,6.69517609,7.410227605,Bankrupt
Gujarat NRE Coke Limited,2014,1.79,1.01,0.02668912146,2.35,0.2849441971,0.4503991615,21.3,7.426047898,1.047595396,0.8844451163,-52.59,-0.5294663874,0.2849441971,0.2251080866,0.3055446377,-1.143222764,-0.5294663874,0.007604910286,0.007604910286,0.007604910286,0.02668912146,-0.8495376054,1.055477574,0.2773392869,1.346394714,0.7356196814,0.7356196814,-0.1636952369,0.2130631701,1.00674844,2.725530294,0.0,-16.86,-0.08443445816,-0.2133537942,-0.7938890894,-0.8556389158,0.3593981039,0.1941499125,0.7766240414,0.02708106725,0.02346885523,1.006078832,0.6933641074,0.2849441971,0.01015636515,0.3629083363,0.7072193665,3.439955082,1.704648389,0.5100522838,0.2849441971,0.9923053497,0.7839287862,0.3873526013,0.8514555387,1.077781427,0.4506754842,-0.5459397599,0.4692398746,0.2725063261,0.9401482083,10.01787847,5.44,3.865992884,6.386106401,Probable Bankrupt
Gujarat NRE Coke Limited,2013,0.89,0.37,0.03303576293,2.32,0.3718018979,0.110117926,22.77,4.138723983,1.060036744,0.7510307599,-1.48,-0.01499974024,0.3718018979,-0.04259942425,0.229325088,0.1313125067,-0.01499974024,0.01228275936,0.01228275936,0.01228275936,0.03303576293,0.09909511272,0.8538706036,0.3595191385,1.646915749,0.6772992856,0.6772992856,-0.001088602196,0.2277790809,1.008959228,2.17113787,0.0,-0.25,0.01080423615,0.03479635224,-0.01892673918,-0.02180657567,0.47645217,1.013630117,0.8072331805,0.1945655187,0.05149872725,0.3669579282,0.4860517065,0.3718018979,76.48995149,0.3106138005,-0.07069189734,2.945725121,0.9466895305,0.3292024736,0.3718018979,-4.525103869,0.5184664753,0.5489477189,-0.1320090795,1.152157034,0.3054973878,-0.0114342565,0.2304136902,0.2796669942,-5.299519447,9.478996914,5.42,2.473521635,5.456388753,Probable Bankrupt
Gujarat NRE Coke Limited,2012,0.89,0.35,0.02983033281,2.22,0.3742178506,0.1203634021,17.16,5.743011278,1.135221297,0.5083306185,-5.95,-0.06464373807,0.3742178506,-0.04231646337,0.1730326901,0.182490899,-0.06464373807,0.01740428258,0.01740428258,0.01116304302,0.02983033281,0.3206164047,1.263399575,0.3630548075,2.364926079,0.6906358086,0.6906358086,0.009610404275,0.1716359289,1.084679108,2.138016537,-29.25,-1.93,-0.250418503,0.07661412145,0.03556352926,0.04301890086,0.4479411399,0.9634274988,0.800083953,0.1339589711,0.07181574224,0.3526965375,0.4805736729,0.3742178506,-41.85726405,0.1829284331,-0.07187365147,4.294030499,1.022800851,0.3319013872,0.3742178506,-4.72430896,0.5342237062,0.5418454211,-0.1367852665,1.209635313,0.3164179581,0.05026023868,0.1634222858,0.1977749892,-3.739362474,8.911793365,5.41,1.317979708,5.241315001,Probable Bankrupt
Gujarat NRE Coke Limited,2011,1.34,0.71,0.2606136913,1.39,0.2635322096,0.1595168823,27.23,3.615182073,1.134107495,0.7592325491,7.42,0.08268018585,0.2635322096,0.09004007153,0.3002992227,0.2313338608,0.08268018585,0.07963859058,0.07963859058,0.06868010191,0.2606136913,0.191608379,0.6791792744,0.1948521077,1.077328161,0.5919295438,0.5919295438,0.0280755909,0.2723047057,1.113190408,3.164173237,52.88,2.22,0.1594228781,0.04489930503,0.1228692858,0.07934907781,0.6893902501,1.068428579,0.8338615648,0.2287259837,0.07745903718,0.7112369536,0.5973215644,0.2635322096,4.546237331,0.3839420687,0.1714004813,2.139060572,0.8047564561,0.3535722811,0.2635322096,1.845161075,0.6304293332,0.4452087455,0.2206483468,0.6458007572,0.3283973342,0.0002978209434,0.2722236318,0.293353811,2.716751151,11.98938992,5.43,-1.983859222,8.497584702,Probable Bankrupt
Gujarat NRE Coke Limited,2010,1.49,0.81,0.1236552201,1.42,0.2572635099,0.1831358695,28.11,,1.163836053,0.9686908078,0.43,0.004990051731,0.2572635099,0.1255466554,0.3204870531,,0.004990051731,0.03181197593,0.03181197593,0.03181197593,0.1236552201,,0.7119379228,0.225451534,1.048253084,0.6211333712,0.6211333712,0.0093812808,0.2811649742,1.145642658,3.207898993,275.37,0.52,0.02688804398,-0.02508128777,0.06779133419,0.04603265437,0.6099601894,0.8358615201,0.8252753542,0.181795276,0.03855273171,0.8088419518,0.6163091262,0.2572635099,-1.220810706,0.4083256291,0.2362838332,2.40126542,0.9604167633,0.3828101653,0.2572635099,1.391710876,0.6791660656,0.4141840091,0.3313742776,0.6790344948,0.3638698613,-0.09623993119,0.3111057723,0.2973809648,1.954820542,10.88235294,5.55,4.808592108,7.861888833,Probable Bankrupt
BS Limited,2018,0.66,0.64,0.007378199489,-2.83,1.205012683,0.1410100881,29.01,4.375527519,1.021918292,0.8921319517,-178.32,-1.811860624,1.205012683,-0.4039992933,0.2916934843,-0.4991733868,-1.811860624,0.008890823963,0.008890823963,0.008890823963,0.007378199489,-1.264913105,0.09408073532,1.196121859,4.219448066,1.342312498,1.342312498,-0.5179520186,0.2901727685,1.016063103,0.8075698546,0.0,245.03,-0.0561933796,-0.05312912794,-0.4302553307,1.514590131,-0.2550169936,1.06266157,0.9731319174,0.2737477757,0.01380642796,0.6424374764,0.5967413633,1.205012683,24.07722144,0.2039938513,-2.043959903,4.669082392,-0.4010949511,0.8010133899,1.205012683,-0.06650527138,0.02229692933,0.8977139714,1.180206087,-3.520212354,0.1372998145,-0.6416051625,0.8096455028,0.293470367,-0.7068957439,3.328173375,5.33,5.327608862,6.795383419,Bankrupt
BS Limited,2017,1.08,1.03,0.02177621785,5.16,0.7746836935,0.1227797081,92.83,1.185934883,1.007262461,0.8350332031,-17.66,-0.1768681546,0.7746836935,0.06398104265,0.9307156146,-0.1994098979,-0.1768681546,0.01686968087,0.01686968087,0.01686968087,0.02177621785,-1.291269183,0.04377448244,0.7578140126,0.8354280994,0.8815713047,0.8815713047,-0.1667606677,0.9283080653,1.001098447,1.238451759,0.0,-72.78,-0.04384190058,-0.3590611557,-0.218816217,-1.431353734,0.1343381921,0.827384924,0.9594083826,0.7431666849,0.09058052318,1.030192226,0.9513294406,0.7746836935,0.1461253254,0.9720409264,0.4225434329,0.932504505,0.9025482461,0.8386647361,0.7746836935,0.6344319453,0.0523976659,0.8787533003,0.5402494935,6.541351246,0.1068876112,-0.1541429366,1.097476282,0.9665221855,14.49319124,4.948216341,5.36,6.232711415,8.256305502,Bankrupt
BS Limited,2016,1.27,1.15,0.07293231885,1.09,0.6609244007,0.1066437793,150.7,0.6242182277,1.004218367,0.8397276579,1.76,0.017658445,0.6609244007,0.1796233195,1.510329411,0.1191593295,0.017658445,0.04820274913,0.04820274913,0.04820274913,0.07293231885,-0.04281124134,0.05147060536,0.6127216516,0.4386985719,0.7653133916,0.7653133916,0.03850324428,1.50702021,1.000307468,1.395706678,0.0,7.84,0.009973928615,0.05600542905,0.07626142222,0.2147674088,0.3066542557,0.692485436,0.9224565996,1.018693655,0.1619040195,1.15445022,1.098305256,0.6609244007,0.2203378276,1.799400237,1.237512693,0.47599304,0.4448016508,0.8405477202,0.6609244007,0.4317000742,0.1173256734,0.8635996809,0.7653752411,2.816199889,0.1043889909,0.02391182025,1.471826167,1.633200946,8.387312937,4.906973441,5.42,7.556488414,7.996253786,Bankrupt
BS Limited,2015,1.25,1.1,0.05880666771,1.06,0.6393247997,0.09282005825,106.49,0.8051561688,1.008513883,0.7939550685,2.81,0.02810179285,0.6393247997,0.1570673328,1.068615616,0.2834741661,0.02810179285,0.03759656105,0.03759656105,0.03759656105,0.05880666771,0.2829058716,0.08612177319,0.6017282387,0.5997652889,0.7652336389,0.7652336389,0.04509037597,1.0649703,0.9990731155,1.420557719,0.0,8.3,0.004009768716,0.16723848,0.09420158903,0.2565333967,0.3067904352,0.6026842276,0.9081977793,0.6232615027,0.1494385123,1.102084437,1.040717621,0.6393247997,0.1541008588,1.235627008,0.8320670297,0.6826130668,0.5363155037,0.7963921325,0.6393247997,0.5844768548,0.1435924599,0.8354635332,0.6690367907,2.723238528,0.1259088392,0.04047689481,1.02352524,1.173707252,6.786632847,6.665656719,5.44,6.69517609,7.410227605,Probable Bankrupt
BS Limited,2014,1.45,1.28,0.08446475328,1.2,0.5499880458,0.1333819463,129.03,0.7545558111,1.01109241,0.6825772079,3.03,0.03013794846,0.5499880458,0.2469739176,1.293912251,0.04080554675,0.03013794846,0.04645460459,0.04645460459,0.04645460459,0.08446475328,-0.1463931252,0.07076871684,0.5035334412,0.4236401091,0.7156399949,0.7156399949,0.05844217222,1.290348229,0.9939184472,1.651172195,6.23,8.69,-0.02643561798,0.01499494989,0.1413710485,0.2734294038,0.3973506332,0.6277019011,0.9081249687,0.7988579562,0.2979799549,1.282004104,1.113635304,0.5499880458,0.320894063,1.50926113,1.349588309,0.5154544248,0.5825430655,0.7969619634,0.5499880458,0.3720029717,0.1670491422,0.768526144,0.8685255069,1.934125882,0.1656519491,0.04441884223,1.235470078,1.429586907,5.256601905,10.01787847,5.44,3.865992884,6.386106401,Probable Bankrupt
BS Limited,2013,1.33,1.16,0.1351293802,1.09,0.6261230973,0.08632498819,115.01,0.695542999,1.013542929,0.3422882221,3.21,0.03205763034,0.6261230973,0.2096757365,1.154961336,0.3959620668,0.03205763034,0.08460762605,0.08460762605,0.08460762605,0.1351293802,0.1357229583,0.09522780171,0.5415154712,0.5429990499,0.7446931843,0.7446931843,0.05628528699,1.150144336,0.9974512751,1.421756238,3.43,9.88,0.05633453528,0.03902856698,0.1207517474,0.2961356825,0.3428349031,0.8150138496,0.890194419,0.9242612194,0.5196855297,1.159505624,1.122339846,0.6261230973,0.4682047937,1.023740951,1.423870257,0.5724526576,0.4644219417,0.8357988337,0.6261230973,0.5236923587,0.1753737907,0.8407799486,0.8212696395,2.45243393,0.1185700871,0.04684573461,1.098676049,1.295316173,5.499364149,9.478996914,5.42,2.473521635,5.456388753,Probable Bankrupt
BS Limited,2012,1.28,1.01,0.05197348357,0.75,0.597869584,0.09960395138,122.72,0.6769460729,1.017533098,0.3548161665,4.56,0.04536242575,0.597869584,0.165587064,1.232244134,0.3267501559,0.04536242575,0.031073365,0.031073365,0.031073365,0.05197348357,0.3212802345,0.1271266064,0.566796219,0.4837597546,0.6361594933,0.6361594933,0.08073508949,1.227244374,0.9930116085,1.409816857,3.74,13.94,0.008211045229,0.08554705767,0.1763053563,0.2897082872,0.5719328416,0.8312614047,0.8428866177,1.014720983,0.6437374606,1.014173127,1.200102578,0.597869584,0.04063319682,1.294263173,0.7854964265,0.489598944,0.1052381706,0.763456648,0.597869584,0.9488264271,0.2627887193,0.939810834,0.4551089307,1.643218864,0.03828990931,0.06537047994,1.151509045,1.466248449,7.463633729,8.911793365,5.41,1.317979708,5.241315001,Probable Bankrupt
BS Limited,2011,1.52,1.2,0.06319734508,0.6,0.4982325104,0.1361967009,124.24,,1.023243391,-0.1800254598,5.85,0.05803459799,0.4982325104,0.2576971321,1.244754547,,0.05803459799,0.03148697189,0.03148697189,0.03148697189,0.06319734508,,0.1262985611,0.4667455385,0.3972858085,0.5397685159,0.5397685159,0.1092280062,1.242502423,0.9907594735,1.689191509,4.29,14.47,0.01405134015,-0.2312770677,0.2924128855,0.3165572349,0.8526460336,0.8170989521,0.841610126,1.005772849,1.397829302,1.199319105,1.400470054,0.4982325104,0.4329480487,0.9120101405,1.125365702,0.4052988111,0.09025024777,0.7559296425,0.4982325104,0.6146357653,0.3179035304,0.9230484842,0.5599293855,1.082569376,0.04153600547,0.09393201446,1.135526541,1.490109071,4.866530228,11.98938992,5.43,-1.983859222,8.497584702,Probable Bankrupt
Sterling Biotech Limited,2018,0,0.0,0.0,0.0,0.0,0.0,0,14.29491172,1.19986997,1.19986997,-286.71,-3.440288804,0.0,0.0,0.0,0,-3.440288804,0.0,0.0,0.0,0.0,0,0.0,0.0,0.0,0.0,0.0,0.0,0.0,1.19986997,0.0,0.0,0.0,0.0,0.0,0.0,0.0,0.0,1.226970983,0.0,0.0,0.0,0.0,0.0,0.0,0.0,0.0,0.0,0.0,0.0,0.0,0.0,0.0,0.0,0.0,0.0,0.0,0.0,-0.6574378914,0.0,0.0,0.0,3.328173375,5.33,5.327608862,6.795383419,Bankrupt
Sterling Biotech Limited,2017,0.35,0.12,0.00548343633,2.38,0.3695328237,0.005266426627,4.4,24.17044074,1.157354387,1.157354387,-111.95,-1.192839378,0.3695328237,-0.239860971,0.04457163238,-0.0006139969767,-1.192839378,0.002026309711,0.002026309711,0.002026309711,0.00548343633,-0.02023318641,2.033952224,0.367506514,8.929030019,0.6183536024,0.6183536024,-0.07382326223,0.04409647293,1.065504078,2.478328605,0.0,-7.83,0.0007246557885,0.0001838804583,-0.2659579981,-0.2575164096,0.6171976618,1.171640928,0.9158237673,0.01694535906,0.0,0.123116587,0.209705017,0.3695328237,45.6168492,0.1170118458,-0.387738242,14.89233038,0.6519667951,0.1296718527,0.3695328237,-0.3509375967,0.2277909493,0.5976076185,-0.6284900696,0.9682596929,0.2488207787,-0.6275475131,0.1183948946,0.04518942626,-0.1725397443,4.948216341,5.36,6.232711415,8.256305502,Bankrupt
Sterling Biotech Limited,2016,0.42,0.13,0.006576009421,1.95,0.3026726569,0.005027427368,6.26,15.7485033,1.133712228,1.133712228,-85.96,-0.9111079649,0.3026726569,-0.1769546734,0.06361555079,0.1372798802,-0.9111079649,0.001990378244,0.001990378244,0.001990378244,0.006576009421,0.1156188591,1.451256017,0.3006822787,5.117936168,0.5792251879,0.5792251879,-0.08224903172,0.06267658028,1.059807451,3.020336625,0.0,-7.72,-0.001819706349,0.01384216667,-0.365462514,-0.2628852938,0.7264442586,0.9330124186,0.9141733112,0.0138943712,0.0,0.1317968234,0.2170450908,0.3026726569,-66.33182367,0.1647265331,-0.2732356907,9.760547712,0.6572459257,0.1257179835,0.3026726569,-0.4850207519,0.2835627428,0.5225474708,-0.4205448338,0.7193221842,0.2765525309,-0.5703098093,0.1458645825,0.06469188205,-0.3342075734,4.906973441,5.42,7.556488414,7.996253786,Bankrupt
Sterling Biotech Limited,2014,0.38,0.15,0.006291190196,2.93,0.3891976879,0.004906231455,9.24,11.87374854,1.083978026,1.083978026,-68.62,-0.7439052139,0.3891976879,-0.2421314019,0.09298124237,-0.02583004854,-0.7439052139,0.002448516679,0.002448516679,0.002448516679,0.006291190196,-0.2504845801,1.03135158,0.3867491712,4.562313093,0.6472416753,0.6472416753,-0.08750882145,0.09247101918,1.083978026,2.343329415,0.0,-10.38,0.000254891671,0.05481497349,-0.2977948773,-0.3285566054,0.5450179403,0.5293199844,0.9120183902,0.00680898381,0.0,0.151811478,0.2272200503,0.3891976879,-8.221512431,0.1867359289,-0.3150053121,7.558493694,0.7315036081,0.147066286,0.3891976879,-0.363363071,0.226058922,0.6013174102,-0.6863945792,1.103298379,0.2580439873,-0.4876669816,0.1804900638,0.09353659797,-0.3523173651,10.01787847,5.44,3.865992884,6.386106401,Probable Bankrupt
Sterling Biotech Limited,2013,0.29,0.13,0.0035113995,1.8,0.6732037363,0.004832922321,9.7,10.91553234,1.082425119,1.082425119,-55.79,-0.6039433817,0.6732037363,-0.4794582387,0.09762759788,0.04259457239,-0.6039433817,0.002363887263,0.002363887263,0.002363887263,0.0035113995,-0.09630507108,1.196159122,0.670839849,7.508283212,0.8013023681,0.8013023681,-0.08015861967,0.09705183117,1.082425119,1.326122483,0.0,-16.57,-0.0004874176612,0.02898949179,-0.1577037977,-0.534313292,0.2479683573,0.7356758468,0.8927506106,0.03158877823,0.0,0.1284842961,0.2417882504,0.6732037363,-24.75591674,0.1535749827,-0.6399572091,8.910610651,0.6446912858,0.1937454976,0.6732037363,-0.2236886986,0.1593119343,0.8401369609,-2.413004292,3.388081326,0.1280986318,-0.4541093651,0.1777862176,0.1004328336,-0.1870058042,9.478996914,5.42,2.473521635,5.456388753,Probable Bankrupt
Sterling Biotech Limited,2012,0.39,0.17,0.004538385373,1.39,0.5546142683,0.005166887177,11.78,9.101479983,1.068724475,1.068724475,-41.9,-0.4477973089,0.5546142683,-0.3397231383,0.1188365369,-0.007170002033,-0.4477973089,0.002517053283,0.002517053283,0.002517053283,0.004538385373,-0.1596087086,1.113751296,0.552097215,5.029778899,0.7359028076,0.7359028076,-0.07291831364,0.1178441149,1.068724475,1.581623485,0.0,-11.08,-0.004971429256,0.1556235493,-0.1742327634,-0.3658955088,0.3588750983,0.613437632,0.8771909516,0.03110247781,0.0,0.1660290528,0.2920102055,0.5546142683,-10.85126184,0.1923593393,-0.4641307325,6.651051735,0.6864462951,0.21489113,0.5546142683,-0.3614974506,0.2214314622,0.7536515183,-1.286356493,2.100038487,0.1812885393,-0.3854438907,0.1917548506,0.1257036825,-0.3245764578,8.911793365,5.41,1.317979708,5.241315001,Probable Bankrupt
Sterling Biotech Limited,2011,0.77,0.42,0.007791545164,1.1,0.395585096,0.005839654721,23.29,4.276452482,1.031383038,1.031383038,1.2,0.01238069233,0.395585096,-0.08976560277,0.2342514581,0.06825454449,0.01238069233,0.003082219142,0.003082219142,0.003082219142,0.007791545164,0.3204631291,0.6260410332,0.3925028769,1.751473892,0.6508654462,0.6508654462,0.01738881795,0.2329465258,1.031383038,2.17046441,0.0,0.46,-0.08206023045,0.07961960384,0.04703981519,0.05329821871,0.5364158688,0.5499447678,0.8586033721,0.08885733628,0.0,0.4156447424,0.4698659224,0.395585096,-2.274127494,0.3560291844,-0.1396002267,2.868094428,0.7311804215,0.3058194932,0.395585096,-1.575176054,0.3574366915,0.607783219,-0.2571089048,1.133044815,0.2552803502,0.07416623578,0.2168626401,0.2630532447,-2.516090752,11.98938992,5.43,-1.983859222,8.497584702,Probable Bankrupt
Sterling Biotech Limited,2010,1.73,1.18,0.1261118499,1.52,0.1889113367,0.006521961409,24.31,3.874325278,1.027789964,0.7326352464,9.04,0.09295745993,0.1889113367,0.1375011094,0.2447863937,0.1665886926,0.09295745993,0.02382395814,0.02382395814,0.02382395814,0.1261118499,0.1766713833,0.4358338579,0.1650873786,0.7984067342,0.6282923982,0.6282923982,0.04206537485,0.2431857944,1.027789964,4.747609075,9.16,2.71,0.01802570859,0.08337682985,0.2793699584,0.1419829781,0.5916156281,0.7282038566,0.8968771766,0.1425721812,0.05557657222,1.181981064,0.5195231505,0.1889113367,0.5345730994,0.3144342979,0.2225208513,2.554699371,1.182061005,0.3264124462,0.1889113367,0.7499781191,0.5458794862,0.3006742359,0.3699173995,0.5082256478,0.4393810615,0.1996081894,0.2027210188,0.2638158336,1.720789025,10.88235294,5.55,4.808592108,7.861888833,Probable Bankrupt
Sterling Biotech Limited,2009,2.22,1.54,0.1548507686,1.49,0.1506486333,0.007357828059,25.95,,1.028733906,0.7121101574,16.47,0.169527897,0.1506486333,0.1834602562,0.2611933698,,0.169527897,0.02332805666,0.02332805666,0.02332805666,0.1548507686,,0.4037195994,0.1273205767,0.5970028612,0.6263016438,0.6263016438,0.04366339297,0.2595923186,1.028733906,5.961718647,5.27,5.03,0.01870432564,-0.04765143611,0.3720659949,0.1499905812,0.5966747171,0.5606008584,0.8981247665,0.1192539498,0.06378502383,1.541558333,0.5334632167,0.1506486333,0.7358045191,0.330920116,0.2988977962,2.389513591,1.272826071,0.3341088895,0.1506486333,0.555298655,0.6762439942,0.240536864,0.4909313974,0.4031289698,0.4756530105,0.1933634267,0.2175299768,0.2809649276,1.375456272,8.349267049,5.54,3.77175625,3.08669806,Probable Bankrupt
Educomp Solutions Limited,2022,0.05,0.05,0.007172622806,-0.87,11.81235084,0.2589890017,0.01,-369.7972973,-1.864864865,-1.864864865,-3152.49,58.83783784,11.81235084,-11.23157816,0.01499105012,-0.04094570406,58.83783784,0.08472553699,0.08472553699,0.08472553699,0.007172622806,-0.02525252525,-2.675675676,11.7276253,-4280.540541,11.94857548,11.94857548,-0.1623284606,0.005146181384,-1.864864865,0.08403207476,0.0,1.34,-0.152173913,-0.0008176946628,-0.01374226544,0.01482644577,-0.916308015,-2.432432432,0.9926163484,0.005146181384,0.0,0.04854148251,0.04860601786,11.81235084,1186.551181,0.0004306941354,-31.85131134,-4299.202703,-0.01244222523,0.580772673,11.81235084,-0.0006574010744,0.0006250789241,0.9885990893,1.025848357,-1.078893858,0.136224642,-0.970977918,0.1773195107,-0.002780073634,0.000245695351,5.131407472,7.33,0.1472360633,9.050277908,Bankrupt
Educomp Solutions Limited,2021,0.05,0.05,0.008331342095,-0.06,11.24435767,0.2584151103,0,-241.2,-0.8083333333,-0.8083333333,-5237.88,42.16666667,11.24435767,-10.66235581,0.005266174679,-0.07379809415,42.16666667,0.09368059038,0.09368059038,0.09368059038,0.008331342095,0,-1.691666667,11.15067708,-2615.625,11.35913878,11.35913878,-0.1812710468,0.003474958802,-0.8083333333,0.08828673835,0.0,1.62,-9.350515464,-0.002942484365,-0.0161210673,0.01749865993,-0.9119651569,-1.591666667,0.9927276635,0.003474958802,0.0,0.0511127041,0.05123644265,11.24435767,957.659164,0.0003059174527,-31.40540255,-2620.533333,-0.01108017914,0.5820018629,11.24435767,-0.000682057192,0.0006467542812,0.9898952627,1.029270486,-1.085452942,0.1147811134,-0.981371231,0.1865372215,-0.004330410306,0.0004031865174,6.623436776,5.98,4.203910403,-5.83105322,Bankrupt
Educomp Solutions Limited,2020,0.06,0.06,0.006326431197,-0.06,10.54694068,0.2560376372,0.03,118.3101504,3.631578947,3.631578947,-1022.88,-37.15037594,10.54694068,-9.949623007,0.03609795156,-0.09985320611,-37.15037594,0.06672449456,0.06672449456,0.06672449456,0.006326431197,-0.5615763547,0.7631578947,10.48021619,1188.473684,10.64095549,10.64095549,-0.4853873357,0.03222793087,3.631578947,0.09417209158,0.0,4.88,0.2122153209,0.0004389375204,-0.04602162374,0.05034639315,-0.9060234769,4.883458647,0.9932274638,0.03222793087,0.0,0.05599207931,0.05613383832,10.54694068,288.8993224,0.003028668891,-31.17929953,1191.548872,-0.009751607389,0.5973176753,10.54694068,-0.0006806826946,0.0006421327665,0.9911648148,1.032016278,-1.093972552,0.09401481284,-0.9381997313,0.5214852872,0.008934869504,-0.0008919290481,3.729505735,8.0,6.894875427,3.871436941,Bankrupt
Educomp Solutions Limited,2019,0.08,0.08,0.005738056742,-0.06,9.399126399,0.6867638811,0.02,233.6910755,4.423340961,4.423340961,-960.31,-42.47826087,9.399126399,-8.607546941,0.0694634028,-4.195468195,-42.47826087,0.0539327206,0.0539327206,0.0539327206,0.005738056742,-0.8296529968,0.7254004577,9.345193679,709.0640732,9.475475475,9.475475475,-0.5630782297,0.05863439197,4.423340961,0.1053698271,0.0,6.52,-0.9068804966,-0.002288893584,-0.05990750691,0.06643618183,-0.8944643989,22.51487414,0.9903843237,0.05863439197,0.0,0.08319536825,0.08353981394,9.399126399,30.21506063,0.006188015801,-79.57515423,710.7551487,-0.00900823518,0.7915794582,9.399126399,-0.001117121562,0.001023039363,0.9919424543,1.015582779,-1.108979246,0.07634907635,-0.9073035055,0.6325416325,0.01338437979,-0.001540006696,3.938826467,5.27,5.36166639,6.453851345,Bankrupt
Educomp Solutions Limited,2018,0.09,0.09,0.008672282858,-0.06,2.307153825,0.01957852997,0.03,50.26528863,1.747189941,1.747189941,-2839.46,-49.60983044,2.307153825,-2.105120885,0.06231353523,-1.080850542,-49.60983044,0.02000829057,0.02000829057,0.02000829057,0.008672282858,-0.8482758621,0.1104972376,2.287145534,75.28424462,2.319029186,2.319029186,-1.491332855,0.05354421733,1.747189941,0.4319667381,0.0,108.07,-0.6595791081,0.001633933449,-0.6458940144,1.129752747,-0.5687850736,2.3313012,0.9966137121,0.05354421733,0.0,0.08610030696,0.08711961954,2.307153825,51.6804522,0.02259057757,-2.882520826,75.01886074,-0.009003107267,0.2020329404,2.307153825,-0.001608595447,0.001467733895,0.994879167,1.595962323,-1.749130231,0.01187536125,-0.9655364196,1.55364639,0.03075003369,-0.01455778879,3.328173375,5.33,5.327608862,6.795383419,Bankrupt
Educomp Solutions Limited,2017,0.26,0.26,0.02805366686,6.43,0.9565439415,0.019109821,8.2,26.10352144,1.852048895,1.852048895,-267.1,-4.946925074,0.9565439415,-0.7042193454,0.1058960848,-0.3128033759,-4.946925074,0.02683456507,0.02683456507,0.02683456507,0.02805366686,-0.8964552239,0.06789537019,0.9297093764,21.5921211,1.222524312,1.222524312,-0.1129470323,0.08204687912,1.852048895,1.042285828,0.0,-17.74,-0.1732781615,0.04031075359,-0.1177438563,0.5061342345,-0.1820203573,2.138260814,0.9969921943,0.08204687912,0.0,0.2606433219,0.206396383,0.9565439415,14.02515023,0.06685103795,-1.958487445,26.99037304,-1.19528679,0.2523245961,0.9565439415,-0.004271120532,0.003144451158,0.7824334714,3.164684966,-4.298604194,0.2659803707,-0.6250881444,0.2188431171,0.04443425059,-0.06290738999,4.948216341,5.36,6.232711415,8.256305502,Bankrupt
Educomp Solutions Limited,2016,1.26,1.25,0.07418065994,10.24,0.3059772468,0.01840647571,10.67,17.65363843,1.798509344,1.798293306,-93.78,-1.686674108,0.3059772468,0.07968308858,0.1255313738,-0.09576375694,-1.686674108,0.0226975941,0.0226975941,0.0226975941,0.07418065994,-0.7727496311,0.0732005905,0.2832796527,5.154790624,0.8994701757,0.8994701757,-0.08336557019,0.1067556333,1.798509344,3.254016373,-0.46,-13.77,-0.1072472472,0.04882690909,-0.2822008326,-0.858919574,0.1117656004,2.07878155,0.9956549709,0.1067556333,7.13e-06,1.246221117,0.4287638944,0.3059772468,-1.176529488,0.121994801,0.2802158571,14.77096461,5.903650318,0.3856603354,0.3059772468,0.05452887375,0.01420049733,0.3401749775,0.7926313328,3.043646491,0.5934929289,-0.4889555049,0.2088969439,0.05961687896,0.74492396,4.906973441,5.42,7.556488414,7.996253786,Bankrupt
Educomp Solutions Limited,2015,1.68,1.65,0.131893852,5.64,0.2366695404,0.01701403363,10.1,20.99422267,1.931492042,1.928733833,-327.8,-6.331544225,0.2366695404,0.1617443407,0.1158966877,-0.1972155148,-6.331544225,0.03121525732,0.03121525732,0.03121525732,0.131893852,-0.8243618202,0.1343322524,0.205454283,4.522717954,0.8504051118,0.8504051118,-0.08479845835,0.1010731464,1.931492042,4.195599143,0.0,-41.96,0.1051138557,-0.0455457671,-0.3592220208,-0.5683142757,0.175910147,2.285251034,0.9929705207,0.1010731464,8.49e-05,1.653716829,0.4684989255,0.2366695404,-2.300388609,0.1190249564,0.5761150479,15.65459018,4.10265069,0.3984138811,0.2366695404,0.0434604346,0.02970166474,0.278302114,1.081215693,1.582069703,0.6137355714,-0.4963846991,0.2006951461,0.05269950147,0.3235294118,6.665656719,5.44,6.69517609,7.410227605,Bankrupt
Educomp Solutions Limited,2014,3.69,3.59,0.1520435572,1.41,0.1122089898,0.01504466096,10.34,,1.748622741,1.736227413,-60.78,-1.062913178,0.1122089898,0.3014434434,0.118065851,,-1.062913178,0.01706065395,0.01706065395,0.01706065395,0.1520435572,,0.1811095196,0.0951483358,1.897173865,0.5973591176,0.5973591176,-0.04908359264,0.1034228833,1.748622741,8.816479129,-0.46,-6.62,0.01630383416,-0.2412283692,-0.5475136116,-0.1525824921,0.674034882,2.047074703,0.9892882162,0.1034228833,0.0006136391529,3.590983666,0.6924686021,0.1122089898,-4.694551864,0.1931981509,1.136667445,9.811398193,1.204920189,0.4136524332,0.1122089898,0.03553497019,0.09546279492,0.1878417629,0.748665763,0.2786825548,0.4851501279,-0.3812549952,0.1671494436,0.05978575016,0.1962070811,10.01787847,5.44,3.865992884,6.386106401,Probable Bankrupt
Orchid Pharma Limited,2023,1.35,0.73,0.08236306435,0.48,0.3035316395,0.06588546711,0.57,1.975080753,1.110517326,1.110517326,7.27,0.08197053999,0.3035316395,0.1053860155,0.5593571714,0.09357579517,0.08197053999,0.02499979595,0.02499979595,0.02499979595,0.08236306435,0.2451691877,0.3868360082,0.2785318435,0.6289256059,0.437933089,0.437933089,0.01309163327,0.5434986655,1.126143647,2.679475114,0.0,5.65,0.02785307465,0.03418070672,0.04313103337,0.02329194801,1.283453854,0.5163957992,0.8133054742,0.2045037177,0.0,0.7321250908,0.9337445952,0.3035316395,-0.3483704015,1.223833308,0.2084059655,0.8556087332,0.2391200174,0.4089176549,0.3035316395,1.771530359,0.6150743499,0.693100492,0.1874972773,0.5400275902,0.1344014495,-0.01887074362,0.5462655382,0.5934047187,4.579538414,6.699034141,10.05,0.2298150623,7.002951544,Financial Distress
Orchid Pharma Limited,2022,1.87,1.15,0.03347454107,0.41,0.2168095375,0.06877959190999999,0.48,2.378396175,1.128208765,1.128208765,0.28,0.003180906457,0.2168095375,0.188292393,0.5119579311,-0.1140775825,0.003180906457,0.007257599769,0.007257599769,0.007257599769,0.03347454107,0.1145024904,0.3498186681,0.2095519378,0.4878335393,0.4170688662,0.4170688662,-0.05123541276,0.5038539115,1.133699374,3.895257081,0.0,-2.86,-0.02045434138,0.199641608,-0.2363153086,-0.08789273688,1.397685565,0.6144011994,0.8445288863,0.194703573,0.0,1.151383005,0.9713070513,0.2168095375,0.191519546,1.202232393,0.3523395508,0.9220981826,0.3435385709,0.4051019306,0.2168095375,0.8256898283,0.7170861367,0.5198410985,0.3230096697,0.371929933,0.2002593286,-0.1096952643,0.5631933439,0.5262501333,2.360336665,5.131407472,7.33,0.1472360633,9.050277908,Financial Distress
Orchid Pharma Limited,2021,3.87,2.79,0.1401323198,0.66,0.1148353203,0.06021714758,36.37,3.867957332,1.175455567,1.175455567,-25.89,-0.3046615598,0.1148353203,0.3295857749,0.3760678925,-0.3915215195,-0.3046615598,0.02823196605,0.02823196605,0.01609213983,0.1401323198,-0.0184446334,0.3997228686,0.09874318044,0.3714606918,0.4722893514,0.4722893514,-0.07698524955,0.363758335,1.176658213,7.632038288,0.0,-4.0,-0.1650355872,0.04037033234,-0.6703969595,-0.1458853441,1.117346066,0.8181128918,0.8764275611,0.1648817943,0.0,2.793989302,0.9409932574,0.1148353203,3.663791864,0.7694150666,0.6015518971,1.475672567,0.6773674779,0.4444210952,0.1148353203,0.3749325617,1.076083896,0.2431461136,0.6245577492,0.2176103904,0.3574540311,-0.197916295,0.453053142,0.3527334096,0.9379812644,6.623436776,5.98,4.203910403,-5.83105322,Financial Distress
Orchid Pharma Limited,2020,3.25,2.39,0.9729012277,0.49,0.1050265441,0.03620688126,29.5,5.927833778,1.209383338,1.209383338,-25.79,-0.3238215239,0.1050265441,0.2360512529,0.3093119431,-0.7872518383,-0.3238215239,0.1021804537,0.1021804537,0.1021804537,0.9729012277,-0.09029606319,0.3846971045,0.002846090401,0.446733867,0.4050160891,0.4050160891,-0.07613001406,0.2950872995,1.255163554,8.660269882,0.0,-8.23,-0.004943719229,0.1158755199,-0.7248645061,-0.1279530634,1.469037717,0.9393220674,0.9095582171,0.1476946668,0.0,2.386406371,0.8421339452,0.1050265441,10.20724756,0.7020077442,0.3604722328,1.288121356,0.504197743,0.341077797,0.1050265441,0.383144685,0.8611326181,0.2593144988,0.3967355227,0.1765199734,0.299989545,-0.2623417722,0.3854419572,0.2584756857,0.9959645669,3.729505735,8.0,6.894875427,3.871436941,Financial Distress
Orchid Pharma Limited,2019,0.3,0.23,0.138912241,-3.01,0.7615598107,0.05797630375,19.49,6.592978018,1.174922403,1.174922403,11.56,0.147561546,0.7615598107,-0.5348289265,0.2004881315,-0.01570665315,0.147561546,0.10578998,0.10578998,0.10578998,0.138912241,-0.1411910231,0.3609209575,0.6557698307,4.981823207,1.228804305,1.228804305,-0.04274237579,0.1949860905,1.275521918,1.240646937,0.0,-17.88,0.1034994391,0.003178985898,-0.05612477863,0.1868075678,-0.186200768,0.8923848803,0.9448268466,0.09418792086,0.0,0.225271513,0.1845134194,0.7615598107,-35.86448044,0.1461645879,-1.072516,7.346315745,-2.042114084,0.2267308842,0.7615598107,-0.1031603765,0.07244756438,0.6197567891,2.337495029,-3.328433044,0.4672444947,-0.2615742287,0.2432305072,0.1617943982,-0.2858253985,3.938826467,5.27,5.36166639,6.453851345,Financial Distress
Orchid Pharma Limited,2018,0.34,0.24,0.1518253325,-3.27,0.643926959,0.053663745,21.85,5.368549025,1.145080685,1.145080685,-51.65,-0.5935990846,0.643926959,-0.4266918797,0.2250261569,-0.04166226719,-0.5935990846,0.09776442469,0.09776442469,0.09776442469,0.1518253325,-0.09037885826,0.3260024567,0.5461625344,3.386410675,1.253333205,1.253333205,-0.127652086,0.2185277263,1.149236905,1.456703321,0.0,-8.74,0.02132224361,0.00234355255,-0.2211914475,0.5622284531,-0.2021275781,0.7948812869,0.9380105396,0.1084927545,0.0,0.2410919697,0.1733258789,0.643926959,-12.52920427,0.1855184791,-0.8044554903,6.077134059,-2.405552188,0.2172350794,0.643926959,-0.1452792129,0.09626784463,0.5137715623,1.684310902,-2.541818228,0.6094062463,-0.3869993196,0.3526782429,0.2027165775,-0.4456383992,3.328173375,5.33,5.327608862,6.795383419,Financial Distress
Orchid Pharma Limited,2017,0.45,0.31,0.1702136113,-5.91,0.4638866193,0.04984172339,24.46,5.028293489,1.112199051,1.112199051,-62.2,-0.6999971742,0.4638866193,-0.2565134323,0.2530486119,-0.1862924579,-0.6999971742,0.07895981668,0.07895981668,0.07895981668,0.1702136113,-0.144852071,0.2984768848,0.3849268026,2.133802419,1.143372302,1.143372302,-0.1405340984,0.2446568661,1.125381485,2.015818887,0.0,-6.94,-0.305131039,0.1077145022,-0.3349578207,1.08376896,-0.1253942413,0.8200378659,0.9351114087,0.13494984,0.0,0.3071539246,0.1813697835,0.4638866193,-8.215042789,0.2244582709,-0.4678824551,4.89612298,-4.739309281,0.207373187,0.4638866193,-0.2529637169,0.1398802823,0.4057179086,1.789142172,-3.235538607,0.679485683,-0.3941967003,0.3935827103,0.2324846518,-0.8475152676,4.948216341,5.36,6.232711415,8.256305502,Bankrupt
Orchid Pharma Limited,2016,0.94,0.75,0.2354480346,61.4,0.3463479429,0.0464002754,22.61,5.058136714,1.110834482,1.110834482,-31.95,-0.3563530974,0.3463479429,-0.02237660115,0.2326058306,-0.05161221832,-0.3563530974,0.08154694244,0.08154694244,0.08154694244,0.2354480346,-0.04167872648,0.3087814718,0.2648010005,1.707803483,0.9873021463,0.9873021463,-0.06313194738,0.2261585109,1.115162658,2.706463719,0.0,-11.05,-0.08691454514,0.05565127995,-0.1951750123,-5.323613377,0.01286116291,0.8232470252,0.9373781418,0.1293425546,0.0,0.7545865044,0.32813799,0.3463479429,-2.371207743,0.2327020768,-0.04507544739,4.466178949,50.47736542,0.3239713418,0.3463479429,-2.798542004,0.180806208,0.3508023803,-1.76223491,27.27610114,0.6409542033,-0.2474784619,0.2957377779,0.2163514925,-9.063179819,4.906973441,5.42,7.556488414,7.996253786,Bankrupt
Orchid Pharma Limited,2015,1.14,0.91,0.347896959,9.53,0.2764219235,0.04105512539,43,,1.126677255,1.126677255,-11.28,-0.128840611,0.2764219235,0.03827744128,0.4405081991,,-0.128840611,0.09616634658,0.09616634658,0.09616634658,0.347896959,,0.1646569022,0.1802555769,0.7337503186,0.9188974245,0.9188974245,-0.1235879253,0.4300512139,1.14155278,3.393253523,0.0,-6.69,0.2129767671,-0.09889308978,-0.6176402473,-2.105103373,0.08826074957,0.8001084946,0.9379696656,0.2215024376,0.0,0.9140701548,0.3424749666,0.2764219235,-0.3154263667,0.5132113794,0.0748584306,2.183904891,7.921764474,0.3146993648,0.2764219235,1.620545478,0.2244045392,0.3008191296,0.4719633261,3.408300191,0.6424755011,-0.2516782918,0.5640961245,0.4016385481,9.841952914,6.665656719,5.44,6.69517609,7.410227605,Bankrupt
Electrosteel Steels Limited,2023,1.47,0.7,0.1400542514,0.6,0.3453450739,0.01475020652,0.83,1.257504713,1.063146544,1.063146544,4.34,0.04639490614,0.3453450739,0.1610520965,0.8640411992,-0.0123506065,0.04639490614,0.05956840377,0.05956840377,0.0483670458,0.1400542514,0.01387266934,0.3329215601,0.2969780281,0.4316077494,0.4853925699,0.4853925699,0.04876382415,0.8540724367,1.067408543,2.124302312,15.06,12.57,0.002312853448,0.1093625676,0.1749131502,0.1173815053,1.060188107,0.4954174339,0.733617339,0.3821738523,0.0,0.6949990822,1.043273428,0.3453450739,-0.2608904241,1.728540438,0.3403363325,0.546188775,0.2721443334,0.5063971704,0.3453450739,1.654015482,0.7713521378,0.7114758142,0.3129610789,0.6710845077,0.140047496,0.04340226032,0.8152773751,1.090672705,4.96818374,6.699034141,10.05,0.2298150623,7.002951544,Financial Distress
Electrosteel Steels Limited,2022,1.44,0.72,0.1658169707,0.71,0.3627823865,0.014981783,0.65,1.623691207,1.081710184,1.081710184,6.58,0.07141242799,0.3627823865,0.1580007468,0.6188336491,0.1672541867,0.07141242799,0.1021009251,0.1021009251,0.06015547634,0.1658169707,0.4505548033,0.4597684854,0.3026269101,0.6428022552,0.5240531458,0.5240531458,0.05151893245,0.612367837,1.085034559,2.041216914,7.84,11.62,0.0001405569474,-0.06175459248,0.1729256497,0.1318096324,0.9082034102,0.5396480025,0.7405175433,0.2912665153,0.0,0.7202683654,0.9937601508,0.3627823865,-0.3905970356,1.143540871,0.343318669,0.8219651208,0.3388419483,0.5207831332,0.3627823865,1.642286268,0.715256491,0.692262587,0.3319714069,0.7622329747,0.1612707594,0.07610752961,0.5673147167,0.7621377087,3.571985292,5.131407472,7.33,0.1472360633,9.050277908,Financial Distress
Electrosteel Steels Limited,2021,1.47,0.87,0.2469366925,0.67,0.2878541242,0.01080617025,48.32,2.03817152,1.100033506,1.100033506,-2.8,-0.03104268049,0.2878541242,0.1347109567,0.4913743046,0.2212171637,-0.03104268049,0.09288931901,0.09288931901,0.07108174533,0.2469366925,0.2704166701,0.392344635,0.2167723788,0.6596601516,0.4754945032,0.4754945032,0.02607690647,0.4832673067,1.107478261,2.879214013,-8.9,7.78,0.03951578514,0.1361128519,0.1100952492,0.06042142878,1.103073733,0.6771599521,0.828793628,0.2827924723,0.0,0.8732155901,0.8886855222,0.2878541242,-0.2590590096,0.9977069997,0.2414343007,0.92677144,0.3577472118,0.4225650809,0.2878541242,1.270916458,0.5947678272,0.6053784476,0.2568342134,0.5488105004,0.187640379,0.03163839103,0.4652973982,0.5265090038,3.239285936,6.623436776,5.98,4.203910403,-5.83105322,Financial Distress
Electrosteel Steels Limited,2020,1.17,0.62,0.06150094825,0.52,0.2903810084,0.01510574018,48.47,2.257905807,1.092909886,1.092909886,3.18,0.03538291862,0.2903810084,0.04982128777,0.4906763887,0.03064302432,0.03538291862,0.01786049539,0.01786049539,0.01785870737,0.06150094825,0.1592142961,0.3677814541,0.272522301,0.6658548685,0.484806331,0.484806331,0.02047099927,0.4847383864,1.111523843,2.891406616,0.0,8.61,-0.00583724734,0.08289014612,0.08786113643,0.04952158175,1.062679334,0.6577901871,0.8396095687,0.2766454668,0.0,0.6192273589,0.7017282457,0.2903810084,-0.7408885055,0.9727154037,0.09720700795,1.070728937,0.377382981,0.3402022962,0.2903810084,3.219315245,0.5523447698,0.598962905,0.09670399845,0.5636346599,0.1944253226,0.01364383062,0.4702053894,0.5194111283,8.75333764,3.729505735,8.0,6.894875427,3.871436941,Financial Distress
Electrosteel Steels Limited,2019,1.23,0.72,0.1018668115,0.61,0.2717189809,0.01414094213,49.79,2.253014582,1.1044819,1.1044819,-0.27,-0.003139495182,0.2717189809,0.0633820353,0.5084193964,0.003849552054,-0.003139495182,0.02781933113,0.02781933113,0.0276791462,0.1018668115,0.1911801753,0.3140369578,0.2440398347,0.6133674209,0.5131930623,0.5131930623,0.02922486955,0.4979221273,1.123989241,3.16828457,0.0,9.95,-0.006804670153,-0.01659460217,0.09533636549,0.05321349813,0.9485844089,0.6683793709,0.8608830544,0.2852966295,0.0,0.7212748625,0.6529726155,0.2717189809,-0.5155316157,0.9598739141,0.1198300995,1.095979448,0.4960366477,0.3351010162,0.2717189809,2.194895524,0.5119883239,0.5294673697,0.1301995317,0.5581657939,0.2414740815,0.02104768833,0.4791945269,0.5145826191,6.989290495,3.938826467,5.27,5.36166639,6.453851345,Financial Distress
Electrosteel Steels Limited,2018,1.17,0.78,0.1464438095,0.57,0.2890340596,0.01240750845,42,2.721459332,1.114730892,1.114730892,2.89,0.03270264073,0.2890340596,0.04811000381,0.435041681,-0.02200335522,0.03270264073,0.04248278876,0.04248278876,0.04232724876,0.1464438095,-0.03198255795,0.3040582975,0.2467068108,0.7780347512,0.5409551637,0.5409551637,0.01194880512,0.4200246642,1.130641093,3.068996886,17.31,7.15,-0.08636046574,0.1542008249,0.04064858355,0.02559406879,0.8485820397,0.7168363024,0.8870446289,0.2547448959,0.0,0.775648007,0.6232384604,0.2890340596,-0.6164407675,0.7658936487,0.0903002478,1.342228824,0.548794114,0.3371440634,0.2890340596,2.347856208,0.3908029777,0.5343031714,0.1048045856,0.6296423284,0.2519211042,-0.02122165668,0.4230928759,0.4187979593,7.721730429,3.328173375,5.33,5.327608862,6.795383419,Financial Distress
Electrosteel Steels Limited,2017,1.35,0.92,0.2464491336,0.78,0.2621368018,0.01224960369,38.36,3.049223248,1.128995111,1.128995111,3.66,0.04216730038,0.2621368018,0.09264825515,0.4018828236,-0.03415244856,0.04216730038,0.0647682616,0.0647682616,0.06460338771,0.2464491336,0.05899639414,0.3419500272,0.1975334141,0.7858935361,0.5678619118,0.5678619118,0.02018889837,0.3836742237,1.15026616,3.379692155,14.9,7.9,0.07779242523,0.1344217418,0.1003711563,0.06088557018,0.7609915003,0.7532102118,0.8859416926,0.2391142467,0.0,0.9183248896,0.6247734698,0.2621368018,-0.2600915614,0.6523718669,0.17546099,1.50878327,0.7074708716,0.354785057,0.2621368018,1.231089643,0.4351098609,0.46162068,0.2143950225,0.6066042522,0.3057251099,-0.01340004082,0.3816939252,0.3764949364,3.600203379,4.948216341,5.36,6.232711415,8.256305502,Bankrupt
Electrosteel Steels Limited,2016,1.13,0.76,0.08766229709,0.81,0.2803953138,0.01168113448,37.9,2.821059889,1.118305335,1.118305335,1.64,0.01833786917,0.2803953138,0.0368999294,0.3841783362,0.08587616747,0.01833786917,0.0250478725,0.0250478725,0.0245800973,0.08766229709,-0.1630176066,0.3059186234,0.2558152165,0.8265003124,0.5636200544,0.5636200544,0.009185563091,0.3790801122,1.117386118,3.196256076,-101.84,5.66,0.005407477188,0.1656414066,0.04333129225,0.02784246025,0.7742448874,0.7112934627,0.8962152256,0.2295287034,0.0,0.7614623296,0.5629594631,0.2803953138,-0.682878403,0.6678748053,0.06891542139,1.588887799,0.6490324394,0.3172952432,0.2803953138,2.812600893,0.3701373355,0.497489952,0.08455917777,0.6425485788,0.2832247406,-0.007185539219,0.3749927731,0.378543167,9.193951192,4.906973441,5.42,7.556488414,7.996253786,Bankrupt
Electrosteel Steels Limited,2015,1.1,0.72,0.1357741084,1.06,0.346231098,0.01472158878,46.03,,1.099267214,1.099267214,4.84,0.05359019264,0.346231098,0.03557314526,0.4722406424,,0.05359019264,0.04847921498,0.04847921498,0.04700921862,0.1357741084,,0.3175223523,0.2992218794,0.8325790395,0.6031929777,0.6031929777,0.02750445599,0.4603235142,1.106936123,2.506872291,-19.98,-3.4,-0.003400148416,0.1408549605,0.09451268454,0.08246635948,0.6578442338,0.6537607153,0.8679571459,0.2583360485,0.0,0.7213719119,0.6329719631,0.346231098,-0.669998802,0.7492056633,0.07653989056,1.337450456,0.6475739222,0.3818042432,0.346231098,3.711868973,0.3813720226,0.5739972294,0.08964847712,0.8725427691,0.2569618798,0.006541693601,0.4447361864,0.479117812,11.6901029,6.665656719,5.44,6.69517609,7.410227605,Bankrupt
The Sirpur Paper Mills Limited,2014,0.77,0.52,0.007973457484,-12.45,0.3309835456,0.04258785782,74.47,1.547850338,1.185823704,1.185823704,-21.63,-0.2428010995,0.3309835456,-0.07557696736,0.7626596291,-0.05457057334,-0.2428010995,0.002639083229,0.002639083229,0.002639083229,0.007973457484,0.1118820468,0.12308185,0.3283444624,0.4987056657,0.9746541738,0.9746541738,-0.1611434847,0.7447705415,1.122174482,2.774495639,0.0,-11.31,-0.005086195256,-0.002271570837,-0.4868625247,-6.357791754,0.02600494294,0.6135411385,0.9183124037,0.3561168281,0.0,0.5248568524,0.2620484117,0.3309835456,-0.6131482632,0.8074798285,-0.1069584399,1.464572603,25.3955276,0.2554065782,0.3309835456,-1.080853058,0.24680259,0.3395907538,-2.981830887,13.05870021,0.6436706282,-0.1994363173,0.9238031138,0.7227226262,-8.781579564,10.01787847,5.44,3.865992884,6.386106401,Bankrupt
The Sirpur Paper Mills Limited,2013,1.11,0.8,0.0279161008,5.7,0.222606651,0.03844984447,59.45,2.018127333,1.219755027,1.219755027,-27.42,-0.3180061571,0.222606651,0.02341283171,0.6133691636,-0.06991938193,-0.3180061571,0.006214309708,0.006214309708,0.006214309708,0.0279161008,-0.1281738281,0.1341455427,0.2163923413,0.4340734918,0.8237151495,0.8237151495,-0.1724722875,0.5945750756,1.159396083,4.18318998,0.0,-20.97,-0.0006175491354,-0.01924802218,-0.8169609175,-1.031631098,0.2140119077,0.751129888,0.931205912,0.3360429963,0.0,0.7961370152,0.2986705815,0.222606651,-0.3555731017,0.7707976511,0.03260284866,1.594091832,3.409870427,0.2460194827,0.222606651,2.93830703,0.3090387807,0.270247125,0.1328125,1.262766768,0.6011084985,-0.2521105388,0.7858414511,0.5507178414,21.90387374,9.478996914,5.42,2.473521635,5.456388753,Bankrupt
The Sirpur Paper Mills Limited,2012,0.9,0.64,0.07738458975,1.6,0.2825769587,0.03464666507,61.14,1.846347607,1.194423291,0.5461308652,-4.44,-0.05070001757,0.2825769587,-0.02833461532,0.6282749635,0.02087813761,-0.05070001757,0.02186710202,0.02186710202,0.02186710202,0.07738458975,0.3460289981,0.1353464941,0.2607098567,0.5272391776,0.6786493572,0.6786493572,-0.03464515015,0.6114311728,1.140823619,3.282150992,0.0,-3.78,0.01387935262,0.02049407846,-0.1490472752,-0.1310634556,0.4735149889,0.8119325171,0.9274602452,0.3880821939,0.2559909326,0.6430198322,0.3746299038,0.2825769587,-1.000778695,0.6983021836,-0.03935634389,1.225440806,1.232524058,0.2542423434,0.2825769587,-2.560110803,0.2567079607,0.4163813842,-0.08817351375,0.8793415075,0.3960723985,-0.08432394033,0.6629201137,0.577874818,-18.91523546,8.911793365,5.41,1.317979708,5.241315001,Bankrupt
The Sirpur Paper Mills Limited,2011,0.88,0.66,0.06123204502,1.31,0.2165360012,0.03253747236,58.45,2.133317152,1.209093851,0.5400970874,-4.91,-0.05796116505,0.2165360012,-0.02616516762,0.6017186924,-0.1137190772,-0.05796116505,0.01325894217,0.01325894217,0.01325894217,0.06123204502,-0.1651224355,0.09779935275,0.203277059,0.4370873786,0.6416879098,0.6416879098,-0.02911516201,0.5845317686,1.179902913,4.394417296,0.0,-3.66,0.00960895051,0.1164801119,-0.1363097882,-0.08237505034,0.558389966,0.8437540453,0.9515495487,0.369342504,0.258245053,0.6554124093,0.2966719968,0.2165360012,-0.963960232,0.6758444933,-0.03341797035,1.268511327,1.186540785,0.1903708335,0.2165360012,-1.851715686,0.2237524063,0.3374475315,-0.07302340149,0.604322341,0.4251519087,-0.08788471802,0.6308338544,0.5206314974,-18.93382353,11.98938992,5.43,-1.983859222,8.497584702,Probable Bankrupt
The Sirpur Paper Mills Limited,2010,1.08,0.79,0.03895131086,1.61,0.1729623125,0.02902895159,48.29,2.411590251,1.190898244,1.171740242,-3.53,-0.04039543208,0.1729623125,0.0146114646,0.5011516425,-0.03679497884,-0.04039543208,0.006737108801,0.006737108801,0.006737108801,0.03895131086,0.1295086623,0.1200272712,0.1662252037,0.4095790012,0.6544928454,0.6544928454,-0.01502893502,0.4829556906,1.143650929,5.488555972,0.0,-2.06,-0.01952196937,0.07352908831,-0.07523928423,-0.03766509729,0.5279005829,0.5549002898,0.9493133331,0.1915037572,0.006180578467,0.7914273824,0.2865940834,0.1729623125,-0.1919277016,0.7591333993,0.01962983735,1.533901483,1.39369193,0.1875737771,0.1729623125,3.468965517,0.2930503537,0.2642692181,0.04228990459,0.5006041415,0.4815305329,-0.06436679031,0.5161805775,0.4448403973,28.90147783,10.88235294,5.55,4.808592108,7.861888833,Probable Bankrupt
The Sirpur Paper Mills Limited,2009,0.87,0.68,0.0732017823,1.53,0.2181277943,0.02785510151,48.07,2.13844954,1.149493059,1.131960693,-0.47,-0.005085010139,0.2181277943,-0.02735275333,0.4943767182,0.0964705229,-0.005085010139,0.01596734331,0.01596734331,0.01596734331,0.0732017823,0.2407830343,0.09561690844,0.202160451,0.490095149,0.6471633667,0.6471633667,-0.001818888673,0.4807003416,1.080049914,4.389369828,-137.83,-0.29,0.0135424865,0.06391332332,-0.006365372374,-0.003935148749,0.5452048917,0.490999844,0.9574435589,0.1797506318,0.006028749195,0.679503501,0.2947865265,0.2181277943,-0.3085927924,0.7838446685,-0.03655866088,1.41818749,1.215960963,0.190775041,0.2181277943,-1.555837563,0.1950986633,0.3370521347,-0.07752243035,0.6182118684,0.4290355725,-0.0312281389,0.4961956069,0.4648549096,-16.2715736,8.349267049,5.54,3.77175625,3.08669806,Probable Bankrupt
The Sirpur Paper Mills Limited,2008,0.57,0.42,0.04211139142,1.37,0.2375603159,0.02754482227,37.35,2.769566546,1.183639618,1.173163386,13.41,0.1423894539,0.2375603159,-0.1013307926,0.3850693057,0.0499738759,0.1423894539,0.01000399545,0.01000399545,0.01000399545,0.04211139142,-0.2385045122,0.1015757999,0.2275563205,0.6748002968,0.598318837,0.598318837,0.02580139533,0.3735439653,1.061067703,4.058930073,16.1,6.57,-0.03872252545,0.1267753949,0.1287922893,0.0761697081,0.6713496854,0.4909860753,0.9642407106,0.1548391062,0.003082059843,0.4229251569,0.2276871709,0.2375603159,-0.7650287282,0.6853473738,-0.1210063678,1.671133616,0.8981215808,0.1362295233,0.2375603159,-0.3528965726,0.150527201,0.3970463593,-0.2522667279,0.5914151268,0.3607585211,0.03973651568,0.3592679104,0.3651011204,-3.474218987,6.372881356,5.41,5.681844063,7.660815065,Probable Bankrupt
The Sirpur Paper Mills Limited,2007,0.85,0.64,0.1239073427,1.43,0.222056873,0.03051185104,39.12,2.366197496,1.200692656,1.190036409,5.5,0.0591421721,0.222056873,-0.03246417133,0.3980136521,0.2759697195,0.0591421721,0.02751447705,0.02751447705,0.02751447705,0.1239073427,0.1158917418,0.1279637688,0.1945423959,0.6095373413,0.6156060949,0.6156060949,0.02285594125,0.3912684805,1.074016517,4.293414918,39.43,2.77,0.03956807928,0.08581638552,0.1174970862,0.06787577849,0.624415366,0.5654915194,0.9533822911,0.1891074375,0.003153082138,0.6438665501,0.3079772978,0.222056873,-0.4995912528,0.7021388407,-0.04079765825,1.614288251,1.023817539,0.1895927016,0.222056873,-1.435974091,0.2099358974,0.3607125966,-0.08445547888,0.5776805252,0.393549222,0.04294399172,0.3751577108,0.3821174075,-11.22172397,5.796523376,,2.570606702,8.060732573,Probable Bankrupt
The Sirpur Paper Mills Limited,2006,0.98,0.74,0.06068474707,1.02,0.2323004401,0.03381761219,52.13,,1.200402145,1.187890974,6.25,0.06519213584,0.2323004401,-0.00462456156,0.538817274,,0.06519213584,0.01409709345,0.01409709345,0.01409709345,0.06068474707,,0.1138516533,0.2182033467,0.4646112601,0.5421684055,0.5421684055,0.03143361408,0.5213467081,1.042716711,4.059723024,29.14,4.24,-0.009343011353,0.09061315312,0.1506058857,0.07641633729,0.8444453601,0.5757819482,0.9430754451,0.2657447331,0.005768913796,0.735045201,0.4199357178,0.2323004401,-0.2901832736,1.094692599,-0.006358079676,1.05616622,0.6768164739,0.2276758786,0.2323004401,-12.30917874,0.2450471244,0.4284654689,-0.0101010101,0.5073927683,0.3098679654,0.02751970411,0.5073836599,0.5301684315,-108.115942,4.24634362,,4.855145172,7.923430621,Probable Bankrupt
Shilpi Cable Technologies Limited,2017,0.95,0.89,0.0365015777,-6.3,0.9467829535,0.7904401258,131.95,0.6635626244,1.01113548,0.995058712,-21.77,-0.217463559,0.9467829535,-0.04755185065,1.32181479,0.2464256951,-0.217463559,0.03455907154,0.03455907154,0.03455907154,0.0365015777,-0.6855781449,0.04099940611,0.9122238819,0.7165362535,1.043631645,1.043631645,-0.2866947058,1.319546647,0.9986481136,0.9989893996,0.0,-468.28,-0.01041519077,-0.04409955709,-0.302282212,6.55935947,-0.0418075146,0.4467320295,0.9458261342,0.5863202384,0.01017732824,0.8925564555,0.8616364854,0.9467829535,-0.1391499218,1.269534303,-0.9871391826,0.7636777561,-2.219689201,0.8992311028,0.9467829535,-1.13925883,0.05721888587,0.9072003113,1.089847756,-21.69945571,0.09684869177,-0.1799437676,1.608509496,1.397014621,-27.78720324,4.948216341,5.36,6.232711415,8.256305502,Bankrupt
Shilpi Cable Technologies Limited,2016,1.63,1.4,0.1195798912,0.74,0.537931381,0.8453427065,177.92,0.5151292807,1.011238523,0.9951092815,4.25,0.04302170045,0.537931381,0.3366872499,1.781226593,0.1883141202,0.04302170045,0.06432577598,0.06432577598,0.06432577598,0.1195798912,0.06908899024,0.06890900355,0.473605605,0.305907562,0.6609788626,0.6609788626,0.09007618247,1.779203281,1.011786554,1.633712292,0.0,16.15,-0.00610260388,0.01490464345,0.194262135,0.3082394784,0.5129076838,0.1096372869,0.8788251092,0.187985275,0.02145522388,1.400631692,1.323217247,0.537931381,0.1376475702,2.647035655,5.632841751,0.3393010662,0.3629492914,0.8746186309,0.537931381,0.3599034144,0.2252608699,0.8138405196,0.9931158054,1.586719297,0.1230474816,0.05149699952,1.69115041,2.000940665,5.22287939,4.906973441,5.42,7.556488414,7.996253786,Bankrupt
Shilpi Cable Technologies Limited,2015,1.39,1.18,0.143055797,0.86,0.6474338414,0.6355979439,180.78,0.4596900273,1.010270558,0.9949638093,4.97,0.05032730521,0.6474338414,0.2528570705,1.811481175,0.3554190089,0.05032730521,0.09261916418,0.09261916418,0.09261916418,0.143055797,0.261033282,0.07769134222,0.5548146773,0.3619388548,0.7082158713,0.7082158713,0.1000860919,1.807891198,1.010676347,1.329906136,0.0,25.53,0.02107957305,-0.03709618471,0.1701286285,0.3774949378,0.4119988559,0.1047817074,0.8610262383,0.1823292088,0.01933069552,1.175899531,1.271209738,0.6474338414,0.0711165927,2.51817864,2.782993745,0.3441407491,0.2083116382,0.900290912,0.6474338414,0.5496139039,0.2146532244,0.9141758434,0.8665895285,2.218879568,0.06078202986,0.05596033458,1.711395083,2.07751325,7.074326279,6.665656719,5.44,6.69517609,7.410227605,Bankrupt
Shilpi Cable Technologies Limited,2014,1.38,1.13,0.1320667285,0.68,0.6405070142,0.5130552377,153.02,0.4982217531,1.005380631,0.9733262968,5.7,0.05741442904,0.6405070142,0.2421848402,1.534983807,0.4835927475,0.05741442904,0.08458966592,0.08458966592,0.08458966592,0.1320667285,0.4118130513,0.1046928509,0.5559173483,0.4208823546,0.7034560422,0.7034560422,0.0977102302,1.530243643,1.00553551,1.312517036,0.0,24.31,0.03988200859,0.0686869439,0.1687564739,0.3644980865,0.421552933,0.1285328316,0.8406763681,0.1912651786,0.03467232543,1.129368151,1.254793195,0.6405070142,0.06247943023,2.125559982,2.885987725,0.4066621159,0.2122755372,0.8826918544,0.6405070142,0.6578596403,0.2487461157,0.9105146247,0.8166911981,2.159905799,0.06294902796,0.06452102719,1.437273576,1.810232394,6.283711206,10.01787847,5.44,3.865992884,6.386106401,Probable Bankrupt
Shilpi Cable Technologies Limited,2013,1.83,1.42,0.1029787559,0.67,0.4432179322,0.4561702128,161.78,0.5530243313,1.005906774,0.9770245415,6.15,0.06187398182,0.4432179322,0.3685847589,1.620816147,0.2210595713,0.06187398182,0.04564203124,0.04564203124,0.04564203124,0.1029787559,0.4566371681,0.1128277892,0.397575901,0.2755688686,0.6584792751,0.6584792751,0.1184664278,1.617874772,1.005906774,1.846790495,0.0,17.87,0.01004106283,0.08238133135,0.310080476,0.4024154828,0.5186506816,0.1278154396,0.8185306647,0.1993542498,0.03527327805,1.422174759,1.23284471,0.4432179322,0.133387159,2.392909404,2.650942249,0.3810289558,0.6303024303,0.8118026912,0.4432179322,0.4923408549,0.4094359053,0.6730932149,1.079245657,1.297777558,0.2152613429,0.0768962452,1.502349719,1.964953223,4.363648872,9.478996914,5.42,2.473521635,5.456388753,Probable Bankrupt
Shilpi Cable Technologies Limited,2012,1.66,1.39,0.07924940791,0.76,0.4764860349,0.3965623082,114.8,0.8533138959,1.008079884,0.9674517875,4.5,0.04537312295,0.4764860349,0.3133965581,1.153779379,0.05644653747,0.04537312295,0.03776123614,0.03776123614,0.03776123614,0.07924940791,0.1083490485,0.1111555759,0.4387247987,0.4184007927,0.6896634042,0.6896634042,0.0715076282,1.148028386,1.008079884,1.833029696,0.0,9.86,-0.2743478261,0.04528147519,0.1917471306,0.2944055944,0.449982693,0.1292400335,0.8734130515,0.1398684867,0.03354416439,1.392056841,1.145316089,0.4764860349,0.1883835952,1.602284528,1.772989564,0.5724331123,0.6869230769,0.7898825929,0.4764860349,0.4039193962,0.265667699,0.690896504,1.00986014,1.535384615,0.2131773693,0.06075797072,1.082271751,1.303881131,3.633820373,8.911793365,5.41,1.317979708,5.241315001,Probable Bankrupt
Shilpi Cable Technologies Limited,2011,3.14,2.69,1.390095792,2.01,0.2689176135,0.3644578313,80.34,,1.0107642,0.9637720999,4.35,0.04404062618,0.2689176135,0.5747504485,0.8085238511,,0.04404062618,0.3738212429,0.3738212429,0.3738212429,1.390095792,,0.1504962528,-0.1049036294,0.3383199745,0.5129720778,0.5129720778,0.05273931644,0.8034178205,1.0107642,3.273776941,0.0,4.78,0.4433311385,0.0200421468,0.2619739993,0.1446517119,0.9494238443,0.1677131861,0.8803762823,0.1257647546,0.03640765816,2.692439275,1.644666637,0.2689176135,0.6879671801,1.495269695,3.763403614,0.1750629358,0.5011097993,0.843668062,0.2689176135,0.2081315779,0.4448340746,0.5242344079,1.180118064,0.5521605667,0.2440544643,0.06302495435,0.7557845347,0.9028659508,1.382968506,11.98938992,5.43,-1.983859222,8.497584702,Probable Bankrupt
Noesis Industries Limited,2018,0,0.0,0.002367941712,-0.91,34.3125,5.255489022,0,-221.1666667,0.0,0.0,0.0,22.66666667,34.3125,-34.203125,0.0015625,-0.0734375,22.66666667,0.08125,0.08125,0.08125,0.002367941712,0,-1.666666667,34.23125,-7320.0,38.471875,38.471875,-0.1046875,0.0,0.0,0.02891621129,0.0,0.31,0.0,-4.06e-05,-0.003051001821,0.002793761988,-0.9740069856,-15.66666667,0.9921875,0.0,0.0,0.00295992714,0.002842985948,34.3125,437.9,0.0,-43.69261477,-8190.0,-0.1109999166,0.109375,34.3125,-0.0002284148013,0.0002276867031,0.8918853058,0.9127679093,-0.9156867651,4.159375,-1.0,0.10625,-0.004724409449,0.0001370488808,3.328173375,5.33,5.327608862,6.795383419,Bankrupt
Noesis Industries Limited,2017,0,0.0,0.002369776238,-0.92,31.94032023,4.804744526,0,-105.5,0.0,0.0,0.0,10.85714286,31.94032023,-31.83697234,0.0,-0.1499272198,10.85714286,0.07569141194,0.07569141194,0.07569141194,0.002369776238,0,-0.7142857143,31.86462882,-3134.714286,35.81513828,35.81513828,-0.1106259098,0.0,0.0,0.03108052682,0.0,0.35,0.0,-8.13e-05,-0.003463519118,0.003177523204,-0.9720788458,-6.714285714,0.9927219796,0.0,0.0,0.003007792918,0.002885592359,31.94032023,405.1296296,0.0,-39.91240876,-3507.571429,-0.1112969312,0.1033478894,31.94032023,-0.0002286027798,0.0002278630998,0.8918106076,0.9144577306,-0.9174262062,3.874818049,-1.0,0.1106259098,-0.01026392962,0.0003200438917,4.948216341,5.36,6.232711415,8.256305502,Bankrupt
Noesis Industries Limited,2016,0,0.0,0.002629908407,-1.03,27.9164557,4.425210084,0,-63.83333333,0.0,0.0,0.0,15.83333333,27.9164557,-27.80886076,0.001265822785,0.06075949367,15.83333333,0.07341772152,0.07341772152,0.07341772152,0.002629908407,0,-0.4166666667,27.84303797,-1837.833333,31.1278481,31.1278481,-0.1253164557,0.0,0.0,0.03559444999,0.0,0.46,0.0,-0.001992598918,-0.004488981591,0.004159489097,-0.9678744256,-4.0,0.9936708861,0.0,0.0,0.003627459871,0.003456549144,27.9164557,366.2333333,0.0,-36.92268908,-2044.416667,-0.10659216,0.1075949367,27.9164557,-0.0002275934271,0.000226716242,0.8968321744,0.9230284442,-0.9265997227,3.211392405,-1.0,0.1265822785,-0.0152866242,0.000546224225,4.906973441,5.42,7.556488414,7.996253786,Bankrupt
Noesis Industries Limited,2015,0,0.0,0.0004994097884,-1.03,29.68463612,4.094867807,0.03,-65.19565217,0.0,0.0,-450094.27,46.47826087,29.68463612,-29.63207547,0.00269541779,-2.041778976,46.47826087,0.01482479784,0.01482479784,0.01482479784,0.0004994097884,0,-0.2173913043,29.66981132,-957.6521739,32.82075472,32.82075472,-1.314016173,0.0,0.0,0.03346045582,0.0,4.05,0.0,-0.03276803679,-0.04426586761,0.04129431197,-0.9695314746,-3.130434783,0.9932614555,0.0,0.0,0.001543630255,0.001601445407,29.68463612,231.4947368,0.0,-34.19440124,-1058.347826,-0.09855575791,0.0525606469,29.68463612,-0.0002274071042,0.0002270044493,0.9044470907,0.9312184999,-0.9328702723,3.136118598,-1.0,1.31671159,-0.03120759837,0.001046072679,6.665656719,5.44,6.69517609,7.410227605,Probable Bankrupt
Noesis Industries Limited,2014,0.01,0.01,0.002061605627,-1.1,10.96056712,3.58719346,0.87,-82.17105263,-0.5263157895,-0.5263157895,-18023.14,93.18421053,10.96056712,-10.8644218,0.1214000886,-0.7669472751,93.18421053,0.02259636686,0.02259636686,0.02259636686,0.002061605627,-23,-0.1315789474,10.93797076,-651.0,10.97873283,10.97873283,-1.68852459,0.008861320337,-0.5263157895,0.0910340367,0.0,4.64,1.9,-0.00185641067,-0.1540544911,0.1692123257,-0.9089148069,-1.815789474,0.9977846699,0.008861320337,0.0,0.008569811626,0.008757415553,10.96056712,229.2149533,0.0008071350741,-33.40735695,-650.7368421,-0.001820442234,0.09614532565,10.96056712,-0.0002039068553,0.0002021181987,0.9983453731,1.088757659,-1.098392683,0.01816570669,-0.9951040392,1.809924679,-0.01687388988,0.001549692101,10.01787847,5.44,3.865992884,6.386106401,Probable Bankrupt
Noesis Industries Limited,2013,0.02,0.01,0.00061462815,-1.17,5.711634905,3.061627907,6.49,121.0504587,2.376146789,2.376146789,-9311.91,-221.440367,5.711634905,-5.600802407,0.08149448345,-4.617101304,-221.440367,0.003510531595,0.003510531595,0.003510531595,0.00061462815,-9.175,1.100917431,5.708124373,208.9724771,5.76003009,5.76003009,-1.537612839,0.0649448345,2.376146789,0.1698129774,0.0,15.59,-0.0694980695,-0.1746549998,-0.2699095619,0.3238687246,-0.8263897958,3.009174312,0.9699097292,0.0649448345,0.0,0.01413644745,0.01924165252,5.711634905,102.5388128,0.01197161639,-25.97209302,210.6146789,-0.01016699152,0.1108324975,5.711634905,-0.005372492837,0.005268241285,0.991598102,1.176631723,-1.199915714,0.04839518556,-0.9598884931,1.619107322,0.02817993795,-0.004880014327,9.478996914,5.42,2.473521635,5.456388753,Probable Bankrupt
Noesis Industries Limited,2012,1.04,0.97,0.0233884769,3.18,0.7042989152,2.783298097,168.83,0.733950568,1.006225557,1.006225557,-22.5,-0.2264346716,0.7042989152,0.03057899201,1.692111959,-0.463015044,-0.2264346716,0.01647247891,0.01647247891,0.01647247891,0.0233884769,-3.446355446,0.03248463565,0.6878264363,0.4197461888,0.7698763448,0.7698763448,-0.1679835722,1.688362127,1.006225557,1.342460544,0.0,-128.49,-0.000766769784,0.1030383857,-0.2765418014,-0.8463627546,0.2989098921,1.007555804,0.9454935048,1.688049641,0.0,0.9660264943,0.9545401832,0.7042989152,1.887323944,2.227820944,0.7241014799,0.4490116264,0.2849660524,0.7348779072,0.7042989152,1.782481752,0.077391139,0.914820828,0.1328806984,3.060523763,0.06557742958,-0.0923250456,1.860095531,1.774645892,54.87153285,8.911793365,5.41,1.317979708,5.241315001,Probable Bankrupt
Noesis Industries Limited,2011,1.41,1.1,0.04283181792,1.05,0.5335794709,2.722854188,144.33,0.674581421,1.005120687,1.005120687,3.58,0.0360572837,0.5335794709,0.221249199,1.450096116,0.06252097763,0.0360572837,0.02285417874,0.02285417874,0.02285417874,0.04283181792,-0.0106833671,0.1153535611,0.5107252922,0.3715578786,0.5830409178,0.5830409178,0.02322033381,1.443413786,1.005120687,1.563675874,0.0,11.1,-0.002917239192,0.1286895541,0.06067364328,0.07764361508,0.7151454888,1.005970593,0.8343453453,1.442803527,0.0,1.104191685,1.294640988,0.5335794709,-6.483985765,2.459964413,7.498448811,0.3900858406,0.1186242225,0.7548286699,0.5335794709,0.7487243139,0.3104591983,0.9151664224,0.5306256861,1.279692645,0.04946144692,0.0115903599,1.426875782,1.721181978,6.490690939,11.98938992,5.43,-1.983859222,8.497584702,Probable Bankrupt
Noesis Industries Limited,2010,1.84,1.48,0.0487483531,1.3,0.4940762921,3.355053191,142.37,,1.004430874,1.004384958,3.65,0.03673263235,0.4940762921,0.4140411405,1.475947142,,0.03673263235,0.02408540555,0.02408540555,0.02408540555,0.0487483531,,0.1259699711,0.4699908866,0.3485008494,0.6135268845,0.6135268845,0.06337065486,1.423707851,1.004224253,1.662516469,0.0,10.29,0.0008228383351,-0.205198939,0.1493412385,0.1909213407,0.6299204244,1.004407916,0.8214099727,1.422080458,5.31e-05,1.47654809,1.480159151,0.4940762921,-37.67708333,2.30397878,16.9162234,0.4157674824,0.3090786593,0.9081174326,0.4940762921,0.4313340146,0.3614624506,0.8053050398,1.071332323,1.278423446,0.1194505924,0.007880184332,1.412576487,1.725957919,3.424101879,10.88235294,5.55,4.808592108,7.861888833,Probable Bankrupt
Ankur Drugs and Pharma Limited,2012,0.1,0.07,0.003489781081,-37.44,0.4048997481,0.01357031091,9.91,13.56013281,1.154123627,1.154123627,-202.97,-2.520823086,0.4048997481,-0.3636542047,0.0992248062,-0.1640859582,-2.520823086,0.001413011481,0.001413011481,0.001413011481,0.003489781081,-8.347654042,0.1450237744,0.4034867367,5.074192491,0.844104275,0.844104275,-0.09949955843,0.09910051353,1.241924906,2.441166492,0.0,-33.8,0.001775820429,0.00247996652,-0.2150092899,-0.5584322941,0.1846877567,0.7696343663,0.9884276976,0.01821868969,0.0,0.0732854027,0.04886309035,0.4048997481,-20.41245552,0.0943627261,-0.3900587298,10.5605837,2.817296798,0.04124554345,0.4048997481,-0.03182227019,0.0285806608,0.4796797743,-2.332675926,2.597247283,0.4392045269,-0.5394693528,0.1987243646,0.08073013184,-0.2194279547,8.911793365,5.41,1.317979708,5.241315001,Bankrupt
Ankur Drugs and Pharma Limited,2011,0.24,0.07,0.003212674892,3.4,0.5370051925,0.01285203546,46.35,2.061329499,1.025777811,1.025777811,-8.34,-0.08677941306,0.5370051925,-0.4080236923,0.4640569155,0.162957718,-0.08677941306,0.001725223099,0.001725223099,0.001725223099,0.003212674892,-0.9641388486,0.2085429988,0.5352799694,1.205137906,0.8378852249,0.8378852249,-0.02628295907,0.4635342909,1.04025576,1.689134461,0.0,-8.35,-0.002360549319,-0.0271898055,-0.0258792997,-0.08572518026,0.1934808853,0.3750267993,0.9070739767,0.1329433318,0.0,0.06714176582,0.1539369551,0.5370051925,-1.798833643,0.5307377599,-0.4824962454,1.876496034,1.855969218,0.1289815002,0.5370051925,-0.227746636,0.1730449251,0.6409054326,-2.516881586,3.3125,0.3008800324,-0.07199587416,0.4903398746,0.491246004,-1.092084785,11.98938992,5.43,-1.983859222,8.497584702,Bankrupt
Ankur Drugs and Pharma Limited,2010,1.17,0.64,0.01518371816,2.59,0.416958711,0.02527608966,71.67,1.246203019,1.017040112,0.9973594476,8.07,0.08185712522,0.416958711,0.06910372608,0.7290970124,0.2383148708,0.08185712522,0.006330983552,0.006330983552,0.006330983552,0.01518371816,0.3448997814,0.3084982096,0.4106277274,0.5899070108,0.7601275596,0.7601275596,0.0805706613,0.7167908694,1.014105109,1.875358258,5.04,9.92,-0.00598645809,0.08429531624,0.2400412198,0.4172520921,0.3155686666,0.2670187403,0.7819469621,0.1708492783,0.009150245979,0.6427720349,0.6394485122,0.416958711,-0.2874988661,0.9108910891,0.1345226426,1.066460235,1.43063058,0.4860624371,0.416958711,3.155445448,0.5229607445,0.5485378154,0.2880853089,1.73825184,0.3431688486,0.1052609785,0.6485263511,0.9039245821,10.22840766,10.88235294,5.55,4.808592108,7.861888833,Bankrupt
Ankur Drugs and Pharma Limited,2009,1.36,0.8,0.04154645124,2.85,0.336051052,0.03041191651,85.12,1.054960953,1.005382533,0.9685655912,3.84,0.03850741006,0.336051052,0.1207724785,0.8304143566,0.2067904771,0.03850741006,0.01396172865,0.01396172865,0.01396172865,0.04154645124,0.4212059971,0.2206631198,0.3220893233,0.3954035863,0.7605704565,0.7605704565,0.05318501935,0.8512335505,1.001576387,2.417667733,11.52,4.92,-0.04458335912,0.04852298671,0.2154435294,0.3023855102,0.314802582,0.1985625836,0.8124597851,0.1505381083,0.02057040874,0.8013166868,0.6006327574,0.336051052,-0.09802399161,1.077622872,0.2237938131,0.8784729784,1.773045207,0.4568235304,0.336051052,1.552839002,0.558070608,0.4418407908,0.5044176115,1.403548815,0.4245194045,0.0952154141,0.7772293373,1.0460749,7.037147862,8.349267049,5.54,3.77175625,3.08669806,Bankrupt
Ankur Drugs and Pharma Limited,2008,1.59,1.05,0.262325664,2.93,0.2501777936,0.02370995445,74.86,0.9596759689,1.012934265,0.9950391175,9.31,0.09404694104,0.2501777936,0.1482131745,0.7500666726,0.5769512846,0.09404694104,0.06562805583,0.06562805583,0.06562805583,0.262325664,0.6137231019,0.1845718054,0.1845497378,0.3374299332,0.7561449907,0.7561449907,0.0833518535,0.748655436,1.009756902,3.450164342,6.67,9.29,0.08358363542,0.03159580878,0.3842942169,0.3942583732,0.3224976854,0.1994544528,0.8631545026,0.1385456485,0.008773347833,1.045438394,0.5268711332,0.2501777936,0.01915228217,0.9675224477,0.2490105295,0.9313419862,2.074868991,0.3983909681,0.2501777936,0.9233018444,0.5469929821,0.330859553,0.6077922078,1.025928458,0.5059671971,0.1229020484,0.6667148191,0.8589672619,5.00239916,6.372881356,5.41,5.681844063,7.660815065,Probable Bankrupt
Ankur Drugs and Pharma Limited,2007,1.22,0.77,0.01741434791,3.83,0.2775340811,0.04194970802,72.61,0.9700592314,1.009462583,0.970384282,9.94,0.09924877203,0.2775340811,0.06070237188,0.7263008589,0.5890047543,0.09924877203,0.004833075044,0.004833075044,0.004833075044,0.01741434791,0.4837082195,0.1718072811,0.272701006,0.3816093615,0.8016600562,0.8016600562,0.07998213864,0.7261432586,0.9984469806,3.152943403,6.92,9.99,-0.0003935599284,0.05606159895,0.3178118493,0.44470931,0.2474115334,0.1853149379,0.8750492501,0.1281552888,0.01772608126,0.7685027447,0.4219200524,0.2775340811,-0.1084364056,0.8878112713,0.0918047114,1.095637099,2.642563899,0.3382364529,0.2775340811,2.05841627,0.4502176793,0.3461992136,0.3060521785,1.399284863,0.5241259752,0.1235064618,0.6463187203,0.8311220508,11.98096062,5.796523376,,2.570606702,8.060732573,Probable Bankrupt
Ankur Drugs and Pharma Limited,2006,1.52,0.87,0.04582565183,3.86,0.2426663258,0.09634888438,87.21,0.787498294,1.017060188,0.9579636959,10.24,0.09540057322,0.2426663258,0.1255192689,0.8723717006,0.5249568607,0.09540057322,0.01112034256,0.01112034256,0.01112034256,0.04582565183,0.4104234528,0.1675992903,0.2315459833,0.2591101406,0.8158113376,0.8158113376,0.09880488273,0.8721160606,0.9312133206,3.474058467,10.19,11.79,0.006642512077,0.05930278104,0.4477218857,0.5898681471,0.2257735997,0.312133206,0.8430370039,0.2763469036,0.0339208774,0.870424019,0.4513121817,0.2426663258,-0.04880952381,1.121582452,0.199188641,0.8592193258,3.111727967,0.3681855947,0.2426663258,1.250509165,0.6468264419,0.2974539757,0.6814712006,1.317487856,0.5731450118,0.1273959022,0.7735668179,1.110908953,7.461303462,4.24634362,,4.855145172,7.923430621,Probable Bankrupt
Ankur Drugs and Pharma Limited,2005,1.46,0.81,0.03404448479,2.9,0.2963810036,0.2272727273,105.76,,1.025184491,1.019093358,6.31,0.05821717231,0.2963810036,0.1370913494,1.057715593,,0.05821717231,0.01009013857,0.01009013857,0.01009013857,0.03404448479,,0.1696146187,0.2862908651,0.2580531803,0.7785550922,0.7785550922,0.09794161173,1.057581057,0.9208152747,2.716749887,19.12,9.49,0.003999085923,0.08657335407,0.433499773,0.5801944107,0.2844306204,0.3276326578,0.805193058,0.3491187946,0.004492828754,0.805265547,0.5567651633,0.2963810036,-0.07473867596,1.468636599,0.2437799043,0.6690875015,2.177399757,0.433472353,0.2963810036,1.421000981,0.6572855197,0.3806808364,0.6190765492,1.338396112,0.4821740885,0.1019063639,0.9597739809,1.426399332,8.377821394,3.767251735,,4.910128304,7.922936613,Probable Bankrupt
Rotomac Exports Private Limited,2023,28.61,11.91,0.3333333333,0.06,0.02976190476,3.544715447,0.28,3.675324675,1.029220779,1.029220779,2.84,0.02922077922,0.02976190476,0.818452381,0.316468254,-0.246031746,0.02922077922,0.009920634921,0.009920634921,0.009920634921,0.3333333333,1,1.62012987,0.01984126984,0.0974025974,0.07837301587,0.07837301587,0.008928571429,0.314484127,1.029220779,16.96666667,0.0,2.34,-0.07886435331,-0.1518987342,0.3,0.009687836383,11.75949367,1.061688312,0.5049603175,0.314484127,0.0,11.86666667,10.82278481,0.02976190476,-17.15789474,4.012658228,6.707317073,0.224025974,0.05274488698,0.8482142857,0.02976190476,0.6048484848,16.63333333,0.3797468354,0.8880516685,0.03229278794,0.04861111111,0.02258064516,0.3075396825,0.605108055,0.3733333333,6.699034141,10.05,0.2298150623,7.002951544,Financial Distress
Rotomac Exports Private Limited,2022,4,4.0,0.1282051282,0.07,0.2173566879,3.303030303,0.27,3.684824903,1.013618677,1.013618677,-1.05,-0.01167315175,0.2173566879,0.6544585987,0.4211783439,-1.015923567,-0.01167315175,0.02786624204,0.02786624204,0.02786624204,0.1282051282,0,0.0,0.1894904459,0.5311284047,0.2667197452,0.2667197452,0.0007961783439,0.4148089172,1.013618677,4.600732601,0.0,8.27,0.0537428023,4.764179104,0.02564102564,0.007600434311,2.749253731,1.035019455,1.0,0.4148089172,0.0,4.010989011,3.268656716,0.2173566879,-45.66666667,1.537313433,6.227272727,0.5836575875,0.06731813246,0.8718152866,0.2173566879,0.0,0.0,0.8149253731,0.8925081433,0.2964169381,0.04936305732,-0.01325757576,0.4203821656,0.4092356688,0.6253041363,5.131407472,7.33,0.1472360633,9.050277908,Financial Distress
Rotomac Exports Private Limited,2021,0.01,0.01,0.004516129032,1.68,0.612164297,3.048951049,0.09,11.33035714,1.044642857,1.044642857,-2.16,-0.02232142857,0.612164297,-0.6058451817,0.09478672986,-0.004739336493,-0.02232142857,0.002764612954,0.002764612954,0.002764612954,0.004516129032,0,0.0,0.609399684,6.919642857,0.6346761453,0.6346761453,-0.001974723539,0.09241706161,1.044642857,1.633548387,0.0,0.49,0.02564102564,0.01493466086,-0.003225806452,-0.005405405405,0.5756067206,1.09375,1.0,0.09241706161,0.0,0.01032258065,0.009956440572,0.612164297,73.04761905,0.1456129434,-10.72727273,7.142857143,0.06162162162,0.006319115324,0.612164297,0.0,0.0,0.9645301805,-1.658378378,1.675675676,0.02251184834,-0.04489795918,0.0967614534,0.08846761453,-0.1460234681,6.623436776,5.98,4.203910403,-5.83105322,Financial Distress
Rotomac Exports Private Limited,2020,0.01,0.01,0.0,1.68,0.6132075472,2.831168831,0.11,9.870588235,1.058823529,1.058823529,2.57,0.02745098039,0.6132075472,-0.6065251572,0.1132075472,0.02122641509,0.02745098039,0.0,0.0,0.0,0.0,0,0.0,0.6132075472,6.117647059,0.6340408805,0.6340408805,0.003144654088,0.1061320755,1.058823529,1.630769231,0.0,1.18,0.0,0.004339739616,0.005769230769,0.009667024705,0.5771853689,1.098039216,1.0,0.1061320755,0.0,0.0108974359,0.01053936764,0.6132075472,61.72,0.1667699938,-10.01948052,6.325490196,0.05692803437,0.006682389937,0.6132075472,0.0,0.0,0.9671419715,-1.65735768,1.675617615,0.02083333333,-0.03571428571,0.1100628931,0.1002358491,-0.1652624757,3.729505735,8.0,6.894875427,3.871436941,Financial Distress
Rotomac Exports Private Limited,2019,0.01,0.01,0.0,1.64,0.6269076305,4.074766355,0.18,5.600222717,1.033407572,1.033407572,-10.39,-0.1069042316,0.6269076305,-0.6228915663,0.19437751,-0.01967871486,-0.1069042316,0.0,0.0,0.0,0.0,0,0.0,0.6269076305,3.476614699,0.6289156627,0.6289156627,-0.02449799197,0.1863453815,1.033407572,1.595131326,0.0,-0.29,-0.002155172414,-0.02362707535,-0.04740550929,-0.08008658009,0.5900383142,1.08908686,1.0,0.1863453815,0.0,0.006406149904,0.006385696041,0.6269076305,38.775,0.3045977011,-14.4953271,3.487750557,0.005411255411,0.004016064257,0.6269076305,0.0,0.0,0.996807152,-1.678571429,1.689393939,0.002008032129,-0.1486238532,0.218875502,0.1803212851,-0.2894906512,3.938826467,5.27,5.36166639,6.453851345,Financial Distress
Rotomac Exports Private Limited,2018,0.02,0.02,0.0006451612903,1.48,0.6104765656,3.278195489,0.11,9.318627451,1.055555556,1.055555556,-18.62,-0.1960784314,0.6104765656,-0.5982670343,0.127609295,-0.2461599055,-0.1960784314,0.0003938558488,0.0003938558488,0.0003938558488,0.0006451612903,0,0.0,0.6100827097,5.065359477,0.6175659709,0.6175659709,-0.03426545884,0.1272154391,1.055555556,1.638064516,0.0,0.9,-0.03715170279,-0.1096938776,-0.0735483871,-0.1174047374,0.6192602041,1.091503268,1.0,0.1272154391,0.0,0.02,0.01977040816,0.6104765656,54.25,0.2232142857,-11.42105263,5.120915033,0.01853759011,0.01220953131,0.6104765656,0.0,0.0,0.9885204082,-1.564366632,1.596292482,0.007089405278,-0.2141119221,0.1618747538,0.1205198897,-0.2014483213,3.328173375,5.33,5.327608862,6.795383419,Financial Distress
Rotomac Exports Private Limited,2017,0.03,0.03,0.008689839572,1.73,0.4728192162,3.006896552,0.04,36.25842697,1.415730337,1.415730337,-43.39,-0.6179775281,0.4728192162,-0.4598609355,0.05372945638,-0.03982300885,-0.6179775281,0.004108723135,0.004108723135,0.004108723135,0.008689839572,0,0.0,0.468710493,16.80898876,0.6747787611,0.6747787611,-0.02749683944,0.03982300885,1.415730337,2.114973262,0.0,0.41,0.07936507937,-0.0206088993,-0.08021390374,-0.1166180758,0.4819672131,1.528089888,1.0,0.03982300885,0.0,0.02740641711,0.01920374707,0.4728192162,30.95744681,0.07447306792,-10.03448276,23.84269663,0.6209912536,0.01295828066,0.4728192162,0.0,0.0,0.7007025761,-1.413994169,1.453838678,0.2019595449,-0.5097276265,0.08122629583,0.0281289507,-0.06116838488,4.948216341,5.36,6.232711415,8.256305502,Bankrupt
Rotomac Exports Private Limited,2016,0.09,0.09,0.007832898172,0.59,0.1164133739,2.831168831,3.77,65.48412698,1.968253968,1.968253968,57.34,1.126984127,0.1164133739,-0.1063829787,0.07234042553,-0.5079027356,1.126984127,0.0009118541033,0.0009118541033,0.0009118541033,0.007832898172,0,0.0,0.1155015198,6.079365079,0.2765957447,0.2765957447,0.0003039513678,0.0376899696,1.968253968,8.590078329,0.0,2.44,-0.2096774194,0.3494505495,-0.180156658,-0.02899159664,2.615384615,2.158730159,1.0,0.0376899696,0.0,0.0861618799,0.03626373626,0.1164133739,4.794520548,0.2131868132,-2.272727273,14.3968254,0.2214285714,0.01003039514,0.1164133739,0.0,0.0,0.4208791209,-0.1470588235,0.1609243697,0.1601823708,-0.4767932489,0.07203647416,0.01914893617,-0.18,4.906973441,5.42,7.556488414,7.996253786,Bankrupt
Rotomac Exports Private Limited,2015,1.27,1.27,0.09415584416,1.76,0.06208425721,0.2784163474,16.47,,1.102564103,1.102564103,7.87,0.08636977058,0.06208425721,0.01652892562,0.1983471074,,0.08636977058,0.005845595646,0.005845595646,0.005845595646,0.09415584416,0,0.0,0.05623866156,0.4156545209,0.4628099174,0.4628099174,0.002620439428,0.1646845394,1.102564103,16.10714286,0.0,1.38,0.03304773562,0.001742160279,-0.1233766234,-0.01425891182,1.160714286,1.156545209,1.0,0.1646845394,0.0,1.266233766,0.1698606272,0.06208425721,-0.7068965517,0.3780487805,0.05236270754,3.059379217,0.7459662289,0.07861318283,0.06208425721,0.0,0.0,0.1341463415,0.03076923077,0.1155722326,0.4007256601,-0.1585993821,0.195726668,0.1493650474,9.036585366,6.665656719,5.44,6.69517609,7.410227605,Bankrupt
Gujarat Fluorochemicals,2023,1.5,0.86,0.06883150199,0.27,0.2793920723,0.002574391481,0.74,1.446231409,1.061096748,1.05042554,23.27,0.2509517026,0.2793920723,0.1384429587,0.6996400837,0.1783861461,0.2509517026,0.01925128324,0.01925128324,0.01923097598,0.06883150199,0.3622776663,0.2817419146,0.2601610963,0.4436347359,0.3405252891,0.3405252891,0.2131951803,0.6790580776,1.078247312,2.944123306,3.3,31.52,-0.0002788582542,0.2591987147,0.9604643208,0.4069088815,1.936639457,0.5738875938,0.8225647115,0.3332254261,0.009867855627,0.8604386677,1.227030838,0.2793920723,-0.1453002867,1.790603612,0.2714846907,0.510169514,0.09269986523,0.417835031,0.2793920723,1.281649065,0.6350763179,0.8204737834,0.2099291397,0.4236585083,0.06113321683,0.3737568206,0.4864449034,0.7656291524,4.549018085,6.699034141,10.05,0.2298150623,7.002951544,Financial Distress
Gujarat Fluorochemicals,2022,1.28,0.78,0.08021401595,0.36,0.2771715821,0.003441376049,0.6,1.791748606,1.074048039,1.058722946,19.62,0.2164230105,0.2771715821,0.0773067948,0.5981550003,0.1322133454,0.2164230105,0.02497074025,0.02497074025,0.0222330457,0.08021401595,0.08799062559,0.264230942,0.2549385364,0.5317757192,0.3849579459,0.3849579459,0.1519602213,0.5748126286,1.102823734,3.110989299,2.79,22.6,0.00363336043,0.2799989425,0.6895247587,0.3107375617,1.597686346,0.6098154238,0.8622778258,0.2879784241,0.01037480738,0.7820289551,0.9208236396,0.2771715821,-0.2970689162,1.342130707,0.1665012259,0.6959165628,0.1752503965,0.3544783769,0.2771715821,1.781501542,0.4968841796,0.7200048343,0.1256935104,0.4506546832,0.1077863639,0.2546408381,0.446194779,0.604467533,6.742213947,5.131407472,7.33,0.1472360633,9.050277908,Financial Distress
Gujarat Fluorochemicals,2021,1.08,0.59,0.01213683145,0.4,0.2996927294,0.003972198227,44.4,2.503265405,1.090640976,1.063619233,-8.35,-0.09214680594,0.2996927294,0.02256947935,0.4777572261,-0.01646762768,-0.09214680594,0.01511389453,0.01511389453,0.003637320144,0.01213683145,0.05912652938,0.3593650556,0.2960554092,0.744083794,0.4171324313,0.4171324313,0.08081351321,0.4440680351,1.102542024,2.853787798,0.0,14.23,-0.001918463399,0.2475770465,0.6631484204,0.3409706952,1.397320191,0.6174609711,0.8552594544,0.2148381217,0.01304559129,0.5923455782,0.7725656999,0.2996927294,-0.7929362128,0.7573270997,0.04868924687,1.026634886,0.2014860806,0.3222622087,0.2996927294,6.413109643,0.4829631535,0.7184594313,0.03872145331,0.5141695052,0.1174397019,0.1066422424,0.3969437128,0.4709301301,17.84566847,6.623436776,5.98,4.203910403,-5.83105322,Financial Distress
Gujarat Fluorochemicals,2020,1.05,0.6,0.009000309233,0.41,0.3038205233,0.004022267036,42.96,2.310936231,1.086193187,1.053444235,7.26,0.07965096955,0.3038205233,0.01380919965,0.4652487156,0.1892789976,0.07965096955,0.01384216503,0.01384216503,0.002734478661,0.009000309233,0.2100931314,0.3419749502,0.3010860446,0.7755030776,0.3893294346,0.3893294346,0.05902946611,0.4295999486,1.096555554,2.850445133,0.0,10.96,0.006422025456,0.2313202515,0.2717507473,0.1352012999,1.568518871,0.5633459129,0.8660237318,0.1889889022,0.01647721259,0.6044800816,0.8158379374,0.3038205233,-0.7024482835,1.016083487,0.03066292377,0.9867851418,0.1400246159,0.3176297229,0.3038205233,9.701957508,0.4409717513,0.7803687475,0.02261317383,0.4975195146,0.08550891137,0.0475630143,0.4062192495,0.4523804086,28.37037479,3.729505735,8.0,6.894875427,3.871436941,Financial Distress
Gujarat Fluorochemicals,2019,1.17,0.64,0.03375142153,0.25,0.2449243894,0.00433675986,55.48,0.9722159951,1.070725424,1.068027452,45.66,0.4901185771,0.2449243894,0.04117821665,0.57236176,0.994837983,0.4901185771,0.008305175029,0.008305175029,0.008266546308,0.03375142153,1,0.2525160757,0.2366578431,0.4737930899,0.2869829342,0.2869829342,0.1328909328,0.5548853134,1.073395867,3.549925707,0.0,19.11,0.3355910787,0.8721272918,0.04386190638,0.01506675107,2.484527757,0.5622087192,0.8694633861,0.2572123888,0.002429935674,0.6351592526,0.9969324719,0.2449243894,-0.3948434622,2.351901442,0.07992423495,0.539161898,0.05898672963,0.286102606,0.2449243894,3.170040486,0.5329669874,0.853445833,0.05775207724,0.3435042457,0.04205854488,0.25948029,0.4394708272,0.5945549694,12.55381653,3.938826467,5.27,5.36166639,6.453851345,Financial Distress
Conros Steels Private Limited,2023,3.05,3.02,2.297560325,0.0,0.100273748,0.04717821177,0.62,1.88063949,1.061223272,-0.5294391846,14.1,0.1637637248,0.100273748,0.2058100519,0.6299708725,0.03442198777,0.1637637248,0.2394292139,0.2394292139,0.230384985,2.297560325,0.1748251748,0.005283846891,-0.130111237,0.1918812371,0.1583750095,0.1583750095,0.1145233473,0.606695611,1.160956948,9.945162867,62.28,13.25,-0.005517359595,0.6592372369,1.430749974,0.1704638811,5.314127484,1.14265676,0.9972387549,0.5545765521,2.624315947,3.024944822,1.932652133,0.100273748,-2.723662845,0.6945993219,0.429152155,-0.137796417,0.06903462011,0.3060837999,0.100273748,0.01341647361,0.02753706913,0.6331412279,0.244538903,0.1191430258,0.0581012615,0.07591272637,0.5154475252,0.5240293243,2.539148823,6.699034141,10.05,0.2298150623,7.002951544,Financial Distress
Conros Steels Private Limited,2022,2.58,2.56,2.050153524,0.01,0.109467021,0.0470273149,0.6,1.935602795,1.063853351,-0.5363331129,13.43,0.1566619847,0.109467021,0.1731222287,0.6076099204,0.04547954267,0.1566619847,0.2244241988,0.2244241988,0.2244241988,2.050153524,0.2187092568,0.004673794152,-0.1149571779,0.2168149951,0.1646147161,0.1646147161,0.1054167035,0.5886058863,1.165817625,9.113614806,46.19,12.37,-0.04235037038,0.6398471192,1.203438657,0.1576959126,5.074791027,1.149380128,0.9976402632,0.5371254745,2.453951211,2.559944633,1.716670638,0.109467021,-2.264152483,0.6490844442,0.347451047,-0.1184611822,0.06601468343,0.2825892497,0.109467021,0.01363046685,0.02155660013,0.6649892769,0.2072363878,0.1310377656,0.05514769506,0.06955939742,0.5021932169,0.5060809805,2.916360114,5.131407472,7.33,0.1472360633,9.050277908,Financial Distress
Conros Steels Private Limited,2021,2.42,2.4,1.874984017,0.01,0.1071308566,0.04626290206,51.78,2.154559716,1.076327654,-0.588414721,7.3,0.08356600521,0.1071308566,0.1520876057,0.5396784084,0.05000987095,0.08356600521,0.204897604,0.204897604,0.2008686438,1.874984017,-0.09553608678,0.004268223194,-0.09373778721,0.2367394835,0.1703871428,0.1703871428,0.05809196504,0.517888986,1.144439379,9.316349633,70.56,6.89,0.1002800861,0.4866613385,0.6723604937,0.08682430004,4.868987435,1.174865383,0.9980685165,0.487066635,2.210670929,2.401614129,1.521349898,0.1071308566,-1.897559138,0.5661116182,0.2866173945,-0.06735850938,0.07624795787,0.2592184623,0.1071308566,0.01269980873,0.01802919873,0.6287496512,0.1833235881,0.1291335539,0.06325628619,0.01137945574,0.4815864434,0.4534020981,2.975432201,6.623436776,5.98,4.203910403,-5.83105322,Financial Distress
Conros Steels Private Limited,2020,2.49,2.47,1.862054903,0.01,0.09983358101,0.04842724706,55.46,2.140692931,1.055184794,-0.4342666316,5.61,0.06387646406,0.09983358101,0.1485166487,0.5761778257,-0.08573716318,0.06387646406,0.185895609,0.185895609,0.185895609,1.862054903,0.09977151561,0.004572180735,-0.08606202797,0.2049280656,0.1385993662,0.1385993662,0.1150835657,0.5546807673,1.138591399,9.994358491,140.09,13.21,-0.01056204396,2.622844274,1.27007876,0.14719807,6.215040208,1.1499731,0.997772598,0.5140480698,2.617642379,2.465331056,1.791856893,0.09983358101,-2.002275471,1.006725744,0.2783298998,-0.09708484303,0.04500320024,0.2483502297,0.09983358101,0.0149976584,0.02231114963,0.7203033011,0.1724129782,0.1158968047,0.03876578521,0.1148437845,0.46109426,0.4882515561,3.280198065,3.729505735,8.0,6.894875427,3.871436941,Financial Distress
Conros Steels Private Limited,2019,2.33,2.32,0.1007961198,0.07,0.1594608572,0.05869489827,54.34,2.004052051,1.05694501,-0.4844465773,16.88,0.198474482,0.1594608572,0.2118025174,0.5681943889,0.1469275768,0.198474482,0.01607303567,0.01607303567,0.01607303567,0.1007961198,-0.1772419628,0.003994599518,0.1433878216,0.3449059562,0.1846891328,0.1846891328,0.1288225607,0.5434286018,1.175409218,6.259549764,14.84,15.38,-0.0130519793,-0.7944697303,1.040281214,0.2034612083,4.414503739,1.133366227,0.9981531712,0.4886588773,1.929279043,2.316659726,2.01020693,0.1594608572,-3.405088311,0.5158962472,0.5223373921,0.3647082878,0.03094313661,0.3712633747,0.1594608572,0.008719579218,0.01158170639,0.8634014077,0.2597813005,0.1955828919,0.02522827554,0.1121761704,0.4393718282,0.4631868373,2.182841904,3.938826467,5.27,5.36166639,6.453851345,Financial Distress
Conros Steels Private Limited,2018,2.8,2.78,1.733990994,0.01,0.1065716693,0.05173358013,60.55,1.787829081,1.047464526,-0.4947265413,15.18,0.1706245923,0.1065716693,0.1923064947,0.6318225942,0.07258416059,0.1706245923,0.1847943148,0.1847943148,0.1847943148,1.733990994,0.1685231764,0.004728104273,-0.07822264552,0.1977071328,0.1359445401,0.1359445401,0.1238964797,0.605561559,1.123411506,9.359442134,38.98,13.92,0.01227159044,0.8846920766,1.462112879,0.1803354269,6.355940881,1.118814219,0.9974513718,0.5646232463,3.057495655,2.780565772,2.198530105,0.1065716693,-2.962865518,0.8610134325,0.4457404491,-0.09062398065,0.03399419616,0.298878164,0.1065716693,0.01325294894,0.02391468738,0.7839348989,0.2225626753,0.1233389224,0.0293728708,0.1116247622,0.5079261145,0.5404153778,2.803015367,3.328173375,5.33,5.327608862,6.795383419,Bankrupt
Conros Steels Private Limited,2017,3.16,3.13,2.058565568,0.01,0.08376411201,0.0456120322,59.04,1.812544951,1.034704122,-0.5354591992,13.89,0.1527831172,0.08376411201,0.1810988633,0.6186199085,0.0539260848,0.1527831172,0.1724339168,0.1724339168,0.1724339168,2.058565568,0.2091616249,0.004256391485,-0.08866980481,0.1560333522,0.1232703434,0.1232703434,0.1145500992,0.5904733974,1.099916675,11.91100816,34.33,12.54,0.151980374,1.625644846,1.75589428,0.1677608645,7.112251274,1.102223293,0.9977150215,0.5554650385,3.418981704,3.134731457,2.148635009,0.08376411201,-3.258448195,0.8231920279,0.4290506793,-0.09158047505,0.04506090453,0.2648629754,0.08376411201,0.01261729889,0.02727872872,0.6795155244,0.2065618084,0.09554155193,0.03950623136,0.1019605385,0.5040698094,0.5380641279,2.964318235,4.948216341,5.36,6.232711415,8.256305502,Bankrupt
Conros Steels Private Limited,2016,1.85,1.83,1.197543968,0.0,0.07768476865,0.05370009254,65.52,1.61453187,1.027582982,-0.5272231358,14.85,0.1621097756,0.07768476865,0.06633614796,0.6879812961,0.06124059326,0.1621097756,0.09303092611,0.09303092611,0.09303092611,1.197543968,-1.747540984,0.003181247675,-0.01534615746,0.1293863843,0.1227828283,0.1227828283,0.1357409012,0.6552829066,1.091393943,12.84794905,27.04,10.93,-0.310032092,-0.6642637946,2.241747168,0.1985250811,7.144461351,1.089278326,0.9980899498,0.616970222,3.801508029,1.829327278,1.172972789,0.07768476865,-1.201900423,0.9105638532,0.1750506787,0.0495527131,0.05141037036,0.1440209166,0.07768476865,0.02879350494,0.02458719048,0.6327005959,0.07562112337,0.08855819421,0.04509805968,0.1172131333,0.552240395,0.6015581536,9.051010133,4.906973441,5.42,7.556488414,7.996253786,Bankrupt
Conros Steels Private Limited,2015,3.45,3.4,3.083353371,0.02,0.1063501205,0.04790853223,68.06,,1.034045505,-0.3950015407,17.24,0.1817596518,0.1063501205,0.2604445551,0.7200950394,,0.1817596518,0.3281006787,0.3281006787,0.3279150026,3.083353371,,0.008655549416,-0.2215648821,0.1646637367,0.1541322369,0.1541322369,0.146754116,0.6806783513,1.053906101,9.350339247,25.11,13.11,0.02817159334,0.8412381248,1.655881154,0.2081923061,5.487935425,1.104567231,0.9944097059,0.6677143836,2.994077718,3.396370213,2.37974017,0.1063501205,-3.773603543,1.148482641,0.5756002388,-0.2690708712,0.05648887271,0.3667946757,0.1063501205,0.02146443086,0.05256500057,0.6899927144,0.3079022118,0.1257290148,0.0477821164,0.1648412169,0.5733409234,0.6494932848,2.479846146,6.665656719,5.44,6.69517609,7.410227605,Bankrupt
Kanik Electronics Private Limited,2023,1.9,0.86,0.2717075085,0.61,0.2745720899,0.3328315989,2.41,0.4520037391,1.018825399,1.018825399,2.25,0.02458210816,0.2745720899,0.2476435686,2.027348351,0.3220425254,0.02458210816,0.07460329845,0.07460329845,0.07460329845,0.2717075085,0.2064690445,0.1548326531,0.1999687914,0.1479270043,0.5599742901,0.5599742901,0.06063375651,2.023246655,1.090033648,2.595347956,0.0,13.4,0.03269573828,-0.001791389388,0.2754827274,0.171898747,0.7857962726,1.035915379,0.7126101123,1.891074726,0.0,0.855242683,0.9325707765,0.2745720899,0.5962213677,3.350276338,0.576605334,0.2614959036,0.6486034652,0.5222156585,0.2745720899,1.160498087,1.046682814,0.4903298147,0.5627934074,0.6239910162,0.2854022002,-0.03846001266,1.966714594,2.604695418,7.495176656,6.699034141,10.05,0.2298150623,7.002951544,Financial Distress
Kanik Electronics Private Limited,2022,1.46,0.52,0.05301464919,1.0,0.3553872543,0.3709244674,2.6,0.4202723735,1.019781599,1.019781599,2.38,0.02608259069,0.3553872543,0.1648536528,2.38554448,0.1650783386,0.02608259069,0.01884073061,0.01884073061,0.01884073061,0.05301464919,0.2157798703,0.1540906238,0.3365465237,0.1627965357,0.6730820871,0.6730820871,0.07659595456,2.383489426,1.091833814,1.867309175,0.0,19.07,-0.0001476995791,0.09902134797,0.2708404009,0.2944262845,0.4857028871,1.037685452,0.6636178806,2.22619837,0.0,0.5173477255,0.7729234176,0.3553872543,2.084998668,3.27826448,0.3719383276,0.299696247,0.9717877797,0.5202409071,0.3553872543,2.040489329,0.9465227448,0.5279998697,0.5042661973,1.087084067,0.3176948328,-0.03583889113,2.308948525,3.289566043,13.24213816,5.131407472,7.33,0.1472360633,9.050277908,Financial Distress
Kanik Electronics Private Limited,2021,1.42,0.57,0.06183161579,1.11,0.3713259908,0.4439905874,2.23,0.4837869352,1.020701903,1.020701903,1.83,0.01975830368,0.3713259908,0.1559197658,2.105208921,0.1154810507,0.01975830368,0.02295968599,0.02295968599,0.02295968599,0.06183161579,0.1653405904,0.1622216381,0.3483663048,0.190650949,0.6771006997,0.6771006997,0.05223361382,2.101605471,1.079033215,1.842168526,0.0,15.79,-0.01718177886,0.06207892671,0.1776819331,0.2043297083,0.4768851966,1.040295077,0.684045053,1.987995064,0.0,0.5690170223,0.7786814529,0.3713259908,2.039140253,2.915741719,0.3515665468,0.3358574625,0.9469661551,0.5272457566,0.3713259908,2.026394443,0.85088293,0.5484058589,0.4828742758,1.149974591,0.3057747089,-0.03165174133,2.052975308,2.84728979,12.49151758,6.623436776,5.98,4.203910403,-5.83105322,Financial Distress
Kanik Electronics Private Limited,2020,1.4,0.62,0.1693885893,1.18,0.3812184625,0.5227300448,2.94,0.3696609159,1.020085371,1.020085371,2.57,0.02796124753,0.3812184625,0.1543039478,2.359023449,0.3985529831,0.02796124753,0.06457405758,0.06457405758,0.06457405758,0.1693885893,0.1842052865,0.1376411423,0.3166444049,0.1759927922,0.6786212526,0.6786212526,0.08909913921,2.354170377,1.086823065,1.841083838,0.0,21.99,0.01217394809,0.03272790893,0.2932279602,0.347826087,0.4735760134,1.037474649,0.7018551499,2.209609676,0.0,0.6226811749,0.7891329783,0.3812184625,1.77200841,3.222600081,0.3623216184,0.2834801853,0.9253965688,0.5355224102,0.3812184625,1.932191978,0.7820839741,0.5617543821,0.4801311506,1.186196864,0.2974027901,-0.02657120908,2.26992431,3.086253198,14.03789555,3.729505735,8.0,6.894875427,3.871436941,Bankrupt
Kanik Electronics Private Limited,2019,1.41,0.6,0.1257959811,1.05,0.4979457379,1.508371462,0,3.905558293,1.022327731,1.022327731,2.91,0.03196334869,0.4979457379,0.2057346609,2.032090906,-12.47250497,0.03196334869,0.06263957261,0.06263957261,0.06263957261,0.1257959811,0.9150929005,0.2182630584,0.4353061653,0.2687518312,0.5658042467,0.5658042467,0.09286745383,2.030795425,1.096063181,1.196114869,0.0,22.74,-0.003380556913,-0.05497285157,0.2540697242,0.2913730393,0.7673957129,1.027734864,0.595600301,1.89417774,0.0,0.601030749,1.24368172,0.4979457379,3.866026411,3.288296736,0.8384031374,0.2715686013,0.1562855194,0.7036803988,0.4979457379,1.965637181,0.8121360787,0.8800671624,0.4738292794,1.146823142,0.06785850884,-0.02322873721,1.939223452,3.110825703,9.005817091,3.938826467,5.27,5.36166639,6.453851345,Bankrupt
Osil Exports Limited,2023,3.05,1.42,0.1065918654,0.12,0.09936243598,0.169868363,0.7,1.725449558,1.181651935,1.181651935,15.73,0.1890886925,0.09936243598,0.2033236944,0.6976622653,0.02766261366,0.1890886925,0.0105912274,0.0105912274,0.0105912274,0.1065918654,0.1424268503,0.2833282536,0.08877120858,0.1738494361,0.2409852629,0.2409852629,0.1418318643,0.6868620005,1.201767754,8.434431978,0.0,17.05,-0.002527727624,0.7091224519,1.754207574,0.2296428899,3.149631343,0.8209082597,0.8380657074,0.4201999791,0.0,1.41654979,1.256035854,0.09936243598,0.4043567052,2.667775047,0.3675757385,0.4031088083,0.1865877169,0.3026861304,0.09936243598,0.796435915,1.62973352,0.4123174787,0.2678784541,0.1309097586,0.1416228269,0.2150557854,0.555830401,0.6819787986,2.811000685,6.699034141,10.05,0.2298150623,7.002951544,Financial Distress
Osil Exports Limited,2022,2.3,1.38,0.3517114634,0.2,0.1559711921,0.179871239,0.5,2.483045017,1.224886967,1.224886967,11.99,0.1494004325,0.1559711921,0.2027661328,0.4699917589,0.1896520836,0.1494004325,0.05485685621,0.05485685621,0.05485685621,0.3517114634,0.3216256899,0.3917829762,0.1011143359,0.4278553175,0.3027697159,0.3027697159,0.07513705256,0.4541545738,1.245822685,5.495750057,0.0,9.72,-0.009709516931,0.1943195266,0.6023432116,0.1347448481,2.302840237,0.8086298408,0.8571786879,0.2522483787,0.0,1.384332644,1.184852071,0.1559711921,0.8592706728,1.412662722,0.3717645513,0.680066837,0.210545249,0.3587373249,0.1559711921,0.7043647288,0.9156903285,0.515147929,0.2908165887,0.2237011152,0.1467985238,0.1308529946,0.3948547064,0.4252811102,1.797844142,5.131407472,7.33,0.1472360633,9.050277908,Financial Distress
Osil Exports Limited,2021,3.83,2.54,0.6044167067,0.06,0.09210293597,0.2179936306,30.26,4.334957951,1.277331804,1.277331804,2.35,0.03077217125,0.09210293597,0.261054121,0.3230898479,-0.005703926424,0.03077217125,0.05566855324,0.05566855324,0.05566855324,0.6044167067,-0.4767011834,0.5168195719,0.03643438274,0.3981269113,0.2179430492,0.2179430492,0.01348602759,0.3026176158,1.308103976,9.559289486,0.0,2.12,-0.02872961245,0.6297423412,0.1301008161,0.0153219879,3.588354636,1.053899083,0.8804386275,0.1952599929,0.0,2.536245799,1.620409819,0.09210293597,-11.34751773,1.362751065,0.4700636943,0.7014525994,0.1609091423,0.353157057,0.09210293597,0.4579945799,1.2981277,0.4226009333,0.3338044892,0.1177701136,0.1258401132,-0.045558411879999997,0.3096038203,0.262756127,0.8861788618,6.623436776,5.98,4.203910403,-5.83105322,Financial Distress
Osil Exports Limited,2020,3.91,2.54,0.7508579272,0.08,0.1281160695,0.2767054068,64.2,1.848215782,1.189646507,1.189646507,16.37,0.2003685709,0.1281160695,0.373312816,0.6604968125,0.05988129259,0.2003685709,0.09619696637,0.09619696637,0.09619696637,0.7508579272,0.06987227648,0.334478137,0.0319191031,0.2440944882,0.2346449769,0.2346449769,0.1405143988,0.6420312157,1.223236723,6.4351407,31.27,16.84,-0.02872834812,0.535506839,1.372683596,0.2297794118,3.261757542,0.8127827107,0.824444933,0.3752033414,0.0,2.543582704,2.136968334,0.1281160695,2.012527964,2.510399101,0.8581101566,0.2637795276,0.1391888787,0.5014288855,0.1281160695,0.470262631,1.3702814,0.5459996253,0.4877642463,0.1673943015,0.1065289075,0.200811702,0.5199824137,0.6366254266,1.405959251,3.729505735,8.0,6.894875427,3.871436941,Financial Distress
Osil Exports Limited,2019,5.56,3.44,1.396237172,0.04,0.08202777908,0.2690403656,64.79,1.799572992,1.201761409,1.201761409,16.92,0.2086113335,0.08202777908,0.3739419165,0.6637983445,0.107936211,0.2086113335,0.1145302343,0.1145302343,0.1145302343,1.396237172,0.03984921917,0.3303976515,-0.03250245522,0.1560359399,0.2113828742,0.2113828742,0.1440864238,0.647991395,1.232630549,10.07354618,0.0,16.44,0.04345251314,0.7586283186,2.176168757,0.2263535551,3.730752212,0.8331998932,0.8263106206,0.3978861713,0.0,3.441277081,2.157079646,0.08202777908,2.283733333,2.825884956,0.7612338157,0.1842362779,0.1640277531,0.4559696956,0.08202777908,0.4644822411,2.117445838,0.3880530973,0.4741742276,0.1040147068,0.1293550952,0.2156033474,0.5197119207,0.6361989926,1.405827914,3.938826467,5.27,5.36166639,6.453851345,Financial Distress
Osil Exports Limited,2018,3.51,2.0,0.3821034775,0.04,0.1236173001,0.3018908236,71.53,1.60110655,1.172853828,1.172853828,18.37,0.2238086739,0.1236173001,0.310249017,0.7340498034,0.1187942333,0.2238086739,0.04723460026,0.04723460026,0.04723460026,0.3821034775,0.0398205272,0.3182223809,0.07638269987,0.2104229877,0.2512712975,0.2512712975,0.1848492792,0.7153342071,1.217651258,6.577184054,6.36,21.41,-0.005554287453,0.7905278531,1.927480916,0.3182327405,2.979762153,0.8081384972,0.8130537353,0.436802097,0.0,1.997455471,1.726684749,0.1236173001,1.093953488,2.52952222,0.6321974148,0.347313939,0.1704943285,0.4338663172,0.1236173001,0.6025684353,1.512298558,0.4919674525,0.4143677356,0.1651029268,0.1276539974,0.2545819015,0.5492005242,0.7225481978,1.893545117,3.328173375,5.33,5.327608862,6.795383419,Bankrupt
Osil Exports Limited,2017,4.36,2.45,0.3517279822,0.08,0.1067285383,0.3534047531,79.94,1.540965258,1.139058023,1.139058023,15.15,0.1823065903,0.1067285383,0.3584389315,0.8212862157,-0.04765304301,0.1823065903,0.03753941341,0.03753941341,0.03753941341,0.3517279822,-0.1699766355,0.3065902579,0.06918912487,0.1606375358,0.2506395383,0.2506395383,0.1844250104,0.7993931822,1.203169771,7.460981048,23.43,21.84,0.01470010219,0.7640636126,2.351170569,0.3348682121,2.989793496,0.7529548711,0.7962996014,0.459158784,0.0,2.449832776,1.855922146,0.1067285383,0.9427328742,2.754094469,0.7419037064,0.3207378223,0.1920450937,0.4651674698,0.1067285383,0.5682987552,1.908584169,0.4258248279,0.4783264528,0.142426167,0.1439110001,0.1883232135,0.6368612053,0.8343668285,1.853609959,4.948216341,5.36,6.232711415,8.256305502,Bankrupt
Osil Exports Limited,2016,2.54,1.36,0.2220575156,0.31,0.1915388984,0.1653979239,85.08,1.304468618,1.119345751,1.119345751,15.5,0.1817968383,0.1915388984,0.2956842703,0.85479841,0.1069278819,0.1817968383,0.0425326519,0.0425326519,0.0425326519,0.2220575156,0.2750873689,0.3135075912,0.1490062465,0.2639693223,0.3612720045,0.3612720045,0.2013060761,0.8508233958,1.172562216,4.033204862,23.13,16.32,0.00503390897,0.3085507702,1.4201008,0.4258534851,1.767997485,0.5923462201,0.7725156161,0.3958546281,0.0,1.356062852,1.348632506,0.1915388984,0.230562488,2.052499214,0.6005767013,0.4392706214,0.2657361309,0.4872231687,0.1915388984,0.7693489533,1.187666765,0.5301791889,0.4629267425,0.2998755334,0.1697331062,0.2428745221,0.6534923339,0.939282564,2.454004225,4.906973441,5.42,7.556488414,7.996253786,Bankrupt
Osil Exports Limited,2015,2.25,1.39,0.2010095012,0.44,0.2141540027,0.1821656051,100.59,,1.081974218,1.081974218,16.99,0.1914393562,0.2141540027,0.2678832581,1.012271889,,0.1914393562,0.04304698925,0.04304698925,0.04304698925,0.2010095012,,0.2068228759,0.1711070134,0.2398689552,0.3956253577,0.3956253577,0.2456285369,1.005976982,1.126771597,3.807304038,23.29,22.54,0.009478672986,0.3656380585,1.495546318,0.5299316149,1.527643844,0.5693326686,0.8153493991,0.4777134864,0.0,1.388657957,1.218418515,0.2141540027,0.2164709773,2.25297332,0.5366878981,0.3949148921,0.3002630195,0.4820372608,0.2141540027,0.6892950392,0.8622327791,0.5413050466,0.4432403998,0.3543398211,0.181471355,0.2600149291,0.7666433522,1.094985573,3.332779492,6.665656719,5.44,6.69517609,7.410227605,Bankrupt
Shamkens Spinners Limited,2010,0.32,0.15,0.0,-2.53,0.00715925976,0.2940698619,0,0,0.0,0.0,0.0,0.0,0.00715925976,-0.004862893422,0.0003377009321,-0.1427124139,0.0,0.0,0.0,0.0,0.0,-1.666666667,0.0,0.00715925976,0.0,1.626367689,1.626367689,-0.08111576388,0.0,0.0,139.509434,0.0,-95.48,0.0,-0.002823920266,-11.33018868,0.1295018331,-0.3851328904,0.0,0.9987842766,0.0,0.000415282392,0.1509433962,0.001411960133,0.00715925976,0.07922535211,-0.000415282392,-0.004874086109,0.0,-2.585076558,0.002296366338,0.00715925976,-0.25,0.1698113208,0.004401993355,0.007763640285,-0.01142980375,1.619208429,-1.0,0.08145346481,0.0,0.0,10.88235294,5.55,4.808592108,7.861888833,Probable Bankrupt
Shamkens Spinners Limited,2008,1.71,1.46,0.01530612245,-3.39,0.01158460902,0.2619392185,17.2,6.716704718,1.107686454,1.107686454,-60.07,-0.6655251142,0.01158460902,0.008156510432,0.1745375022,-0.08658904191,-0.6655251142,0.0001773154442,0.0001773154442,0.0001773154442,0.01530612245,-2.854166667,0.01826484018,0.01140729358,0.07458143075,1.397423016,1.397423016,-0.1030793782,0.172055086,1.107686454,86.07653061,0.0,-10.45,-0.02267262109,-0.02567356088,-8.887755102,0.259071981,-0.2843970731,0.4353120244,0.9971629529,-0.0005319463325,0.0,1.459183673,0.01412680286,0.01158460902,0.06064690027,0.1230385315,0.008321273517,8.99543379,-3.487061273,0.01974111945,0.01158460902,0.347826087,0.2448979592,0.008289980121,-0.02052349792,-0.02914931588,1.385838407,-0.3802427081,0.2776168804,0.1557702567,19.04347826,6.372881356,5.41,5.681844063,7.660815065,Probable Bankrupt
Shamkens Spinners Limited,2007,0.13,0.09,0.01333333333,-4.29,0.2814947781,0.2449117664,29.12,3.714926829,1.068682927,1.068682927,-24.44,-0.2554146341,0.2814947781,-0.2463011314,0.2918842472,-0.07125761532,-0.2554146341,0.003753263708,0.003753263708,0.003753263708,0.01333333333,-0.627027027,0.03609756098,0.2777415144,1.009756098,1.282093124,1.282093124,-0.07104003481,0.2912859008,1.044878049,3.516714976,0.0,-9.9,-0.007120686507,-0.0132795927,-0.2517874396,0.2512533745,-0.2200254561,0.3332682927,0.9899369017,0.02980852916,0.0,0.08927536232,0.02745014849,0.2814947781,-1.37928007,0.2322443784,-0.2552855613,4.585560976,-3.547049749,0.03519364665,0.2814947781,-0.04085689046,0.03574879227,0.2195587611,0.8731199383,-0.9978789047,1.000598346,-0.1973920863,0.362924282,0.2816088796,-1.13184629,5.796523376,,2.570606702,8.060732573,Probable Bankrupt
Shamkens Spinners Limited,2006,1.09,0.68,0.1479452055,-5.6,0.03706712704,0.2298777584,32.7,3.371973168,1.053828534,1.053828534,-36.5,-0.3846531414,0.03706712704,0.003402051386,0.3276632477,-0.09297247893,-0.3846531414,0.005483903727,0.005483903727,0.005483903727,0.1479452055,-1.727574751,0.0492473822,0.03158322332,0.1194371728,1.196861988,1.196861988,-0.1193256829,0.3270539251,1.053828534,26.56575342,0.0,-12.39,0.01630181649,0.005854651903,-3.216438356,0.6056229043,-0.1644817785,0.1928992147,0.9847161572,-0.01426830507,0.0,0.6794520548,0.03381273599,0.03706712704,-0.04743563754,0.2731746638,0.003545536329,3.838841623,-5.891410885,0.04046917843,0.03706712704,4.492537313,0.4123287671,0.03097026007,-0.01728140315,-0.1882899149,1.159794861,-0.268317619,0.4469889306,0.3151652658,91.2238806,4.24634362,,4.855145172,7.923430621,Probable Bankrupt
Shamkens Spinners Limited,2004,6.84,1.87,0.01818181818,-13.26,0.007665505226,0.2130456106,21.57,4.700162075,1.0752489,1.0752489,-59.14,-0.6360268581,0.007665505226,0.04483159117,0.2257375145,0.1138211382,-0.6360268581,0.0001393728223,0.0001393728223,0.0001393728223,0.01818181818,-3.343483557,0.1900902987,0.007526132404,0.0382032878,1.070894309,1.070894309,-0.1827642276,0.2157491289,1.0752489,125.4787879,0.0,-12.85,-0.00624461671,-0.001388226107,-31.0969697,3.362385321,-0.06620103249,0.4971058115,0.9618583043,0.02555168409,0.0,1.872727273,0.04902173441,0.007665505226,0.06629834254,0.2533946467,0.04732712114,5.336420468,-14.99737877,0.0524970964,0.007665505226,0.8507772021,4.975757576,0.007158040866,-0.6323722149,-0.1081258191,1.063228804,-0.47185261,0.4085017422,0.2086070325,4.475647668,3.805858995,,7.30788116,7.860381476,Bankrupt
Leather World India Limited,2010,0.68,0.68,0.0,-1.08,0.03448275862,0.0,0,-29,0.0,0.0,0.0,2.0,0.03448275862,-0.03448275862,0.0,0,2.0,0.0,0.0,0.0,0.0,0,0.0,0.03448275862,-1.0,13.65517241,13.65517241,-0.06896551724,0.0,0.0,29.0,0.0,-6.22,0.0,-0.005050505051,-2.0,0.005449591281,-0.9267676768,0.0,1.0,0.0,0.0,0.0,0.0,0.03448275862,1.0,0.0,0.0,-396.0,-1.076294278,0.0,0.03448275862,0.0,0.0,0.002525252525,0.00272479564,-0.00272479564,13.62068966,-1.0,0.06896551724,-0.03448275862,1.0,10.88235294,5.55,4.808592108,7.861888833,Bankrupt
Leather World India Limited,2009,1.13,1.13,0.0,-1.08,0.0,0.0,0,-29,0.0,0.0,0.0,2.0,0.0,0.03448275862,0.0,0,2.0,0.0,0.0,0.0,0.0,0,0.0,0.0,0.0,13.55172414,13.55172414,-0.06896551724,0.0,0.0,0.0,0.0,-7.34,0.0,-0.005089058524,0.0,0.005494505495,-0.9262086514,0.0,1.0,0.0,0.0,0.0,0.002544529262,0.0,-1.0,0.0,0.0,-393.0,-1.07967033,0.03448275862,0.0,0.0,0.0,0.0,-0.002747252747,0.0,13.55172414,-1.0,0.06896551724,-0.03448275862,-1.0,8.349267049,5.54,3.77175625,3.08669806,Bankrupt
Leather World India Limited,2008,0.98,0.98,0.0,-1.08,0.03448275862,484.0,0,-29.5,0.0,0.0,0.0,3.0,0.03448275862,0.0,0.0,-0.03448275862,3.0,0.0,0.0,0.0,0.0,0,0.0,0.03448275862,-1.0,13.51724138,13.51724138,-0.1034482759,0.0,0.0,29.0,0.0,-10.86,0.0,-0.007653061224,-3.0,0.00826446281,-0.9260204082,0.0,1.0,0.0,0.0,1.0,0.002551020408,0.03448275862,0.0,0.0,0.0,-392.0,-1.077134986,0.03448275862,0.03448275862,0.0,0.0,0.002551020408,0.0,-0.002754820937,13.48275862,-1.0,0.1034482759,-0.03448275862,0.0,6.372881356,5.41,5.681844063,7.660815065,Bankrupt
Leather World India Limited,2007,0.9,0.9,1.0,-1.08,0.03333333333,484.0,0,0,0.0,0.0,0.0,0.0,0.03333333333,0.0,-9.6,-39.03333333,0.0,0.03333333333,0.03333333333,0.03333333333,1.0,0,0.0,0.0,0.0,12.96666667,12.96666667,-10.63333333,0.0,0.0,30.0,0.0,-1099.78,0.0,-0.7403598972,-319.0,0.8885793872,-0.9228791774,0.0,1.0,0.0,0.0,1.0,0.002570694087,0.03333333333,0.0,0.0,0.0,0.0,-1.080779944,0.03333333333,0.03333333333,0.0,0.0,0.002570694087,0.0,-0.00278551532,12.93333333,-1.0,1.033333333,0.0,0.0,5.796523376,,2.570606702,8.060732573,Bankrupt
Leather World India Limited,2006,37.89,0.99,1.0,1.38,0.0008326394671,0.4256816183,0,0,0.0,0.0,0.0,0.0,0.0008326394671,0.02914238135,0.0,,0.0,0.0008326394671,0.0008326394671,0.0008326394671,1.0,,0.0,0.0,0.0,0.5803497086,0.5803497086,0.0,0.0,0.0,1166.0,0.0,0.0,0.0,-0.01004304161,0.0,0.0,0.7230989957,0.0,0.9708576187,0.0,0.0,1.0,0.05164992826,0.0008326394671,0.0,0.0,0.03078276165,0.0,1.380952381,0.02997502082,0.0008326394671,1.0,35.0,0.00143472023,0.06944444444,0.001984126984,0.5795170691,0.0,0.0,0.0,0.0,4.24634362,,4.855145172,7.923430621,Bankrupt
Cargo Planners Limited,2023,1.3,1.3,0.03102259671,0.94,0.4043047383,0.4044409199,2.87,0.3817841547,1.06132252,-0.7446662508,1.37,0.01453524641,0.4043047383,0.1201610406,2.637503871,0.1046763704,0.01453524641,0.01254258284,0.01254258284,0.01254258284,0.03102259671,0,0.0,0.3917621555,0.1628820961,0.585165686,0.585165686,0.0614741406,2.634406937,1.06132252,2.473381846,0.0,15.68,-0.03056486216,-0.01958189997,0.2148602068,0.209406495,0.7089177031,1.084529008,1.0,2.634406937,3.830378407,1.297204136,0.8962688542,0.4043047383,-0.5726937269,0.6282085208,0.3076923077,0.2306924517,0.435983576,0.5244657789,0.4043047383,0.0,0.0,0.6909235247,0.289660321,0.9746173946,0.1808609477,0.02266169752,2.576029731,2.482192629,20.65721649,6.699034141,10.05,0.2298150623,7.002951544,Bankrupt
Cargo Planners Limited,2022,1.04,1.04,0.1591378801,1.41,0.5857834659,0.812567714,4.17,0.2600031547,1.05363058,-0.7862137862,2.76,0.02912876597,0.5857834659,0.02455897613,3.471463162,0.2895191975,0.02912876597,0.09322033898,0.09322033898,0.09322033898,0.1591378801,0,0.0,0.4925631269,0.1780850728,0.7232791422,0.7232791422,0.1276374957,3.465755794,1.05363058,1.707115441,0.0,39.36,0.02689754978,0.2209469154,0.2722173014,0.57625,0.3825920612,1.060571008,1.0,3.465755794,4.183644189,1.041925007,0.843854615,0.5857834659,-0.1232638889,0.5640841703,0.1538461538,0.1915452968,0.496875,0.6103424421,0.5857834659,0.0,0.0,0.8098995696,0.08875,2.116875,0.1374956762,0.03646425985,3.343825666,3.289346247,133.9366197,5.131407472,7.33,0.1472360633,9.050277908,Bankrupt
Cargo Planners Limited,2021,1.23,1.23,0.004981884058,1.77,0.5374878286,0.8012820513,3.14,0.3644975288,1.065383031,-0.7727553542,1.7,0.01812191104,0.5374878286,0.1258519961,2.521908471,0.276533593,0.01812191104,0.002677702045,0.002677702045,0.002677702045,0.004981884058,0,0.0,0.5348101266,0.2273476112,0.761684518,0.761684518,0.05793573515,2.518743914,1.065383031,1.860507246,0.0,20.42,-9.66e-05,0.01693831895,0.1358695652,0.3064351379,0.3128795142,1.070428336,1.0,2.518743914,2.852668584,1.234148551,0.8708852669,0.5374878286,-0.7558479532,0.4343240652,1.657051282,0.3210461285,0.9407558733,0.6633398247,0.5374878286,0.0,0.0,0.7056567593,0.5280898876,2.255362615,0.2241966894,0.02222880854,2.463972736,2.364167478,18.78529981,6.623436776,5.98,4.203910403,-5.83105322,Bankrupt
Cargo Planners Limited,2020,1.12,1.12,0.007523510972,1.86,0.5366756393,0.5988023952,0,,1.077285738,-0.745580064,1.87,0.02020542179,0.5366756393,0.06695827725,2.157806191,,0.02020542179,0.004037685061,0.004037685061,0.004037685061,0.007523510972,0,0.0,0.5326379542,0.2685637313,0.7365410498,0.7365410498,0.05080753701,2.152759085,1.077285738,1.863322884,0.0,21.31,0.0004688965302,0.09227957972,0.1141065831,0.2324393359,0.3576975788,1.083515743,1.0,2.152759085,2.472818639,1.12476489,0.819552307,0.5366756393,-0.4012096774,0.4358154408,1.191616766,0.3665600269,0.7586206897,0.6036339166,0.5366756393,0.0,0.0,0.7286432161,0.2541507024,2.037037037,0.1998654105,0.02171830086,2.106998654,1.998317631,29.84422111,3.729505735,8.0,6.894875427,3.871436941,Bankrupt
Quess East Bengal FC Private Limited,2023,1.27,1.26,0.2046503725,0.21,0.4520892271,0.192224398,2.99,2.299021942,6.866569555,6.482837968,1.29,0.08917373331,0.4520892271,0.1215276927,2.808525243,0.1222157394,0.08917373331,0.1001655561,0.1001655561,0.09252022874,0.2046503725,0.02414772727,0.01126927402,0.3595689983,1.107010081,0.5537011524,0.5537011524,0.03771509633,2.80422209,6.866569555,2.20177281,79.18,10.06,0.001579985069,0.137622234,0.1056419748,0.107012597,0.8060283887,6.976464986,0.9953977679,2.80422209,0.1415124691,1.258633592,1.035968441,0.4520892271,-0.04790624454,4.904851578,0.9642991454,1.1292725,0.2276768712,0.5736169197,0.4520892271,0.03786982249,0.01017991996,0.8164859783,0.2723011572,1.01297422,0.1016119253,0.01205854683,2.770810146,0.410275818,3.360449166,6.699034141,10.05,0.2298150623,7.002951544,Financial Distress
Quess East Bengal FC Private Limited,2022,1.35,1.33,0.2207432129,0.24,0.4317887305,0.2233373074,2.27,2.516764848,6.829533268,6.551469231,1.84,0.1260281626,0.4317887305,0.1491465213,2.552910467,0.1211608353,0.1260281626,0.1123933152,0.1123933152,0.09531443168,0.2207432129,-0.05640465793,0.01370717132,0.3364742988,1.156789489,0.5217354067,0.5217354067,0.06554135574,2.549223975,6.829533268,2.304098106,67.35,14.13,-0.005495998329,0.1976575715,0.1977474214,0.1785311086,0.9166803463,6.935304945,0.9948835962,2.549223975,0.099467565,1.33356618,1.11346718,0.4317887305,-0.06501196735,4.748545796,1.20890995,1.142408931,0.1880688587,0.5809352518,0.4317887305,0.03430454648,0.01184932216,0.8276009735,0.3118493892,0.9028239526,0.0899466762,0.02486758546,2.487369111,0.3751843368,2.50267146,5.131407472,7.33,0.1472360633,9.050277908,Financial Distress
Quess East Bengal FC Private Limited,2021,1.58,1.56,0.3435775099,0.19,0.3481222234,0.2701348113,229.58,3.25920094,7.036673896,6.775969767,0.78,0.05527057387,0.3481222234,0.2003936266,2.305403785,-0.1267549537,0.05527057387,0.1301382777,0.1301382777,0.1196069666,0.3435775099,0.02239063038,0.01884991494,0.2285152567,1.06697791,0.4837030556,0.4837030556,0.0346128668,2.295851244,7.036673896,2.854887689,0.0,8.92,-0.02061567422,0.3133173907,0.1669476208,0.1125673463,1.067384087,7.185064218,0.9938498499,2.295851244,0.08792561252,1.557974939,1.13399294,0.3481222234,-0.09625557852,4.609886211,1.730231027,1.115937041,0.26260243,0.5485158499,0.3481222234,0.03069034782,0.0176666403,0.719702345,0.3881363791,0.6742674485,0.1355808322,0.01103594589,2.270790918,0.328288405,1.62814251,6.623436776,5.98,4.203910403,-5.83105322,Financial Distress
Quess East Bengal FC Private Limited,2020,1.27,1.25,0.3321280675,0.44,0.4295217467,0.2249176628,206.66,2.678935603,5.700856829,5.423829381,-3.8,-0.2168264144,0.4295217467,0.1141313749,2.076248656,0.05769462181,-0.2168264144,0.14893429,0.14893429,0.1426562277,0.3321280675,0.221987315,0.01471961163,0.286865519,1.184840563,0.5576137723,0.5576137723,0.05518076457,2.0666426,5.700856829,2.315747542,0.0,15.17,0.01859167282,0.1217595965,0.1492545154,0.1449142313,0.7933559926,5.829801249,0.9946639291,2.0666426,0.09005017399,1.253294053,0.9749635834,0.4295217467,-0.06213776773,3.600165898,0.9255458648,1.144665048,0.2895479506,0.5436531215,0.4295217467,0.04675376023,0.01242328468,0.7702853983,0.2579903436,0.9709202496,0.1280920256,0.02254981584,2.021067891,0.3644591637,3.176290341,3.729505735,8.0,6.894875427,3.871436941,Bankrupt
Quess East Bengal FC Private Limited,2019,1.37,1.36,0.3340636518,0.28,0.3497157634,0.2955828494,170.14,2.731946543,4.701226169,4.411874649,3.11,0.1463021976,0.3497157634,0.1301542201,1.715639697,0.0225553558,0.1463021976,0.124503409,0.124503409,0.116827325,0.3340636518,0.6154891304,0.01217347198,0.2328884384,0.9663024182,0.4555347818,0.4555347818,0.05951309643,1.70142687,4.701226169,2.846867048,0.0,12.66,-0.007193628701,0.08829648838,0.1889470861,0.1213627102,1.195222055,4.769123047,0.9955942829,1.70142687,0.1149413707,1.359573448,1.053421171,0.3497157634,-0.09218502244,3.605657493,1.319864025,0.9358852783,0.1943540466,0.4798699835,0.3497157634,0.0338499747,0.01259799391,0.7677037569,0.2390496504,0.6423105677,0.1058190184,0.02735314387,1.656126601,0.3635128337,2.78063438,3.938826467,5.27,5.36166639,6.453851345,Bankrupt
Quess East Bengal FC Private Limited,2018,1.4,1.4,0.437027517,0.39,0.3907398599,0.2703837933,125.89,3.567356656,5.668750115,5.407301873,5.01,0.2843906833,0.3907398599,0.1582156644,1.270596065,0.4154467678,0.2843906833,0.2110610518,0.2110610518,0.1707640708,0.437027517,0.1648998822,0.007803739177,0.2199757891,1.759370921,0.4973410933,0.4973410933,0.05329857532,1.258976489,5.668750115,2.554811947,0.0,11.27,0.04257320106,0.04460470634,0.1111650967,0.08641373653,1.010692487,5.737448756,0.9982668624,1.258976489,0.05837564494,1.400477512,1.103780749,0.3907398599,-0.148727411,2.492868255,1.440460924,1.470467121,0.2120746932,0.5489555243,0.3907398599,0.01095427333,0.00443552811,0.7856577008,0.3147575071,0.7773459392,0.1066012334,0.03423896,1.217297489,0.2224762481,1.403721098,3.328173375,5.33,5.327608862,6.795383419,Bankrupt
Quess East Bengal FC Private Limited,2017,1.29,1.29,0.4215379849,0.88,0.3832394509,0.4865870975,150.68,3.020323651,6.336353491,6.126714441,2.82,0.1787864548,0.3832394509,0.1127916438,1.512252445,0.5634553398,0.1787864548,0.1615499859,0.1615499859,0.1615499859,0.4215379849,0.7418899859,0.01041146583,0.221689465,1.611515757,0.54403861,0.54403861,0.06013249474,1.506867446,6.336353491,2.60287404,0.0,12.45,0.04652914416,0.04388712721,0.2028685724,0.1705127714,0.8381048361,6.385253605,0.9975240177,1.506867446,0.04581926489,1.287850484,0.911757154,0.3832394509,-0.08613811439,2.691583326,1.239513375,1.608358542,0.3526595948,0.4960310947,0.3832394509,0.02195182364,0.006460666478,0.7044342881,0.2473710412,0.840508559,0.1607991591,0.03770177194,1.452119951,0.238403316,2.108427766,4.948216341,5.36,6.232711415,8.256305502,Probable Bankrupt
Quess East Bengal FC Private Limited,2016,1.04,1.04,0.1342409585,1.05,0.6516379345,2.155162578,274.79,,8.024037002,7.799131024,2.36,0.1896330211,0.6516379345,0.0242950282,2.755145794,,0.1896330211,0.08747650094,0.08747650094,0.08747650094,0.1342409585,,0.004274802028,0.5641614335,1.902824172,0.7147074117,0.7147074117,0.09176432943,2.747898084,8.024037002,1.532347958,0.0,33.46,0.007790370334,-0.05542745853,0.1819710771,0.4156408603,0.3991739607,8.057651428,0.9985360586,2.747898084,0.05388283226,1.035036461,0.9457478006,0.6516379345,-0.009446233587,3.753385866,0.5774862141,1.831554112,0.2210694557,0.6759329627,0.6516379345,0.0602568324,0.002246556508,0.9117548298,0.0851582873,2.284103973,0.06306947722,0.03173282553,2.663381465,0.3429603756,14.09581824,4.906973441,5.42,7.556488414,7.996253786,Probable Bankrupt
Mathstraman Manufacturers and Traders Private Limited,2023,1.48,1.48,0.6070365493,0.14,0.6028641266,4.468275246,0.83,1.237683576,1.031946639,0.9791176643,30.39,0.3137089696,0.6028641266,0.2912278985,0.9846053873,-0.3005728797,0.3137089696,0.3659605591,0.3659605591,0.3659605591,0.6070365493,-24.91304348,0.0003364343807,0.2369035675,0.6486688901,0.6161515643,0.6161515643,-0.03836689859,0.959289379,1.032174829,1.658229903,0.0,-1.38,0.04713670125,0.3326390574,0.02829142012,0.04443389811,0.6229772963,1.029465801,0.9996873224,0.9553333279,0.03984290537,1.482555203,1.451091058,0.6028641266,-10.62311358,1.426767866,31.90676199,0.2692001638,0.03461636539,0.8940920251,0.6028641266,0.001073652566,0.0005186534854,0.9784347903,0.7587054457,1.570578569,0.0132874377,-0.06246013183,1.022972286,0.9296772158,3.191268871,6.699034141,10.05,0.2298150623,7.002951544,Financial Distress
Mathstraman Manufacturers and Traders Private Limited,2022,0.89,0.88,0.04128680516,-17.57,1.022274997,3.919519206,1.64,0.4610837204,1.010727341,0.9163947072,-2.32,-0.02463638342,1.022274997,-0.1115464137,2.469790253,-0.1443474189,-0.02463638342,0.04220646863,0.04220646863,0.04220646863,0.04128680516,-0.5318791946,0.002679138145,0.9800685288,0.4396249926,1.030959215,1.030959215,0.05114155442,2.466083677,1.060528743,0.9721162223,0.0,-425.67,-0.0002277114114,-6.69e-05,0.1243553091,-4.106219191,-0.03002952461,1.001549045,0.9937701086,2.327826082,0.1063838848,0.8847899974,0.8833798373,1.022274997,32.69704005,2.099615126,-13.94225242,0.4252088919,-0.2805050983,0.9107285837,1.022274997,-0.05585021647,0.006094144304,0.9915765653,3.603011682,-33.02005537,0.008684217678,-0.02826781822,2.418648699,2.33991152,-20.84633694,5.131407472,7.33,0.1472360633,9.050277908,Financial Distress
Mathstraman Manufacturers and Traders Private Limited,2021,0.89,0.88,0.04762056743,24.52,0.9730756724,3.555344868,548.08,0.1996314472,1.004699845,0.9184923356,-2.63,-0.02648317797,0.9730756724,-0.1110897977,5.484089838,-0.1760092512,-0.02648317797,0.04633841567,0.04633841567,0.04633841567,0.04762056743,-3.769112815,0.001530189824,0.9267372567,0.1785438224,0.9817788544,0.9817788544,-0.04310669254,5.480861768,1.005650473,1.019098917,0.0,-22.98,0.002680736167,0.3169895722,-0.1049529896,-5.604872669,0.01855931762,1.002359476,0.991660364,5.461886128,0.2392782446,0.8772660369,0.8779837443,0.9730756724,9.287398778,5.398143324,-14.41313107,0.171638359,0.4776418689,0.8619858747,0.9730756724,-0.07507112434,0.008570387949,0.9911352928,-6.096751554,53.40364949,0.008703182032,-0.009320412096,5.52719653,5.495900122,-49.06000756,6.623436776,5.98,4.203910403,-5.83105322,Financial Distress
Mathstraman Manufacturers and Traders Private Limited,2020,1.13,1.08,0.04273133977,4.23,0.8246845344,3.080082136,408.62,0.2078500147,1.007659826,0.9439985735,-0.83,-0.008472999998,0.8246845344,0.1031937253,4.091920383,0.3196195305,-0.008472999998,0.03523987504,0.03523987504,0.03523987504,0.04273133977,-0.2857011621,0.008366549481,0.7894446593,0.2040141452,0.8585542719,0.8585542719,-0.02722410448,4.086289149,1.010884469,1.17157523,0.0,-2.92,0.001605214181,-0.4683215181,-0.03284012244,-0.1914709016,0.1647487325,1.0010891,0.9661799727,4.045683678,0.1498666493,1.084121498,1.080745027,0.8246845344,-15.75793931,4.594286366,13.64045175,0.2036751945,0.2394539444,0.9278782597,0.8246845344,0.3277333695,0.04100965387,0.9605502662,0.7295641,5.830395484,0.03386973751,-0.0111407324,4.119144487,4.183786739,39.17186771,3.729505735,8.0,6.894875427,3.871436941,Bankrupt
Mathstraman Manufacturers and Traders Private Limited,2019,1.33,1.23,0.04596686444,0.76,0.6672739976,3.035208418,672.16,0.1674176764,1.007871493,0.9447067574,0.28,0.002936036057,0.6672739976,0.2182852263,6.726436246,-0.1809731907,0.002936036057,0.03067249339,0.03067249339,0.03067249339,0.04596686444,-5.112964882,0.009811674459,0.6366015042,0.1024436822,0.7103237119,0.7103237119,0.02983684261,6.721666644,1.031948321,1.402858472,33.26,13.54,-0.0002483234688,-0.1141722033,0.05742949626,0.1322897701,0.4078088387,1.003715614,0.9360909809,6.536471818,0.2896058938,1.231353549,1.246698103,0.6672739976,-6.378679245,8.94049031,19.34540672,0.1043439032,0.1486131801,0.8855592239,0.6672739976,0.2927775744,0.0957762768,0.9393942316,0.7535488244,2.303516115,0.04304971437,-0.01967548474,6.696599404,6.958264938,29.8397155,3.938826467,5.27,5.36166639,6.453851345,Bankrupt
Mathstraman Manufacturers and Traders Private Limited,2018,1.23,0.78,0.03795963652,0.43,0.7318775435,1.905124786,318.05,0.3556290463,1.016962684,0.9056009387,0.15,0.001688394418,0.7318775435,0.1693665478,3.189328075,-0.1305648194,0.001688394418,0.02778180553,0.02778180553,0.02778180553,0.03795963652,-0.3832433317,0.1104349358,0.704095738,0.2443266785,0.7674796276,0.7674796276,0.008659339385,3.180500536,1.061763869,0.914351754,96.24,4.42,-0.01979395602,-0.1146520562,0.01453138208,0.04573875447,0.3029661817,1.008828573,0.6691935156,3.020897254,0.217323509,0.7794167371,1.174290572,0.7318775435,6.104539806,3.749326784,16.68965517,0.2469373648,0.1531138272,0.9012440913,0.7318775435,1.953198484,0.4519970414,0.9536116884,0.7283944458,3.147584601,0.03560208412,-0.04224752839,3.180668735,4.476265178,17.68641843,3.328173375,5.33,5.327608862,6.795383419,Bankrupt
Mathstraman Manufacturers and Traders Private Limited,2017,1.16,0.63,0.1182728425,0.37,0.7625701333,1.754078232,202.24,0.4140148859,1.017414519,0.9225575207,0.48,0.004981425268,0.7625701333,0.1247411415,2.030125911,0.3743739088,0.004981425268,0.1066077954,0.1066077954,0.09019133724,0.1182728425,0.8303560866,0.2061590589,0.6723787961,0.3884231294,0.7946677292,0.7946677292,-0.001689527155,2.022456347,1.030159442,0.7805958267,-121.33,0.83,0.02697982463,0.05872542796,0.003211230336,0.01192597898,0.2583875792,1.008273051,0.5952590637,1.978325145,0.1171732605,0.6328209268,1.116581487,0.7625701333,17.23920825,2.391166439,12.79529907,0.3588324703,0.1563202692,0.8873112749,0.7625701333,3.244646725,0.5307589671,0.9596087841,0.607508703,3.713834802,0.03209759584,-0.01692781209,2.031815438,3.298137003,15.73856003,4.948216341,5.36,6.232711415,8.256305502,Probable Bankrupt
Mathstraman Manufacturers and Traders Private Limited,2016,1.31,1.12,0.08212964554,0.22,0.6044121546,1.60307791,344.62,0.4050595996,1.016723515,0.8844679884,0.41,0.004301680568,0.6044121546,0.1850032663,3.470530514,-0.722046833,0.004301680568,0.04964015602,0.04964015602,0.04964015602,0.08212964554,0.1686092847,0.03266283626,0.5547719986,0.1798815085,0.653327976,0.653327976,-0.002651338106,3.44620927,1.025640066,1.472920416,-46.32,1.42,-0.006841648364,-0.02238287689,-0.003124915207,-0.005448194842,0.530624796,1.011046241,0.8902510025,3.395530445,0.3400942173,1.124508199,1.208298818,0.6044121546,-2.027542529,4.887734183,10.85027252,0.1796659364,0.1411011503,0.7894154209,0.6044121546,0.5932273506,0.1815797328,0.9251282309,0.5336550212,1.743469656,0.04891582138,-0.01639208798,3.473181852,3.774280705,18.16215058,4.906973441,5.42,7.556488414,7.996253786,Probable Bankrupt
Mathstraman Manufacturers and Traders Private Limited,2015,1.17,1.09,0.08945647942,0.32,0.7419398872,0.3630291149,379.85,,1.008532946,0.9240284961,0.32,0.003281869665,0.7419398872,0.1226159336,3.821577547,,0.003281869665,0.06841572278,0.06841572278,0.06637133025,0.08945647942,,0.01409434879,0.675568557,0.1973571935,0.7834483569,0.7834483569,0.01299808259,3.798576544,1.01042742,1.276402658,-58.85,7.44,-0.01133891271,-0.03599987844,0.02334233282,0.0799744926,0.2764083187,1.004374982,0.9470140441,3.772056583,0.2027472472,1.093848543,1.103526242,0.7419398872,-4.233545648,4.631182066,2.804399913,0.1907436329,0.1916793104,0.8645558208,0.7419398872,0.4321294498,0.07141542977,0.9470182441,0.5662202872,3.426156812,0.04150846963,-0.004519338886,3.808579465,3.969715102,30.65976699,6.665656719,5.44,6.69517609,7.410227605,Probable Bankrupt
Firestar Diamond International Private Limited,2017,1.22,0.66,0.05881464791,2.45,0.3507826314,0.1951055426,46.1,2.577215279,1.019625532,1.019625532,-70.21,-0.7028575977,0.3507826314,0.07792498798,0.4654314047,-0.3743593504,-0.7028575977,0.02080634253,0.02080634253,0.02063115696,0.05881464791,-0.673551229,0.4256502782,0.3301514744,0.7615042408,0.7332208886,0.7332208886,-0.3755449086,0.4610762098,1.000937497,2.291808458,0.0,-50.5,0.001136304495,-0.1432056098,-1.085829433,-1.427735866,0.3638454871,0.1686610594,0.8039266013,0.03941675426,0.0,0.663186258,0.5846909519,0.3507826314,-0.3085204847,0.647867446,0.1383628235,1.546941194,1.433538988,0.4287076194,0.3507826314,2.516181314,0.5589598263,0.4784133087,0.2920955377,1.314880425,0.3824382573,-0.4517369841,0.8409763133,0.5729930521,5.911381816,4.948216341,5.36,6.232711415,8.256305502,Bankrupt
Firestar Diamond International Private Limited,2016,1.25,0.71,0.06369032813,3.55,0.4409501337,0.03870363203,66.24,1.45462296,1.011762192,1.011762192,-12.13,-0.1206982521,0.4409501337,0.1110505066,0.6668277297,0.06288870049,-0.1206982521,0.02818208228,0.02818208228,0.0280842587,0.06369032813,-0.4036849881,0.3585776741,0.412865875,0.6622398917,0.8156411001,0.8156411001,-0.08466482086,0.6624730985,0.9949336206,1.726368226,0.0,-14.46,0.00289536214,-0.05099763765,-0.2018339373,-0.4827469771,0.2260294385,0.2259881221,0.7612423001,0.133232743,0.0,0.7103817789,0.6767690351,0.4409501337,-0.2477956021,0.8312629475,0.2543711339,1.182790337,2.032399666,0.5520006403,0.4409501337,2.149991992,0.5414619061,0.5406178448,0.6023604322,2.391802804,0.3746909664,-0.1184568656,0.7514925506,0.8746840914,5.995889168,4.906973441,5.42,7.556488414,7.996253786,Bankrupt
Firestar Diamond International Private Limited,2015,1.6,0.63,0.06183687858,2.39,0.3679090998,0.04684165785,89.66,1.094210555,1.015146034,0.9792095697,-6.5,-0.06605304156,0.3679090998,0.2196743714,0.9015648774,0.0671059416,-0.06605304156,0.02312994461,0.02312994461,0.02275035033,0.06183687858,-0.07035389228,0.4049101947,0.3451587495,0.416546389,0.7317185815,0.7317185815,-0.04711397634,0.8966143354,1.015146034,1.745997627,0.0,-9.22,-0.01213290809,-0.1508931505,-0.1233470328,-0.1691525863,0.3666456276,0.1238687033,0.6423684152,0.0917131406,0.02168894499,0.6250236445,0.8030183818,0.3679090998,-0.1782781273,1.201296063,0.6023923943,0.802693265,1.356074094,0.5875834712,0.3679090998,1.628007776,0.9720650697,0.5028013626,0.8188206718,1.371355131,0.3638094816,-0.05488107822,0.9486788538,1.374969222,4.020663835,6.665656719,5.44,6.69517609,7.410227605,Bankrupt
Firestar Diamond International Private Limited,2014,1.3,0.38,0.07668476404,1.36,0.4465554248,0.05631687629,107.74,0.8694042453,1.012438905,0.9867645466,3.46,0.03505770199,0.4465554248,0.1352398843,1.080094808,0.1495152808,0.03505770199,0.03464750621,0.03464750621,0.03424399738,0.07668476404,0.2614059879,0.3855646256,0.4123114274,0.4196059314,0.664145019,0.664145019,0.04443005225,1.077463523,1.012438905,1.320490527,0.0,6.74,-0.0002265875289,0.07201388712,0.1154409811,0.1534912366,0.5056952493,0.02742039292,0.5896722084,0.01693041677,0.02057029076,0.3839781313,0.876006433,0.4465554248,-0.2657740591,1.591039747,0.4159522767,0.5918866734,0.6478677005,0.5817953091,0.4465554248,3.034073814,0.9188731539,0.6723763817,0.4026734513,1.329607867,0.2175895942,0.04035936103,1.035664755,1.804775103,7.869170595,10.01787847,5.44,3.865992884,6.386106401,Bankrupt
Firestar Diamond International Private Limited,2013,1.39,0.58,0.09217872032,1.61,0.4399188259,0.05153882379,102.91,0.83161331,1.011001621,0.9696975631,4.03,0.04075573972,0.4399188259,0.1697000626,1.03511297,0.3068866394,0.04075573972,0.04055514136,0.04055514136,0.04055115442,0.09217872032,0.2933495939,0.3500544402,0.3993676715,0.4321534039,0.6998672349,0.6998672349,0.04830575036,1.029168444,1.011001621,1.463123074,4.76,7.4,0.01515873477,-0.06792184118,0.125303607,0.1836634387,0.4288424291,0.08470739368,0.643655385,0.07276561983,0.03003873761,0.5757295632,0.8710493335,0.4399188259,-0.2003183596,1.430739433,0.5895454168,0.6476778706,0.8661113989,0.6096188885,0.4399188259,2.099849638,0.8100235635,0.6285746838,0.5654166501,1.46574742,0.259948409,0.04292755848,0.9868072195,1.581543722,5.998637346,9.478996914,5.42,2.473521635,5.456388753,Probable Bankrupt
Firestar Diamond International Private Limited,2012,1.45,0.57,0.08712965026,1.16,0.4131472683,0.06566084348,116.09,0.7335862131,1.011968752,0.970782607,6.22,0.06295252612,0.4131472683,0.1871253868,1.162914303,0.3168608999,0.06295252612,0.03600312921,0.03600312921,0.03599737699,0.08712965026,0.5709083424,0.3166880603,0.3771498913,0.3601355823,0.6235231182,0.6235231182,0.08550096062,1.160929788,1.011968752,1.541086545,11.85,12.3,0.01086100197,-0.02042491951,0.2390983515,0.2623875078,0.6037897728,0.02064321386,0.6366956962,0.009100008053,0.03788850245,0.5735687235,0.9627111451,0.4131472683,-0.1568101414,1.802697492,0.5740427034,0.5121392326,0.5588015096,0.6002726551,0.4131472683,1.941501952,0.8793578748,0.6626013635,0.4970434995,1.097404086,0.2103758499,0.07751569641,1.077413343,1.801801476,6.130644616,8.911793365,5.41,1.317979708,5.241315001,Probable Bankrupt
Firestar Diamond International Private Limited,2011,3.81,2.27,0.2264376315,0.85,0.1480368134,0.09117193051,128.06,0.6459522966,1.010370312,0.9949723677,7.25,0.07245435094,0.1480368134,0.4162309176,1.281834946,0.3426208941,0.07245435094,0.03352110541,0.03352110541,0.03352110541,0.2264376315,0.2782554149,0.1778771052,0.114515708,0.1153926935,0.5400594471,0.5400594471,0.1179259184,1.280630847,0.9982344216,5.213582845,10.11,10.9,0.01004950045,-0.04627521906,0.9653034526,0.3106932977,0.851648009,0.1508814765,0.771802191,0.1800675306,0.01828869001,2.270178033,1.044825221,0.1480368134,0.1726134343,2.335573295,1.211182711,0.3948397852,0.8523332662,0.564267731,0.1480368134,0.5482480984,1.541493658,0.2741120708,0.9049667722,0.3218607546,0.3920226337,0.1002843149,1.163909027,1.662208161,3.082173491,11.98938992,5.43,-1.983859222,8.497584702,Probable Bankrupt
Firestar Diamond International Private Limited,2010,1.49,0.97,0.0637940976,1.0,0.4887089957,0.1368313259,110.17,0.7541401422,1.014733437,1.011940368,7.2,0.07215427049,0.4887089957,0.2371431133,1.103393065,0.3399469713,0.07215427049,0.03117674937,0.03117674937,0.03117674937,0.0637940976,0.2602249489,0.2276350856,0.4575322463,0.4440280703,0.5985577231,0.5985577231,0.1117572466,1.101715105,1.000989212,1.533548252,9.0,15.53,0.0100925533,-0.04273485983,0.294857682,0.3589547238,0.670682645,0.1351263282,0.7494588259,0.1400135774,0.002567943505,0.972584788,1.212668521,0.4887089957,-0.01407503095,1.809287396,0.9028136734,0.5155073493,0.2736351744,0.725852109,0.4887089957,1.056497785,0.5126592231,0.8164776375,0.5907278006,1.217382981,0.1098487274,0.111007776,0.9916358187,1.468561467,4.64119045,10.88235294,5.55,4.808592108,7.861888833,Probable Bankrupt
Firestar Diamond International Private Limited,2009,1.98,1.18,0.08568592854,1.07,0.3519434903,0.1440005473,135.43,,1.008307901,0.9975132813,8.08,0.07974454617,0.3519434903,0.3443558246,1.357609982,,0.07974454617,0.03015660476,0.03015660476,0.03015660476,0.08568592854,,0.2044478354,0.3217868856,0.2562450548,0.5742950845,0.5742950845,0.124507578,1.354330403,0.9860687239,2.043504632,3.72,16.9,0.00659996637,0.02372102453,0.3962284958,0.3275744177,0.7412651213,0.09815474172,0.7191981526,0.1249345054,0.0129080219,1.180580062,1.212441711,0.3519434903,0.05130896614,2.372507941,1.213914352,0.3961794959,0.5223138989,0.696299315,0.3519434903,0.8154409693,0.7978606087,0.6128269244,0.8089073255,0.8267310936,0.2223515942,0.0983113797,1.233102404,1.909716413,3.988503804,8.349267049,5.54,3.77175625,3.08669806,Probable Bankrupt
Macro Commerce Pvt Ltd.,2023,1.29,1.29,0.01691331924,0.0,0.4772956609,399.0,0.45,2.246290801,1.017804154,1.017804154,0.47,0.005934718101,0.4772956609,0.1392532795,0.3642785066,0.4722502523,0.005934718101,0.008072653885,0.008072653885,0.008072653885,0.01691331924,0,0.0,0.4692230071,1.403560831,0.4772956609,0.4772956609,0.004036326942,0.3461150353,1.017804154,2.095137421,0.0,0.61,0.02040816327,-0.3044397463,0.01268498943,0.01158301158,1.095137421,1.020771513,1.0,0.3461150353,0.0,1.291754757,1.291754757,0.4772956609,-19.71428571,0.7209302326,138.0,1.379821958,0.0,0.6165489405,0.4772956609,0.0,0.0,1.0,0.2664092664,0.9131274131,0.0,-0.03921568627,0.3602421796,0.3400605449,2.442028986,6.699034141,10.05,0.2298150623,7.002951544,Financial Distress
Macro Commerce Pvt Ltd.,2022,75.88,75.88,0.2857142857,0.0,0.01338432122,399.0,0,-58.55555556,0.0,0.0,0.0,0.2222222222,0.01338432122,0.9713193117,0.04015296367,-0.01529636711,0.2222222222,0.003824091778,0.003824091778,0.003824091778,0.2857142857,0,0.0,0.009560229446,-0.7777777778,0.01338432122,0.01338432122,-0.003824091778,0.0,0.0,74.71428571,0.0,-0.33,0.0,-3.571428571,-0.2857142857,-0.003875968992,73.71428571,-0.1111111111,1.0,0.0,0.0,73.57142857,73.57142857,0.01338432122,-50.8,0.0,508.0,-0.5555555556,0.0,0.9847036329,0.01338432122,0.0,0.0,1.0,0.984496124,0.01356589147,0.0,-1.0,0.04397705545,-0.017208413,-0.01771653543,5.131407472,7.33,0.1472360633,9.050277908,Financial Distress
Macro Commerce Pvt Ltd.,2021,39.36,39.36,0.2307692308,0.0,0.02448210923,79.8,0,-88.16666667,0.0,0.0,0.0,-0.1666666667,0.02448210923,0.9510357815,0.03766478343,0.007532956685,-0.1666666667,0.005649717514,0.005649717514,0.005649717514,0.2307692308,0,0.0,0.01883239171,-2.166666667,0.02448210923,0.02448210923,0.001883239171,0.0,0.0,40.84615385,0.0,0.15,0.0,-1.461538462,0.07692307692,0.001930501931,39.84615385,-0.3333333333,1.0,0.0,0.0,39.84615385,39.84615385,0.02448210923,-63.125,0.0,101.0,-1.666666667,0.0,0.9755178908,0.02448210923,0.0,0.0,1.0,0.9749034749,0.0250965251,0.0,-1.0,0.03578154426,-0.01129943503,-0.01188118812,6.623436776,5.98,4.203910403,-5.83105322,Financial Distress
Macro Commerce Pvt Ltd.,2020,50.88,50.88,0.1,0.0,0.01897533207,57.0,0,-58.88888889,0.0,0.0,0.0,0.3333333333,0.01897533207,0.954459203,0.03795066414,-0.01138519924,0.3333333333,0.001897533207,0.001897533207,0.001897533207,0.1,0,0.0,0.01707779886,-1.111111111,0.01897533207,0.01897533207,-0.00569259962,0.0,0.0,52.7,0.0,-0.54,0.0,-2.0,-0.3,-0.00580270793,51.7,-0.2222222222,1.0,0.0,0.0,51.3,51.3,0.01897533207,-45.72727273,0.0,71.85714286,-1.0,0.0,0.9734345351,0.01897533207,0.0,0.0,1.0,0.9729206963,0.01934235977,0.0,-1.0,0.04364326376,-0.01707779886,-0.01789264414,3.729505735,8.0,6.894875427,3.871436941,Financial Distress
Macro Commerce Pvt Ltd.,2019,39.07,39.07,0.07692307692,0.0,0.0243902439,49.875,0,-76.71428571,0.0,0.0,0.0,1.142857143,0.0243902439,0.9455909944,0.05628517824,-0.01500938086,1.142857143,0.001876172608,0.001876172608,0.001876172608,0.07692307692,0,0.0,0.02251407129,-1.857142857,0.0243902439,0.0243902439,-0.003752345216,0.0,0.0,41.0,0.0,-0.29,0.0,-2.307692308,0.3846153846,0.009615384615,40.0,-0.2857142857,1.0,0.0,0.0,39.76923077,39.76923077,0.0243902439,-56.0,-0.5384615385,63.0,-1.714285714,0.0,0.9699812383,0.0243902439,0.0,0.0,1.0,0.9692307692,0.025,0.0,-1.0,0.06003752345,-0.01313320826,-0.01388888889,3.938826467,5.27,5.36166639,6.453851345,Financial Distress
Macro Commerce Pvt Ltd.,2018,40.84,40.84,0.07692307692,0.0,0.02402957486,39.9,0,-60.11111111,0.0,0.0,0.0,0.1111111111,0.02402957486,0.9445471349,0.05545286506,0,0.1111111111,0.001848428835,0.001848428835,0.001848428835,0.07692307692,0,0.0,0.02218114603,-1.444444444,0.02402957486,0.02402957486,0.0,0.0,0.0,41.61538462,0.0,-0.08,0.0,-2.230769231,0.0,0.0,40.61538462,-0.1111111111,1.0,0.0,0.0,40.30769231,40.30769231,0.02402957486,-51.1,0.0,51.1,-1.333333333,0.0,0.9685767098,0.02402957486,0.0,0.0,1.0,0.9678030303,0.02462121212,0.0,-1.0,0.05545286506,-0.01663585952,-0.01761252446,3.328173375,5.33,5.327608862,6.795383419,Financial Distress
Macro Commerce Pvt Ltd.,2017,44.24,44.24,0.08333333333,0.0,0.02218114603,39.9,0,-59.72222222,0.0,0.0,0.0,-0.1111111111,0.02218114603,0.9445471349,0.0573012939,0.01293900185,-0.1111111111,0.001848428835,0.001848428835,0.001848428835,0.08333333333,0,0.0,0.02033271719,-1.333333333,0.02218114603,0.02218114603,0.003696857671,0.0,0.0,45.08333333,0.0,0.2,0.0,-2.5,0.25,0.005671077505,44.08333333,-0.1111111111,1.0,0.0,0.0,43.58333333,43.58333333,0.02218114603,-51.1,-0.08333333333,51.1,-1.222222222,0.0,0.966728281,0.02218114603,0.0,0.0,1.0,0.965973535,0.02268431002,0.0,-1.0,0.05360443623,-0.01663585952,-0.01761252446,4.948216341,5.36,6.232711415,8.256305502,Bankrupt
Macro Commerce Pvt Ltd.,2016,208.9,208.9,0.3333333333,0.0,0.005617977528,33.25,0,-38.07142857,0.0,0.0,0.0,-0.07142857143,0.005617977528,0.9719101124,0.05805243446,0.003745318352,-0.07142857143,0.001872659176,0.001872659176,0.001872659176,0.3333333333,0,0.0,0.003745318352,-0.2142857143,0.01310861423,0.01310861423,0.003745318352,0.0,0.0,178.0,0.0,0.15,0.0,-3.285714286,1.0,0.00569259962,75.28571429,-0.07142857143,1.0,0.0,0.0,174.0,74.57142857,0.005617977528,-34.6,-0.1428571429,43.25,-0.4285714286,0.007590132827,0.9775280899,0.005617977528,0.0,0.0,0.4285714286,0.9848197343,0.00569259962,0.007490636704,-1.0,0.0543071161,-0.02621722846,-0.02697495183,4.906973441,5.42,7.556488414,7.996253786,Bankrupt
Macro Commerce Pvt Ltd.,2015,396.25,396.25,1.0,0.0,0.001879699248,57.0,0,,0.0,0.0,0.0,-0.2142857143,0.001879699248,0.984962406,0.06203007519,,-0.2142857143,0.001879699248,0.001879699248,0.001879699248,1.0,0,0.0,0.0,-0.07142857143,0.03571428571,0.03571428571,0.009398496241,0.0,0.0,532.0,0.0,0.63,0.0,-1.736842105,7.0,0.01364522417,27.0,-0.07142857143,1.0,0.0,0.0,525.0,27.63157895,0.001879699248,-34.93333333,-0.1052631579,74.85714286,-1.285714286,0.0350877193,0.9868421053,0.001879699248,0.0,0.0,0.05263157895,1.021442495,0.001949317739,0.03383458647,-1.0,0.05263157895,-0.02631578947,-0.02671755725,6.665656719,5.44,6.69517609,7.410227605,Bankrupt
Keshav Sponge and Energy Pvt. Limited,2019,1.14,1.14,0.004984516269,4.09,0.6767851949,0.755815819,5.63,20.38817923,1.034629011,1.034629011,-173.76,-1.79781448,0.6767851949,0.09767229451,0.05877843712,-0.2214160865,-1.79781448,0.005531800377,0.005531800377,0.003373446815,0.004984516269,-5.365684575,0.02879097849,0.6734117481,12.42308268,0.8730784809,0.8730784809,-0.01954750688,0.0563645606,1.034629011,1.475256154,0.0,3.84,-0.05801784422,0.01153862919,-0.02709954171,-0.1445032233,0.1453724057,1.207474677,0.9984315239,0.0563645606,0.0,1.142000474,0.8870422377,0.6767851949,-8.502645503,0.06317601858,0.6405155356,15.96432314,1.546572145,0.7744574894,0.6767851949,0.01605855668,0.00231753899,0.7751710868,0.7695487353,5.332312437,0.196293286,-0.2803845353,0.07832594401,0.05456362171,0.5577634911,3.938826467,5.27,5.36166639,6.453851345,Bankrupt
Keshav Sponge and Energy Pvt. Limited,2018,1.4,1.39,0.02021711189,2.55,0.5436987844,0.6048273206,70.08,5.734588443,1.027304345,1.027304345,-54.02,-0.5556194177,0.5436987844,0.2195087754,0.7181979231,-5.816226971,-0.5556194177,0.01575470816,0.01575470816,0.01099201916,0.02021711189,-4.080043561,0.01199484023,0.5327067652,0.7977989321,0.796435105,0.796435105,-0.4633161669,0.7008319127,1.028368956,1.824218782,0.0,4.99,-0.03377562179,0.07065073115,-0.91780121,-2.451343107,0.2555950807,1.223173261,0.9918255342,0.7001063816,0.0,1.388697411,0.9582796576,0.5436987844,-1.38951404,0.9238638682,1.406984208,1.152523554,1.241551598,0.7632075598,0.5436987844,0.03723981304,0.01503491637,0.6826655191,1.07832333,2.670886768,0.2527363206,-0.4074498243,1.18151409,0.6871153117,3.104652695,3.328173375,5.33,5.327608862,6.795383419,Bankrupt
Keshav Sponge and Energy Pvt. Limited,2017,0.81,0.78,0.09316467668,10.45,0.230608664,0.01935411424,12.85,7.472215615,1.029241631,1.029241631,-17.58,-0.1810774993,0.230608664,-0.04471075924,0.133932128,0.1332513579,-0.1810774993,0.02260091396,0.02260091396,0.02148458162,0.09316467668,-0.3632563374,0.04877264612,0.2091240823,1.846159275,0.9069800321,0.9069800321,-0.04683273756,0.1285979597,1.02950302,4.309932081,0.0,3.22,0.017581865,0.03722062124,-0.222351537,-0.5512385352,0.1025601057,1.20757977,0.9939076791,0.1285653089,0.0,0.779700037,0.2049636135,0.230608664,1.959289294,0.1466501549,-0.0625079598,7.088916829,7.271249206,0.1858979047,0.230608664,-0.1362607349,0.02641843896,0.2542599129,-0.4806576504,2.479130761,0.6763713681,-0.2887704785,0.1807648656,0.1256783317,-2.793794181,4.948216341,5.36,6.232711415,8.256305502,Bankrupt
Keshav Sponge and Energy Pvt. Limited,2016,0.71,0.67,0.1240905036,6.9,0.2284779089,0.02198192463,16.31,6.010391799,1.020500795,0.8551039887,-10.01,-0.1022753785,0.2284779089,-0.06513415591,0.1657746295,0.07853430162,-0.1022753785,0.02961540693,0.02961540693,0.02835193879,0.1240905036,0.3117505995,0.05994697461,0.2001259701,1.429368998,0.868654689,0.868654689,-0.02229603126,0.1631708455,1.020804808,4.33485129,0.0,5.45,-0.03880385383,0.02077730928,-0.12361731,-0.2150348898,0.1512054361,1.149352501,0.9904177582,0.1631222505,0.01521772787,0.6729819609,0.1880422164,0.2284779089,3.129706189,0.1794166256,-0.08964326228,5.256975196,4.873997975,0.163343753,0.2284779089,-0.147115468,0.04193946748,0.2630250107,-0.495900123,1.739520864,0.6401767801,-0.1326544511,0.1880706608,0.16139179,-2.454093288,4.906973441,5.42,7.556488414,7.996253786,Bankrupt
Keshav Sponge and Energy Pvt. Limited,2015,0.76,0.72,0.2153066277,5.36,0.1841147678,0.02197025158,9.73,9.988472113,1.02671138,0.8617300895,-15.52,-0.1594870932,0.1841147678,-0.04432609834,0.09904661298,0.1077640885,-0.1594870932,0.0402637482,0.0402637482,0.03964112977,0.2153066277,0.1469126635,0.07555923849,0.1444736381,1.943758929,0.8408169506,0.8408169506,-0.03399300362,0.09731448281,1.027380351,5.392522099,0.0,-1.6,0.02051805892,0.0245699505,-0.2872901434,-0.3322863725,0.1893195056,1.164100838,0.9928429542,0.09725111718,0.009292861519,0.7203747166,0.1662533913,0.1841147678,3.31213508,0.1288495386,-0.05641606792,8.458271292,4.125452963,0.1397886695,0.1841147678,-0.1614634731,0.03887274156,0.2189712847,-0.2784599146,1.156622948,0.6567021828,-0.2690063331,0.1330396166,0.09540379822,-2.136912393,6.665656719,5.44,6.69517609,7.410227605,Bankrupt
Keshav Sponge and Energy Pvt. Limited,2014,0.53,0.51,0.1448659026,4.64,0.274951352,0.02170939255,9.67,10.17194418,1.022446983,0.8749479273,-8.9,-0.09111033608,0.274951352,-0.1289900606,0.1030163797,0.0756928812,-0.09111033608,0.03983107577,0.03983107577,0.03983107577,0.1448659026,-0.01151657181,0.0723447748,0.2351202763,2.90680191,0.8317630516,0.8317630516,-0.01561774777,0.09675984196,1.022950756,3.61211893,0.0,-1.02,0.01369175084,0.01062557531,-0.08225820966,-0.1344354268,0.2022654747,1.164360934,0.9931569834,0.09671219056,0.00838687252,0.5059741437,0.1754842214,0.274951352,8.737084082,0.1163018216,-0.1640150637,8.372351556,3.309687347,0.1459612915,0.274951352,-0.05305072765,0.02488809937,0.3305645178,-0.7667165968,1.634310148,0.5568116995,-0.1847860931,0.1186341275,0.09524068755,-0.7333042061,10.01787847,5.44,3.865992884,6.386106401,Probable Bankrupt
Keshav Sponge and Energy Pvt. Limited,2013,0.67,0.64,0.3066399426,4.18,0.2369341244,0.02437438554,10.94,8.636302413,1.019981578,0.8982962198,7.58,0.07745928007,0.2369341244,-0.07804280539,0.1143955632,0.1501514884,0.07745928007,0.07350658003,0.07350658003,0.07265346629,0.3066399426,0.1844178196,0.06992395244,0.1642806581,2.212326833,0.8079016872,0.8079016872,0.004504004331,0.1094037821,1.021536781,4.1889759,0.0,0.97,-0.1610729423,0.03415464418,0.003004366374,0.003705586507,0.2377743677,1.124805021,0.9925113368,0.1092372241,0.008065441439,0.6390073875,0.1966716019,0.2369341244,6.399050586,0.1318394422,-0.1029823185,6.865238904,2.972267453,0.158891319,0.2369341244,-0.09595584265,0.03160652006,0.2932709859,-0.4062649185,1.23340034,0.5709675628,-0.00595436789,0.1098915589,0.1079053186,-1.372288598,9.478996914,5.42,2.473521635,5.456388753,Probable Bankrupt
Keshav Sponge and Energy Pvt. Limited,2012,0.7,0.68,0.3895560467,3.36,0.3043018223,0.03247017489,11.36,7.514874899,1.022755102,0.9074871116,7.71,0.07900697368,0.3043018223,-0.09002614889,0.1201157481,0.3318103631,0.07900697368,0.1198357689,0.1198357689,0.1185426149,0.3895560467,0.3804885967,0.0647495625,0.1857592074,2.741642887,0.7906612934,0.7906612934,0.001282654763,0.1136038982,1.023527619,3.262593948,0.0,1.1,0.1262325491,0.01488801346,-0.002685456556,-0.003903670453,0.2647640758,1.13644127,0.9928132836,0.1135181546,0.008090622049,0.6805380114,0.271008174,0.3043018223,6.419250472,0.1381388692,-0.1344902915,6.055531907,2.323313634,0.2142756734,0.3043018223,-0.07982921045,0.02361706655,0.384870013,-0.4300501821,1.453633813,0.4863594711,-0.0447260822,0.1188330933,0.1117959546,-1.232891889,8.911793365,5.41,1.317979708,5.241315001,Probable Bankrupt
Keshav Sponge and Energy Pvt. Limited,2011,0.85,0.82,0.485471823,2.31,0.238751939,0.05411092282,9.57,,1.027917401,0.8971172962,20.78,0.2137833377,0.238751939,-0.03688000468,0.10119654,,0.2137833377,0.1176252867,0.1176252867,0.1159073391,0.485471823,,0.07157995424,0.1228445999,2.564828013,0.7010683923,0.7010683923,0.01682418884,0.09573891387,1.028489441,4.160539373,0.0,2.08,0.1409778037,0.02791643994,0.05758620564,0.04599319009,0.4263943589,1.142681646,0.9933368426,0.09568566448,0.008683731141,0.8176217446,0.2879489884,0.238751939,3.278409464,0.1321884522,-0.06134981797,6.286179152,1.54656263,0.2018719343,0.238751939,-0.1806712744,0.0279082862,0.340554419,-0.1233727171,0.7986841567,0.4623164533,0.1340879228,0.08437235117,0.09371133296,-2.524048476,11.98938992,5.43,-1.983859222,8.497584702,Probable Bankrupt
Nagaur Water Supply Company Private Limited,2023,0.15,0.13,0.0103113039,-1.37,2.018220114,0.04421363888,2.4,0.4239305382,1.017850827,1.017850827,-15.95,-0.1624185318,2.018220114,-1.717186542,2.938310133,-0.419845402,-0.1624185318,0.02081048094,0.02081048094,0.02081048094,0.0103113039,0.3575186929,0.01303130255,1.997409633,0.707140331,2.065902431,2.065902431,-0.5856340219,2.905639584,1.018072767,0.4770579229,0.0,30.91,-0.01390718263,0.06031772938,-0.3506608829,0.6639546232,-0.5159500348,0.08441295985,0.9628078957,0.2000968169,0.0,0.130729778,0.1457152899,2.018220114,-0.6713682103,1.465259411,-2.464941785,0.7165556366,-0.04473422296,0.3010335718,2.018220114,-0.02165874432,0.01842817045,0.9769193761,1.61101663,-1.89343795,0.04768231701,-0.1756378574,3.523944155,2.964307682,-1.662055212,6.699034141,10.05,0.2298150623,7.002951544,Financial Distress
Nagaur Water Supply Company Private Limited,2022,0.18,0.17,0.0121853692,-2.18,1.301646313,0.02839401262,0.99,1.047093972,1.036452398,1.036452398,-25.59,-0.2652770505,1.301646313,-1.067375874,0.9875229864,0.02712299651,-0.2652770505,0.01586104089,0.01586104089,0.01586104089,0.0121853692,-0.04051724138,0.01786429297,1.285785272,1.38168371,1.425255797,1.425255797,-0.2216773604,0.9765185505,1.03656405,0.7553284867,0.0,29.04,-0.036797373,0.01650324594,-0.1788682905,0.547489893,-0.298371561,0.07984645948,0.9831705397,0.04544679678,0.0,0.1670507394,0.1643708026,1.301646313,-1.250739549,0.6928996598,-1.397069924,1.496057535,-0.2906708971,0.2342704393,1.301646313,-0.01576713572,0.01292936498,0.9132720707,2.50996196,-3.060854955,0.123609484,-0.1925131605,1.209200347,0.9581985266,-0.8826061988,5.131407472,7.33,0.1472360633,9.050277908,Financial Distress
Nagaur Water Supply Company Private Limited,2021,0.17,0.15,0.03783332614,-3.3,1.03626379,0.02728197456,58.71,2.273631959,1.06550898,1.06550898,-39.07,-0.4164219103,1.03626379,-0.8630424003,0.5962293413,-0.5050647022,-0.4164219103,0.03920530591,0.03920530591,0.03920530591,0.03783332614,-1.179991715,0.03267328073,0.9970584836,1.881055182,1.180554675,1.180554675,-0.1909823323,0.5871512775,1.065813516,0.947635597,0.0,169.09,0.03254449144,0.03899147032,-0.1978838377,1.13572166,-0.1529405449,0.2279279401,0.9820004548,0.0949039813,0.0,0.1497898948,0.1467288155,1.03626379,-2.071428571,0.5091344317,-1.055941504,2.071809483,-0.7991534173,0.1732213892,1.03626379,-0.02085592221,0.01736965563,0.8777770409,4.779950444,-5.739335123,0.1442908858,-0.2543511103,0.7872116736,0.5609925551,-0.6383173573,6.623436776,5.98,4.203910403,-5.83105322,Bankrupt
Nagaur Water Supply Company Private Limited,2020,0.45,0.42,0.03997536613,11.47,0.8607562014,0.02464755358,42.22,2.4285616,1.065881073,1.065881073,-26.92,-0.2870233114,0.8607562014,-0.4692520721,0.4294033718,0.07642270784,-0.2870233114,0.0344090443,0.0344090443,0.0344090443,0.03997536613,0.02356294537,0.06583103472,0.8263471571,2.173449922,0.9673967431,0.9673967431,-0.1219587716,0.4222198552,1.066125007,1.131480421,0.0,-29.09,-0.02132478933,0.01736313822,-0.1513170201,-3.994909588,0.03370205357,0.1872666204,0.9739287891,0.05381940144,0.0,0.4245486907,0.4046986224,0.8607562014,-1.538899022,0.444917294,-0.7806693288,2.355837852,3.270855493,0.3915041293,0.8607562014,-0.05555907474,0.03028872856,0.889765453,-14.39279745,26.40092691,0.1066405418,-0.2343992884,0.5513621434,0.4066336535,-0.84396478,3.729505735,8.0,6.894875427,3.871436941,Bankrupt
Nagaur Water Supply Company Private Limited,2019,0.45,0.41,0.05480457429,2.26,0.7162612311,0.02384388455,52.04,2.362727492,1.088359251,1.088359251,-25.29,-0.2753980235,0.7162612311,-0.3956738635,0.5275124045,-0.2583961379,-0.2753980235,0.03925439185,0.03925439185,0.03925439185,0.05480457429,-0.4135448088,0.05767342151,0.6770068392,1.498700847,0.8425372134,0.8425372134,-0.136258549,0.5204103527,1.088903605,1.357656389,0.0,-18.9,-0.04990254617,0.06378684663,-0.2037759588,-0.9269289729,0.186891195,0.4034052965,0.9724366367,0.1689714362,0.0,0.4091021426,0.3805023238,0.7162612311,-1.484389845,0.6288724772,-0.5881318769,1.680784318,0.8019417476,0.3205873676,0.7162612311,-0.06966182462,0.03848227726,0.8501241485,-2.512808721,4.548765117,0.1262759823,-0.2163709609,0.6637709535,0.4914679251,-1.207867035,3.938826467,5.27,5.36166639,6.453851345,Bankrupt
Nagaur Water Supply Company Private Limited,2018,0.75,0.69,0.02634959793,1.35,0.5822998212,0.02299871567,83.57,1.19851935,1.046283972,1.046283972,-0.54,-0.005745486166,0.5822998212,-0.1469331384,0.8453621431,0.08467517631,-0.005745486166,0.01534336616,0.01534336616,0.01534336616,0.02634959793,-0.4627245818,0.03874868966,0.566956455,0.7287511703,0.7712561782,0.7712561782,-0.005660783516,0.8357733385,1.045974559,1.664157007,0.0,14.37,-0.03448012135,0.116932141,-0.01155883182,-0.02942464477,0.296586048,0.4342323214,0.9690383275,0.3279396751,0.0,0.6944961952,0.5644903667,0.5822998212,-0.3935117959,1.085359855,-0.2650947096,0.9460287061,0.8260610296,0.4353666828,0.5822998212,-0.2107194662,0.0531713584,0.7550018239,-0.6423480084,2.545641742,0.188956357,-0.01819962233,0.8510229266,0.8245679246,-5.438105599,3.328173375,5.33,5.327608862,6.795383419,Probable Bankrupt
Nagaur Water Supply Company Private Limited,2017,0.73,0.64,0.05296077169,1.44,0.5025776317,0.02243713588,78.61,1.47155499,1.047867282,1.047867282,-3.6,-0.03772328412,0.5025776317,-0.1333988413,0.7943762457,-0.2124927817,-0.03772328412,0.0266168992,0.0266168992,0.0266168992,0.05296077169,-0.07374464681,0.06581673899,0.4759607324,0.6685405961,0.7456410782,0.7456410782,-0.0368133301,0.7861590261,1.045767242,1.891293974,0.0,7.8,0.004933418069,0.1123019368,-0.09007176646,-0.1779692049,0.3411278285,0.4543891764,0.9505220461,0.3208161802,0.0,0.6361222949,0.4951159494,0.5025776317,-0.445861789,1.067795869,-0.2149178255,0.9564628885,0.9555923763,0.3691787903,0.5025776317,-0.3709024263,0.09844838051,0.6740208478,-0.5244511983,1.975860049,0.2430634465,-0.05473910681,0.8311895758,0.7908847054,-5.635381393,4.948216341,5.36,6.232711415,8.256305502,Probable Bankrupt
Nagaur Water Supply Company Private Limited,2016,0.86,0.78,0.03408654438,1.36,0.5299833692,0.02144081103,76.23,1.240756997,1.038675477,1.038675477,-2.24,-0.02333121706,0.5299833692,-0.07429492128,0.7685079563,0.1759998617,-0.02333121706,0.01806530164,0.01806530164,0.01806530164,0.03408654438,0.2776998597,0.0596108677,0.5119180676,0.7210312764,0.761615603,0.761615603,-0.02363833293,0.7623741651,1.037194088,1.804177205,0.0,-3.64,0.007100957862,-0.01214100204,-0.05684593476,-0.1263815938,0.3129983106,0.5356408508,0.9561839139,0.3758569832,0.0,0.7771420496,0.5983181623,0.5299833692,-0.3460415342,1.010945813,-0.1386859482,1.011584616,0.9716753134,0.455688448,0.5299833692,-0.5897588337,0.08267445484,0.6958672685,-0.3116601682,2.22323011,0.2316322337,-0.03810050232,0.7921462892,0.7687173884,-9.893478429,4.906973441,5.42,7.556488414,7.996253786,Probable Bankrupt
Nagaur Water Supply Company Private Limited,2015,0.61,0.54,0.03456914715,0.7,0.5265373187,0.0208454592,58.99,,1.057470641,1.057470641,-15.48,-0.1635385161,0.5265373187,-0.2036893317,0.599557187,,-0.1635385161,0.01820194605,0.01820194605,0.01820194605,0.03456914715,,0.06875117332,0.5083353726,0.9425085,0.6034119909,0.6034119909,-0.05389267611,0.5899947562,1.056098121,1.826255732,0.0,-19.29,-0.01257293446,0.1677732331,-0.1001442963,-0.1329584053,0.6572425061,0.680936985,0.9615917963,0.3586156266,0.0,0.5402082116,0.535037407,0.5265373187,-1.358219689,0.9771077869,-0.3046064945,1.047533427,0.1938401326,0.3228479869,0.5265373187,-0.1885626673,0.07294488412,0.8726000255,-0.5136043628,1.327668277,0.07687467226,-0.09804942596,0.6534498631,0.5809692313,-2.742682899,6.665656719,5.44,6.69517609,7.410227605,Probable Bankrupt
Lanco Babandh Power Limited,2017,0.58,0.42,0.03924729886,-20.97,0.2505013251,0.007274752187,13.05,7.863685754,1.047865657,0.7856532963,-30.78,-0.3228101137,0.2505013251,-0.1044899994,0.1334983293,0.04202633999,-0.3228101137,0.01016977594,0.01016977594,0.00983150037,0.03924729886,-0.006812042268,0.3292911034,0.2406698247,2.012145252,1.016869872,1.016869872,-0.04063928572,0.1305407734,1.048565301,3.828343095,0.0,1.68,-0.01100862676,0.03895083187,-0.1643535635,2.440491871,-0.01659000079,0.5921288602,0.9590050183,0.05764958739,0.01605123613,0.4192247048,0.1435889977,0.2505013251,-2.865131015,0.1127608909,-0.1294807207,8.089009018,-45.42823725,0.1460113257,0.2505013251,-0.3923340218,0.1636517558,0.2463455079,6.193882174,-14.84903533,0.7663685469,-0.2508587452,0.1741376151,0.1298164772,-1.191450415,4.948216341,5.36,6.232711415,8.256305502,Bankrupt
Lanco Babandh Power Limited,2016,0.8,0.59,0.0563427785,-1379.15,0.2052129382,0.006442893508,15.02,6.882655131,1.045580078,0.8009543321,-3.36,-0.03518938092,0.2052129382,-0.04104158564,0.154660237,0.02261313806,-0.03518938092,0.01254442244,0.01254442244,0.01156226713,0.0563427785,-0.4299889746,0.2999299881,0.1936506711,1.428562017,0.9749135674,0.9749135674,-0.01257800833,0.1502731034,1.046105814,4.663034721,0.0,4.62,-0.03537013244,-0.001600693418,-0.07264674793,-0.5942675395,0.02573195561,0.6196441535,0.9569150563,0.07384182493,0.01802236136,0.590052508,0.1683958026,0.2052129382,-1.539703995,0.1384300985,-0.05205052181,6.706239327,30.6819483,0.1641713526,0.2052129382,-1.049787503,0.2099523748,0.2104934685,-1.636007249,8.180235955,0.7697006291,-0.1018945383,0.1672382453,0.150117821,-3.500108509,4.906973441,5.42,7.556488414,7.996253786,Bankrupt
Lanco Babandh Power Limited,2015,0.72,0.49,0.05550672047,-84.14,0.2764504484,0.006579245834,17.79,5.748195866,1.039003501,0.7531495993,-22.87,-0.2380557332,0.2764504484,-0.07784649523,0.180562079,0.03472081153,-0.2380557332,0.01558558822,0.01558558822,0.01534485777,0.05550672047,0.05992795875,0.3687474457,0.2611055907,1.617165983,0.9830763453,0.9830763453,-0.04444799254,0.1779261945,1.040823738,3.389264003,0.0,1.88,0.02464748085,0.0527727996,-0.1688193783,-2.757689978,0.01721499529,0.6017278373,0.9369635536,0.08171925589,0.02485361596,0.4903862794,0.2020229193,0.2764504484,-2.069263309,0.1580795109,-0.1100722404,5.660987171,41.75374122,0.1986039532,0.2764504484,-0.809753171,0.2280207781,0.2812095416,-4.59986314,16.33515066,0.7066258969,-0.210635203,0.2250100716,0.1824483767,-2.195956014,6.665656719,5.44,6.69517609,7.410227605,Bankrupt
Lanco Babandh Power Limited,2014,0.75,0.53,0.04081316357,23.93,0.2791850078,0.006684677631,20.51,5.0672135,1.038411275,0.793062784,-22.58,-0.2348039064,0.2791850078,-0.07087911947,0.2084378602,0.0004505924671,-0.2348039064,0.01140563412,0.01140563412,0.01139442339,0.04081316357,0.007612115309,0.3111479721,0.2677905844,1.415008837,0.9548616882,0.9548616882,-0.04449202337,0.2051371868,1.039708165,3.361963039,0.0,-6.2,0.01484781636,0.02802149986,-0.1684826907,-1.042082422,0.04727209436,0.5236435735,0.9386096774,0.08026721648,0.02534812659,0.5262301399,0.218152944,0.2791850078,-1.407325485,0.1918845129,-0.1006945929,4.781827389,14.96902859,0.2083058884,0.2791850078,-0.8661270496,0.2198911865,0.2923826679,-1.570265183,6.185100783,0.6756766803,-0.1899679705,0.2529298836,0.2102073578,-2.783649991,10.01787847,5.44,3.865992884,6.386106401,Probable Bankrupt
Lanco Babandh Power Limited,2013,0.75,0.55,0.03757841273,8.54,0.2999347124,0.006883661404,27.03,3.785747258,1.047186907,0.760380242,-7.72,-0.08094677482,0.2999347124,-0.07390135546,0.2732647715,0.04737308756,-0.08094677482,0.01138027668,0.01138027668,0.01127107041,0.03757841273,0.09965844304,0.2363412046,0.2886636419,1.163025059,0.9093560451,0.9093560451,-0.01758948912,0.2703356824,1.048252036,3.130846431,0.0,-3.01,-0.05225488967,0.04083361499,-0.04686066971,-0.1550587847,0.09967927898,0.6394934074,0.9390495238,0.1427678102,0.04066894848,0.5503960491,0.2485641989,0.2999347124,-1.450460747,0.252424882,-0.1080646219,3.482408962,6.723242971,0.2260333569,0.2999347124,-0.8247545104,0.2032124783,0.3298319882,-0.8152927079,3.308932324,0.6094213327,-0.07149032783,0.2908542606,0.2746307493,-3.489677189,9.478996914,5.42,2.473521635,5.456388753,Probable Bankrupt
Lanco Babandh Power Limited,2012,0.69,0.52,0.08943463267,5.96,0.3261235972,0.007348278965,21,4.109068383,1.075359495,0.7462949237,1.18,0.01272369173,0.3261235972,-0.100371589,0.2124722961,0.3969322733,0.01272369173,0.02993925273,0.02993925273,0.02916674412,0.08943463267,0.2316055191,0.2953133273,0.2969568531,1.671874669,0.8831336998,0.8831336998,0.004790999242,0.210043025,1.076786887,2.889686076,-0.01,-0.34,-0.002200782238,0.08013047128,0.02891724223,0.08069559008,0.1323313789,0.6041784028,0.942394818,0.106229022,0.0363415277,0.5155923326,0.2556260827,0.3261235972,-2.046045275,0.1959279414,-0.1494243331,4.37786696,4.76621662,0.2257520082,0.3261235972,-0.5739191992,0.1766360438,0.3692799826,-0.858858275,2.790570049,0.5570101025,0.01003120953,0.2076812968,0.2069882139,-1.943424649,8.911793365,5.41,1.317979708,5.241315001,Probable Bankrupt
Lanco Babandh Power Limited,2011,0.95,0.68,0.155663856,3.18,0.2786543977,0.01532789443,26.37,3.150402081,1.067827119,0.7718476495,8.49,0.09118849319,0.2786543977,-0.01493454406,0.2755143211,0.4510246692,0.09118849319,0.04687543883,0.04687543883,0.04337641805,0.155663856,0.2409051032,0.2985596977,0.2352779797,1.133489187,0.8127034046,0.8127034046,0.03564062289,0.263794862,1.073044697,3.325275941,0.0,2.11,0.02680279209,0.1181433639,0.1752194007,0.2606863005,0.2304611921,0.7013190929,0.9266027646,0.1602952932,0.04476597344,0.6830059736,0.3244970455,0.2786543977,-1.202987177,0.2620214099,-0.0279975498,3.129409863,2.851354589,0.2637198537,0.2786543977,-4.914594991,0.2633988053,0.3428734224,-0.07973740274,1.487770758,0.5340490068,0.0943766929,0.2398736982,0.2653107995,-16.46101275,11.98938992,5.43,-1.983859222,8.497584702,Probable Bankrupt
Lanco Babandh Power Limited,2010,1.99,1.53,0.2742145423,2.5,0.2190508158,0.03407146509,50.11,1.789805097,1.042599479,0.1208681374,7.07,0.0737124944,0.2190508158,0.2179221863,0.5125917986,0.2794933209,0.0737124944,0.06006691918,0.06006691918,0.06006691918,0.2742145423,0.306243891,0.2111554612,0.1589838966,0.4557474509,0.7469723845,0.7469723845,0.05815654696,0.5011158396,1.042599479,4.101833945,0.0,3.66,0.001322206217,0.01300376106,0.3649206354,0.3159187297,0.3387375769,0.7504001246,0.8985100719,0.3389687858,0.2965448867,1.531530813,0.584992178,0.2190508158,0.9705285821,0.3451605278,0.4988845184,1.429145168,2.086418779,0.4369730021,0.2190508158,0.4657163634,0.4633168234,0.2932515583,0.8612585068,0.8657190058,0.5279215687,0.102722198,0.4544352517,0.5349308895,2.205561536,10.88235294,5.55,4.808592108,7.861888833,Probable Bankrupt
Lanco Babandh Power Limited,2009,1.57,1.21,0.3161215781,2.67,0.2713021356,0.03904229775,52.94,,1.033028822,0.1344130622,7.03,0.07270767406,0.2713021356,0.1559606494,0.534313144,,0.07270767406,0.08576445925,0.08576445925,0.08576445925,0.3161215781,,0.1906713726,0.1855376764,0.5293549166,0.7574661276,0.7574661276,0.05349357362,0.5294423773,1.033028822,3.325731776,0.0,3.11,0.03359687027,0.04679003017,0.2505896659,0.2803134707,0.3201910469,0.6697557094,0.9022781333,0.3339648733,0.3040094472,1.21466393,0.5640685034,0.2713021356,0.3440889371,0.3758235125,0.3198811486,1.310600006,2.004519976,0.427262785,0.2713021356,0.6265802755,0.3601957148,0.3581706504,0.6430468778,1.118615445,0.486163992,0.1011248501,0.4808195704,0.5680228792,3.286179078,8.349267049,5.54,3.77175625,3.08669806,Probable Bankrupt
Compact lamps Private Limited,2016,1.78,1.05,0.1334141339,0.45,0.4110996129,0.9814360771,125.66,0.8331218062,1.158778932,1.158778932,6.98,0.07648375138,0.4110996129,0.3201870377,1.28987007,0.0878847112,0.07648375138,0.05484649879,0.05484649879,0.05484649879,0.1334141339,-0.01532371345,0.2615477105,0.3562531141,0.3582378678,0.4537580008,0.4537580008,0.1393583994,1.256640221,1.095053605,1.70240537,0.0,14.9,0.02006052745,0.1528000676,0.4644788365,0.3495649733,1.20381789,0.7694131793,0.6998581886,0.8480318884,0.0,1.048760022,1.611622603,0.4110996129,0.07575318656,2.816876425,2.926094571,0.3476169801,0.07809430255,0.7312866506,0.4110996129,0.9373952598,0.730095096,0.9059886815,0.5861633455,0.7525961269,0.04265838795,0.0905456726,1.150511671,1.639704272,3.584031602,4.906973441,5.42,7.556488414,7.996253786,Bankrupt
Compact lamps Private Limited,2015,1.49,0.81,0.06318870523,0.48,0.4881082444,0.8892415106,153.43,0.7976368121,1.161646923,1.161646923,5.36,0.05959740537,0.4881082444,0.2394739054,1.543995294,-0.2011933776,0.05959740537,0.03084292798,0.03084292798,0.03084292798,0.06318870523,-0.212803421,0.242135396,0.4572653164,0.3537472973,0.5075636608,0.5075636608,0.124254139,1.534330616,1.111977343,1.364238981,0.0,16.06,-0.04170926727,0.3694842288,0.3406508264,0.3376567967,0.9701962083,0.7784815909,0.6658962938,1.024077654,0.0,0.8061294766,1.433479593,0.4881082444,-0.3095958207,3.075171786,1.80863218,0.3454944118,0.03950849049,0.7275821498,0.4881082444,1.395157045,0.6844869146,0.9616690123,0.4863042922,0.9912108542,0.01945541642,0.07787018676,1.419741155,2.072127217,5.761888051,6.665656719,5.44,6.69517609,7.410227605,Bankrupt
Compact lamps Private Limited,2014,1.24,0.66,0.1463208685,0.47,0.5800041979,0.671942446,172.82,0.787886662,1.144677678,1.144677678,13.43,0.1500101679,0.5800041979,0.1418876373,1.791891136,-0.4396207934,0.1500101679,0.08486671797,0.08486671797,0.08486671797,0.1463208685,-0.3802758478,0.217886436,0.4951374799,0.374630002,0.5948016512,0.5948016512,0.1246064507,1.728223606,1.116275391,1.14252111,67.52,55.3,0.01687722069,-0.06187143445,0.283655006,0.4060260727,0.6812327236,0.7369229726,0.6626670398,1.088364934,0.0,0.6630277443,1.213668176,0.5800041979,-0.4798591428,2.912368406,0.9726618705,0.3293716248,0.03651903652,0.7218918352,0.5800041979,2.377465483,0.5816043426,0.9751220373,0.3501683502,1.431408098,0.0147974533,0.0308847905,1.667284685,2.336324764,10.91148915,10.01787847,5.44,3.865992884,6.386106401,Bankrupt
Compact lamps Private Limited,2013,0.97,0.51,0.09375324092,1.53,0.7029135178,0.270593916,117.4,0.900252613,1.147535285,1.147535285,-4.98,-0.05578344805,0.7029135178,-0.02131071854,1.186985153,0.1121667922,-0.05578344805,0.06590042038,0.06590042038,0.06590042038,0.09375324092,0.2499624343,0.3084660131,0.6370130975,0.6703979235,0.7410395354,0.7410395354,-0.05729837436,1.174009185,1.119701499,0.9625263595,0.0,-19.69,-0.0174492578,0.1106046695,-0.07978705016,-0.2165712677,0.3494556663,0.5518320239,0.6765727893,0.5400092338,0.0,0.5095585439,0.9197927597,0.7029135178,-0.7336332609,1.622016002,-0.08469338484,0.6439083177,0.1472271746,0.6816027993,0.7029135178,-15.17673888,0.4601237598,0.9485506296,-0.08229332833,2.714366144,0.03812601754,-0.05944615865,1.244283527,1.549725245,-49.20068415,9.478996914,5.42,2.473521635,5.456388753,Probable Bankrupt
Compact lamps Private Limited,2012,1.18,0.72,0.1123142443,1.27,0.6040999535,0.2719596234,124.09,0.8565555772,1.138552747,1.138552747,1.25,0.01390650922,0.6040999535,0.1060568739,1.242740236,0.07819470674,0.01390650922,0.06853326765,0.06853326765,0.06784902975,0.1123142443,0.2088550536,0.2435590905,0.5362509237,0.5384990729,0.6420888414,0.6420888414,0.02063661494,1.240906478,1.10615302,1.203062704,0.0,3.94,0.0006428525511,-0.004305200341,0.02482783617,0.04190563585,0.5574168798,0.5032936469,0.7267701234,0.5260420943,0.0,0.7232693005,1.10601023,0.6040999535,-0.3000147355,1.99799659,0.3761040474,0.5118815263,0.1061405521,0.7101568273,0.6040999535,2.576258065,0.4522924973,0.9408354646,0.2963217863,1.687848895,0.03798888798,0.01538564902,1.222103621,1.54357159,10.57754839,8.911793365,5.41,1.317979708,5.241315001,Probable Bankrupt
Compact lamps Private Limited,2011,1.05,0.67,0.1197320817,1.18,0.607304038,0.2483822356,124.34,0.8807093948,1.135162788,1.135162788,-2.41,-0.02652359839,0.607304038,0.03206650831,1.248218527,0.006532066508,-0.02652359839,0.07271377672,0.07271377672,0.07271377672,0.1197320817,-0.1185110154,0.2072041346,0.5345902613,0.536610961,0.628652019,0.628652019,-0.03369952494,1.243408551,1.098669885,1.260486946,0.0,-7.64,0.02477524325,0.1842440844,-0.06155275252,-0.1006636284,0.5907051433,0.4955794003,0.7654988124,0.520932304,0.0,0.6666666667,1.017050017,0.607304038,-0.3546055027,2.049449771,0.0957361936,0.4912243881,0.05748780683,0.6393705463,0.607304038,7.312962963,0.3861347414,0.9660416568,0.08635164308,1.635404174,0.021347981,-0.03004053272,1.281918052,1.478434567,35.29351852,11.98938992,5.43,-1.983859222,8.497584702,Probable Bankrupt
Compact lamps Private Limited,2010,1.11,0.65,0.07175612298,1.09,0.5735206216,0.2373570521,132.23,,1.106808366,1.071965837,-4.51,-0.0484786723,0.5735206216,0.06204423192,1.30260012,,-0.0484786723,0.04115361626,0.04115361626,0.04115361626,0.07175612298,,0.2143446402,0.5323670054,0.4656184792,0.5959653317,0.5959653317,-0.0472504483,1.322295278,1.073518707,1.283272538,0.0,-14.0,0.01438091898,0.14191866,-0.08530484627,-0.1210888379,0.6779499524,0.4055175426,0.7359832636,0.4606395696,0.03600621834,0.6478374153,1.066446016,0.5735206216,-0.2758254765,2.254350333,0.1758576874,0.4504294657,0.05555144611,0.6355648536,0.5735206216,4.255298651,0.4603439291,0.9623388998,0.153561654,1.41948369,0.0224447101,-0.02041358544,1.349850568,1.673597011,19.85260116,10.88235294,5.55,4.808592108,7.861888833,Probable Bankrupt
Gallantt Ispat Ltd,2021,1.22,0.43,0.0422011958,0.15,0.1852266007,0.173749546,108.27,0.9217492754,1.034560693,1.034560693,5.63,0.05942179113,0.1852266007,0.04107306059,1.085285737,0.1056394817,0.05942179113,0.007816784044,0.007816784044,0.007816784044,0.0422011958,0.03594604448,0.1435058752,0.1774098167,0.1802534242,0.2076447503,0.2076447503,0.09459706467,1.082791248,1.053719224,4.602658617,0.0,12.89,0.0005259218804,0.4749896437,0.6917629303,0.1617114244,3.815917564,0.2759623735,0.85253481,0.2667490995,0.0,0.4256109595,1.089840514,0.1852266007,-0.1429975288,4.958316073,0.08161869966,0.1944627554,0.02829305361,0.2262996613,0.1852266007,3.590314136,0.7961339757,0.8920360398,0.05183667377,0.2337671149,0.02241814956,0.07309608309,0.9906886727,1.205334847,25.01858639,6.623436776,5.98,4.203910403,-5.83105322,Bankrupt
Gallantt Ispat Ltd,2020,1.43,0.29,0.04156204,0.14,0.138843472,0.1853912092,103.99,0.9438730747,1.03559417,1.03559417,0.86,0.0091148372,0.138843472,0.05978600625,1.041344073,0.1375811493,0.0091148372,0.005770617937,0.005770617937,0.005770617937,0.04156204,0.1625321434,0.1611181517,0.1330728541,0.1407316241,0.2125030055,0.2125030055,0.01549651358,1.039973551,1.054116299,6.057494155,9.07,2.68,-0.0003412366888,0.3212830957,0.1584552775,0.02793722521,3.705815795,0.1789213297,0.8410435201,0.1595094975,0.0,0.285739025,0.9347137361,0.138843472,-0.122423235,4.777325187,0.1133731534,0.2095437707,0.09353627259,0.1986294782,0.138843472,2.658757289,1.144861027,0.6533718036,0.07591902785,0.1763098437,0.07365953354,-0.004043126685,1.02584756,1.173046685,16.50191032,3.729505735,8.0,6.894875427,3.871436941,Bankrupt
Gallantt Ispat Ltd,2019,2,0.64,0.05042222494,0.08,0.1139037582,0.2424495394,148.29,0.6833867281,1.029204352,1.029204352,6.73,0.06996347014,0.1139037582,0.1135552582,1.490451098,0.04933366789,0.06996347014,0.005743280919,0.005743280919,0.005743280919,0.05042222494,0.008489117674,0.108153777,0.1081604773,0.07980895079,0.1147122784,0.1147122784,0.1533400245,1.482923497,1.039040066,7.424183087,1.94,18.24,-0.002818585583,0.9204034512,1.815812018,0.2336277891,7.717462632,0.2702330488,0.8456423553,0.3660365786,0.0,0.6417819116,1.982865476,0.1139037582,-0.03917553369,12.33868028,0.242866939,0.07635131175,0.0009132851497,0.2274590164,0.1139037582,1.359317456,1.355158487,0.992951756,0.1282693246,0.128662982,0.0008085201294,0.09855190317,1.337111074,1.68771739,12.56837712,3.938826467,5.27,5.36166639,6.453851345,Bankrupt
Gallantt Ispat Ltd,2018,1.63,0.89,0.0429187441,0.1,0.2176342068,0.3286320469,120.83,0.7457022621,1.031074527,1.031074527,5.98,0.0608779356,0.2176342068,0.1367948737,1.21536138,0.2279279147,0.0608779356,0.009340586829,0.009340586829,0.009340586829,0.0429187441,0.1018307678,0.1354913552,0.20829362,0.1831644679,0.218044782,0.218044782,0.1016760268,1.2083816,1.016993496,3.855140817,0.0,14.22,0.002513495075,0.8191661063,0.6019404393,0.1675323945,3.586213853,0.3093384014,0.8390105137,0.3456017127,0.0,0.8888289988,1.625487559,0.2176342068,-0.02948271241,5.484129119,0.3770054556,0.1756488258,0.0005250623512,0.3544290805,0.2176342068,1.176867831,0.7397251044,0.9981170141,0.1749395241,0.2783205506,0.0004105752452,0.07173140224,1.113685353,1.416180223,8.685925608,3.328173375,5.33,5.327608862,6.795383419,Bankrupt
Gallantt Ispat Ltd,2017,1.52,0.58,0.02753692234,0.18,0.1993238752,0.3346639779,117.04,0.7675733542,1.030502699,1.030502699,4.32,0.04016766684,0.1993238752,0.1031850037,1.172791674,0.06632100735,0.04016766684,0.005488766072,0.005488766072,0.005488766072,0.02753692234,0.1896359396,0.1486836947,0.1938351091,0.1582431169,0.1998176742,0.1998176742,0.05653998822,1.170436632,0.9292090106,4.077370176,0.0,8.55,-0.002867803058,0.4035738048,0.3135778942,0.0781116491,4.004562304,0.3458731643,0.8127172241,0.4036617097,0.0,0.5780848023,1.513924532,0.1993238752,-0.1020676302,6.466210436,0.2235894481,0.1542776153,0.0006171081363,0.3025088789,0.1993238752,1.815019326,0.9395902811,0.997528752,0.1289518656,0.2490980727,0.0004937990238,0.03195290435,1.116251686,1.549869134,12.20725198,4.948216341,5.36,6.232711415,8.256305502,Bankrupt
Gallantt Ispat Ltd,2016,1.86,1.02,0.04822680197,0.17,0.1944427493,0.3639944497,136.28,,1.022649979,0.8747435527,6.2,0.05725143542,0.1944427493,0.1672057118,1.369988405,,0.05725143542,0.009377351966,0.009377351966,0.009377351966,0.04822680197,,0.110027951,0.1850653974,0.1316177179,0.2468420089,0.2468420089,0.089135697,1.362807917,0.9224806202,4.306935872,0.0,11.55,-0.001831107281,0.462711166,0.4818495659,0.1243990709,3.051174289,0.3759208008,0.8374524521,0.519659893,0.4426040379,1.023956481,1.465100948,0.1944427493,0.005052399338,5.659414916,0.367933396,0.1607391191,0.06957273267,0.3616484612,0.1944427493,0.9721411192,0.8359661052,0.7877214668,0.2220061578,0.2581699346,0.05239925958,0.06398488121,1.280852708,1.764075783,8.83540146,4.906973441,5.42,7.556488414,7.996253786,Bankrupt
Shamken Cotsyn Limited,2006,1.12,0.83,0.005649717514,-4.52,0.03420950908,0.1577341605,5.98,24.80581395,1.439534884,1.313953488,-112.96,-1.625581395,0.03420950908,0.004155392346,0.06001159644,-0.06155778894,-1.625581395,0.0001932740626,0.0001932740626,0.0001932740626,0.005649717514,-2.421568627,0.2372093023,0.03401623502,0.823255814,1.224971009,1.224971009,-0.06745264785,0.05981832238,1.439534884,28.94350282,0.0,-6.98,-0.001615508885,0.00165667403,-1.968926554,0.2993986254,-0.1836541496,1.806976744,0.9901430228,0.02396598376,0.002130009467,0.8333333333,0.03131902808,0.03420950908,0.1700288184,0.04662354055,0.004373029594,29.4744186,-5.292955326,0.03836490143,0.03420950908,2.372093023,0.2881355932,0.02792679079,-0.01847079038,-0.1520618557,1.1907615,-0.5307050796,0.1274642443,0.04196759711,10.0,4.24634362,,4.855145172,7.923430621,Bankrupt
Shamken Cotsyn Limited,2004,1.87,0.58,0.007407407407,-6.09,0.02457897132,0.1496959753,14.46,30.97116375,1.636457261,1.593202884,-160.36,-2.624098867,0.02457897132,0.02139280838,0.1447428311,-3.475284479,-2.624098867,0.0001820664543,0.0001820664543,0.0001820664543,0.007407407407,-21.89684814,0.359423275,0.02439690487,0.2780638517,1.148293127,1.148293127,-0.3553937187,0.1446517979,1.636457261,39.39259259,0.0,-36.43,0.001258653241,0.003488187728,-19.48148148,3.228974831,-0.1291422229,1.06900103,0.9682294037,0.04560764679,0.00166481687,0.5777777778,0.04003488188,0.02457897132,1.701492537,0.2318059299,0.02268120838,12.98867147,-7.577655003,0.0459717797,0.02457897132,1.485106383,1.292592593,0.02140478833,-0.1442602824,-0.1657458564,1.123714156,-0.7107753913,0.5001365498,0.09129371944,4.131914894,3.805858995,,7.30788116,7.860381476,Bankrupt
Shree Coke Manufacturing Company Private Limited,2023,0.02,0.02,0.005464480874,-0.78,61.0,0.0,0,-3.333333333,0.0,0.0,0.0,9.0,61.0,-60.0,0.0,-4.666666667,9.0,0.3333333333,0.3333333333,0.3333333333,0.005464480874,0,0.0,60.66666667,-61.0,74.0,74.0,-9.0,0.0,0.0,0.01639344262,0.0,4.73,0.0,0.009009009009,-0.1475409836,0.1232876712,-0.9864864865,0.0,1.0,0.0,0.0,0.01639344262,0.01351351351,61.0,60.0,0.0,0.0,-73.66666667,-0.1780821918,1.0,61.0,0.0,0.0,0.8243243243,0.8219178082,-0.8356164384,13.0,-1.0,9.0,-1.0,0.01666666667,6.699034141,10.05,0.2298150623,7.002951544,Financial Distress
Shree Coke Manufacturing Company Private Limited,2022,0.1,0.1,0.01169590643,-0.81,10.05882353,0.0,0,-6,0.0,0.0,0.0,5.0,10.05882353,-9.058823529,0.5882352941,-0.1176470588,5.0,0.1176470588,0.1176470588,0.1176470588,0.01169590643,0,0.0,9.941176471,-57.0,12.35294118,12.35294118,-0.8823529412,0.0,0.0,0.09941520468,0.0,-0.99,0.0,-0.01904761905,-0.08771929825,0.07772020725,-0.919047619,0.0,1.0,0.0,0.0,0.09941520468,0.08095238095,10.05882353,51.33333333,0.0,0.0,-69.33333333,-0.2020725389,1.0,10.05882353,0.0,0.0,0.8142857143,0.7979274611,-0.8860103627,2.294117647,-1.0,1.470588235,-0.1764705882,0.01948051948,5.131407472,7.33,0.1472360633,9.050277908,Financial Distress
Shree Coke Manufacturing Company Private Limited,2021,0.12,0.12,0.02547770701,-0.78,8.263157895,0.0,74.79,0.9166666667,1.166666667,1.166666667,-74.33,-0.8333333333,8.263157895,-7.263157895,0.7368421053,0.8421052632,-0.8333333333,0.2105263158,0.2105263158,0.2105263158,0.02547770701,0,0.0,8.052631579,13.08333333,10.31578947,10.31578947,-0.5263157895,0.7368421053,1.166666667,0.1210191083,0.0,-3.14,0.2142857143,-0.005102040816,-0.06369426752,0.05649717514,-0.9030612245,1.166666667,1.0,0.7368421053,0.0,0.1210191083,0.09693877551,8.263157895,69.0,0.07142857143,0.0,16.0,-0.2203389831,1.0,8.263157895,0.0,0.0,0.8010204082,0.7796610169,-0.8870056497,2.052631579,-0.4166666667,1.263157895,0.6315789474,-0.08695652174,6.623436776,5.98,4.203910403,-5.83105322,Financial Distress
Shree Coke Manufacturing Company Private Limited,2020,0.02,0.02,0.007633587786,-0.71,43.66666667,0.0,0,-5.5,0.0,0.0,0.0,25.0,43.66666667,-42.66666667,0.0,-1.666666667,25.0,0.3333333333,0.3333333333,0.3333333333,0.007633587786,0,0.0,43.33333333,-131.0,56.66666667,56.66666667,-8.333333333,0.0,0.0,0.02290076336,0.0,9.88,0.0,-0.02941176471,-0.1908396947,0.1497005988,-0.9823529412,0.0,1.0,0.0,0.0,0.02290076336,0.01764705882,43.66666667,128.0,0.0,0.0,-169.0,-0.2335329341,1.0,43.66666667,0.0,0.0,0.7705882353,0.7664670659,-0.7844311377,13.0,-1.0,8.333333333,-0.3333333333,0.0078125,3.729505735,8.0,6.894875427,3.871436941,Financial Distress
Shree Coke Manufacturing Company Private Limited,2019,0.08,0.08,0.01801801802,-0.24,13.875,0.0,64.42,1.833333333,1.666666667,1.666666667,-411.32,-7.333333333,13.875,-12.875,0.625,0.625,-7.333333333,0.25,0.25,0.25,0.01801801802,0,0.0,13.625,37.0,18.75,18.75,-2.875,0.625,1.666666667,0.07207207207,0.0,11.87,0.0,-0.08,-0.2072072072,0.161971831,-0.9466666667,1.666666667,1.0,0.625,0.0,0.07207207207,0.05333333333,13.875,51.5,0.03333333333,0.0,49.33333333,-0.2746478873,1.0,13.875,0.0,0.0,0.74,0.7253521127,-0.7816901408,4.875,-0.8214285714,3.5,0.375,-0.02912621359,3.938826467,5.27,5.36166639,6.453851345,Financial Distress
Shree Coke Manufacturing Company Private Limited,2018,0.04,0.04,0.03571428571,-0.2,28.0,0.0,0,-2.5,0.0,0.0,0.0,14.0,28.0,-27.0,0.0,0.3333333333,14.0,1.0,1.0,1.0,0.03571428571,0,0.0,27.0,-84.0,41.0,41.0,-4.666666667,0.0,0.0,0.03571428571,0.0,7.81,0.0,-0.0487804878,-0.1666666667,0.1166666667,-0.9756097561,0.0,1.0,0.0,0.0,0.03571428571,0.0243902439,28.0,81.0,0.0,0.0,-120.0,-0.325,1.0,28.0,0.0,0.0,0.6829268293,0.675,-0.7,13.0,-1.0,4.666666667,-0.3333333333,0.01234567901,3.328173375,5.33,5.327608862,6.795383419,Financial Distress
Shree Coke Manufacturing Company Private Limited,2017,0.03,0.03,0.02898550725,-0.17,34.5,0.0,0,-1.5,0.0,0.0,0.0,13.0,34.5,-33.5,0.0,0.5,13.0,1.0,1.0,1.0,0.02898550725,0,0.0,33.5,-69.0,54.0,54.0,-6.5,0.0,0.0,0.02898550725,0.0,9.1,0.0,-0.03703703704,-0.1884057971,0.1226415094,-0.9814814815,0.0,1.0,0.0,0.0,0.02898550725,0.01851851852,34.5,67.0,0.0,0.0,-106.0,-0.3679245283,1.0,34.5,0.0,0.0,0.6388888889,0.6320754717,-0.6509433962,19.5,-1.0,6.5,-0.5,0.01492537313,4.948216341,5.36,6.232711415,8.256305502,Bankrupt
Shree Coke Manufacturing Company Private Limited,2016,0.01,0.01,0.0,-0.14,54.0,0.0,0,-1,0.0,0.0,0.0,13.0,54.0,-53.0,0.0,0,13.0,0.0,0.0,0.0,0.0,0,0.0,54.0,-54.0,93.0,93.0,-13.0,0.0,0.0,0.01851851852,0.0,14.65,0.0,-0.09677419355,-0.2407407407,0.1413043478,-0.9892473118,0.0,1.0,0.0,0.0,0.01851851852,0.01075268817,54.0,53.0,0.0,0.0,-93.0,-0.4239130435,1.0,54.0,0.0,0.0,0.5806451613,0.5760869565,-0.5869565217,39.0,-1.0,13.0,-1.0,0.01886792453,4.906973441,5.42,7.556488414,7.996253786,Bankrupt
Shree Coke Manufacturing Company Private Limited,2015,0.01,0.01,0.0,-0.11,67.0,0.0,0,,0.0,0.0,0.0,14.0,67.0,-66.0,0.0,,14.0,0.0,0.0,0.0,0.0,0,0.0,67.0,-67.0,80.0,80.0,-9.0,0.0,0.0,0.01492537313,0.0,8.23,0.0,-0.1125,-0.1343283582,0.11392405059999999,-0.9875,0.0,1.0,0.0,0.0,0.01492537313,0.0125,67.0,66.0,0.0,0.0,-80.0,-0.164556962,1.0,67.0,0.0,0.0,0.8375,0.835443038,-0.8481012658,13.0,-1.0,9.0,-1.0,0.01515151515,6.665656719,5.44,6.69517609,7.410227605,Bankrupt
Amrit Feeds Limited,2023,5.09,4.33,0.4554517134,0.01,0.07222572226,0.08920187793,0.46,2.459261214,1.134670185,1.134670185,0.17,0.001899736148,0.07222572226,0.2953829538,0.5197551976,-0.09715597156,0.001899736148,0.2694626946,0.2694626946,0.03289532895,0.4554517134,0.2775510204,0.1292875989,0.0393303933,0.1693931398,0.09238592386,0.09238592386,-0.0031500315,0.4844298443,1.136147757,13.08224299,1244.51,0.44,0.003069481909,0.07842182172,-0.0984423676,-0.007833804353,9.824159766,0.4202638522,0.9448744487,0.1668166682,0.0,4.326479751,3.979055041,0.07222572226,0.9719643182,5.279590843,1.926056338,0.139525066,0.02221230601,0.3676086761,0.07222572226,0.1866240098,0.7632398754,0.7817827569,0.3254499479,0.07957756954,0.0201602016,-0.0747848537,0.5229052291,0.4512549412,1.443479586,6.699034141,10.05,0.2298150623,7.002951544,Financial Distress
Amrit Feeds Limited,2022,12.6,11.41,1.040268456,0.14,0.03055658094,0.1450381679,0.26,4.605311731,1.20488105,1.20488105,22.33,0.2692780968,0.03055658094,0.3544153234,0.3431770641,0.1579508634,0.2692780968,0.3172142242,0.3172142242,0.03178704729,1.040268456,0.3548022599,0.1815012305,-0.001230466347,0.1527891715,0.1590172675,0.1590172675,0.06004675772,0.2411303884,1.205701395,31.53825503,17.35,6.49,-0.0170212766,-0.1552746969,2.167785235,0.078765119,5.288625226,0.5477850697,0.9637012428,0.09909355646,0.0,11.41073826,2.420944029,0.03055658094,3.517460317,1.476399278,4.122614504,0.6361771944,0.1527506828,0.3849719044,0.03055658094,0.1024187015,1.187919463,0.1921588857,0.4214299649,0.03633437378,0.1284606866,-0.1489207591,0.2831303064,0.2075246851,0.5642865409,5.131407472,7.33,0.1472360633,9.050277908,Financial Distress
Amrit Feeds Limited,2021,13.63,12.51,1.665362035,0.01,0.02489040429,0.1433286186,17.81,7.738247461,1.374576909,1.374576909,44.82,0.616773223,0.02489040429,0.3145640526,0.3430102289,-0.004481246956,0.616773223,0.2670725767,0.2670725767,0.04145153434,1.665362035,-0.3747810858,0.2147423844,-0.01656113005,0.1921775103,0.05470043838,0.05470043838,0.1086702387,0.1781782757,1.375705152,39.05870841,0.0,11.23,0.04541723666,-1.071237756,5.522504892,0.1454114495,17.28138914,0.6724332456,0.9721870434,0.07506088651,0.0,12.52054795,6.20569902,0.02489040429,6.758897819,2.728406055,3.044790193,0.1022940955,0.03153501314,0.3394544569,0.02489040429,0.08841746671,1.11741683,0.4550311665,0.3327665275,0.02633070542,0.0298100341,-0.2402826855,0.2343399903,0.1332231074,0.41173738,6.623436776,5.98,4.203910403,-5.83105322,Financial Distress
Amrit Feeds Limited,2020,8.67,7.25,0.7106690778,0.01,0.02681602172,0.1202247191,36,3.25898553,1.155282402,1.155282402,-3.49,-0.04029873969,0.02681602172,0.205557172,0.3472990011,-0.0313742605,-0.04029873969,0.1595383571,0.1595383571,0.01905731743,0.7106690778,0.3503184713,0.1221409678,0.007758704296,0.08604325502,0.03796915915,0.03796915915,-0.0339928232,0.3600523713,1.155282402,35.8716094,-148.7,-3.34,-0.01872053872,-0.5670498084,-2.065099458,-0.05756338525,25.33716475,0.4803174109,0.961933857,0.138832315,0.0,7.245931284,6.120051086,0.02681602172,1.034131737,10.04597701,1.587640449,0.06068149992,0.01159332628,0.2323731937,0.02681602172,0.1851851852,1.419529837,0.7062579821,0.2136700439,0.02787438883,0.01115313743,-0.0557039298,0.3812918243,0.3239905228,1.516159472,3.729505735,8.0,6.894875427,3.871436941,Financial Distress
Amrit Feeds Limited,2019,9.09,8.05,0.7959183673,0.0,0.02303822465,0.1830102623,32.02,3.62629642,1.139344262,1.139344262,16.71,0.1905319505,0.02303822465,0.1862334854,0.3697399972,-0.03845973012,0.1905319505,0.1445766139,0.1445766139,0.01833654615,0.7959183673,0.06078431373,0.08531281365,0.004701678499,0.08196721311,0.03140721237,0.03140721237,0.04903850675,0.3202313226,1.139344262,42.36530612,22.57,5.39,-0.02393187491,-1.468562874,1.932653061,0.0459686423,30.83982036,0.5486784878,0.9760214397,0.1462692181,0.0,8.042857143,6.663173653,0.02303822465,1.279095626,10.33982036,2.258266819,0.04650384744,0.008640357264,0.20927171,0.02303822465,0.1287553648,1.040816327,0.7335329341,0.1922722198,0.02378525314,0.008368987729,-0.001466060695,0.3207014904,0.2879714822,1.509214845,3.938826467,5.27,5.36166639,6.453851345,Bankrupt
Amrit Feeds Limited,2018,1.84,1.59,0.3077725613,0.08,0.08679313623,0.2142857143,24.61,4.797831633,1.155612245,1.155612245,30.39,0.3514030612,0.08679313623,0.07330103681,0.3513831666,-0.04364558337,0.3514030612,0.09027934984,0.09027934984,0.02671254584,0.3077725613,-0.1524008351,0.1018282313,0.06008059039,0.4075255102,0.1003757867,0.1003757867,0.07864354598,0.2461176258,1.155612245,11.27177882,14.58,9.37,0.05941869021,-0.8687415426,0.9499217527,0.09164569703,8.962562021,0.5318877551,0.9783130348,0.1062616018,0.0,1.594679186,1.594948128,0.08679313623,0.5177111717,2.414073072,1.080774366,0.3458758503,0.0150981379,0.160094173,0.08679313623,0.295861643,0.2498695879,0.8646820027,0.08147961751,0.09647710116,0.01358265043,-0.09760956175,0.2727396206,0.2176971492,2.905497221,3.328173375,5.33,5.327608862,6.795383419,Bankrupt
Amrit Feeds Limited,2017,1.11,0.97,0.08038252778,0.16,0.1678452128,0.2160161507,20.54,5.361296709,1.170749814,1.170749814,25.48,0.2986884435,0.1678452128,0.01921825517,0.2985119951,0.1202550865,0.2986884435,0.1045941608,0.1045941608,0.01349182248,0.08038252778,0.08695652174,0.1365998515,0.1543533903,0.9574362781,0.1894060995,0.1894060995,0.05474816711,0.2054140818,1.171739668,5.815197726,19.97,7.67,-0.08328049038,-0.2661475034,0.3403980357,0.07048434573,4.279661017,0.4573125464,0.9760530996,0.07366274782,0.0,0.9718273456,0.9876316995,0.1678452128,-0.04970360237,1.071003207,0.298115747,1.003464489,0.0265988761,0.187063468,0.1678452128,1.246049661,0.1426725252,0.8861658268,0.02370885737,0.2070644902,0.02156088673,-0.1580352376,0.243763828,0.1796079826,9.121896163,4.948216341,5.36,6.232711415,8.256305502,Bankrupt
Amrit Feeds Limited,2016,1.18,1.04,0.1744186047,0.2,0.1781152917,0.2433661865,20.74,5.483706432,1.173420232,1.173420232,25.43,0.3032020402,0.1781152917,0.03269391982,0.2855663494,0.09142462646,0.3032020402,0.1480842251,0.1480842251,0.03106662064,0.1744186047,0.126984127,0.1428166619,0.147048671,1.023519411,0.1873366537,0.1873366537,0.05251738251,0.207455989,1.192122414,5.474806202,18.01,6.41,-0.04370924897,0.3137667807,0.2934662237,0.06432038835,4.33798368,0.5321620856,0.9751467035,0.08540855072,0.0,1.044019934,1.125296131,0.1781152917,0.09630526953,1.091339826,0.5026535254,0.8979880986,0.01134708738,0.2108092115,0.1781152917,0.7601809955,0.1395348837,0.9507765201,0.04023058252,0.2191747573,0.009221362,-0.1237833263,0.2330489669,0.1784576485,5.322775264,4.906973441,5.42,7.556488414,7.996253786,Probable Bankrupt
Amrit Feeds Limited,2015,1.66,1.47,0.3474721508,0.12,0.1266757123,0.2395522388,26.89,,1.137931034,1.137931034,22.01,0.2508045977,0.1266757123,0.0830936228,0.3499050204,,0.2508045977,0.1469742198,0.1469742198,0.04401628223,0.3474721508,,0.1011494253,0.08265943012,0.5365517241,0.150990502,0.150990502,0.06979647218,0.2689823609,1.139310345,7.705655527,14.72,6.78,-0.006464646465,-0.008626887132,0.6349614396,0.09473886083,5.622933142,0.5763218391,0.976119403,0.1252645862,0.0,1.467437875,1.389288282,0.1266757123,0.5919696148,1.708842559,1.142537313,0.4531034483,0.02863900786,0.2097693351,0.1266757123,0.2873938602,0.1885175664,0.8389647735,0.09787125232,0.1492041169,0.02431478969,-0.0408835497,0.2801085482,0.2418682235,2.841280209,6.665656719,5.44,6.69517609,7.410227605,Probable Bankrupt
ESS DEE Aluminium Limited,2019,0.02,0.02,0.0006881332606,-0.98,9.220990446,0.5771654961,0,-204.022,0.0,0.0,0.0,318.148,9.220990446,-8.998395449,0.001166946248,-5.440084604,318.148,0.006345270221,0.006345270221,0.006345270221,0.0006881332606,0,-2.296,9.214645175,-505.716,9.632776603,9.632776603,-1.503756108,0.0,0.0,0.1039081223,0.0,3.91,0.0,0.0005224304373,-0.1630796732,0.1741914771,-0.8961877721,-15.596,0.9581358034,0.0,0.0,0.01959993356,0.02310808253,9.220990446,29.87490962,0.0,-22.21808032,-527.952,-0.04770031428,0.2225949967,9.220990446,-0.004652406851,0.004540097604,0.9572515616,1.042352404,-1.068137271,0.4117861571,-1.0,1.504923054,-0.01903021999,0.002026309604,3.938826467,5.27,5.36166639,6.453851345,Bankrupt
ESS DEE Aluminium Limited,2018,0.04,0.04,0.0007405700744,-2.52,1.376308041,0.04319756315,0.05,-198.6357013,-0.09107468124,-0.08014571949,-112913.12,103.6174863,1.376308041,-1.321415629,0.0007814269536,-0.470011325,103.6174863,0.001166477916,0.001166477916,0.001019252548,0.0007405700744,-1,-1.045537341,1.375288788,-221.3624772,1.440373726,1.440373726,-0.6442242356,0.0005662514156,-0.09107468124,0.7218583372,0.0,127.71,0.0,0.00198922829,-0.4680814298,1.462903433,-0.3057357393,-6.825136612,0.9934994337,-0.006228765572,2.36e-05,0.03516062142,0.03810984,1.376308041,27.29399441,0.0003695404332,-1.572647384,-231.5027322,-0.1454802623,0.05489241223,1.376308041,-0.004919395617,0.004723191363,0.9555214845,3.000668638,-3.125318246,0.06406568516,-0.9991220985,0.6450056625,-0.006258121879,0.004705136226,3.328173375,5.33,5.327608862,6.795383419,Bankrupt
ESS DEE Aluminium Limited,2017,0.03,0.02,0.0008386573943,5.03,0.8175682963,0.03679340589,0.06,-84.62374582,-0.04570791527,0.09587513935,-68738.7,31.62597547,0.8175682963,-0.7928075068,0.006340426188,-0.3391781328,31.62597547,0.0007858122371,0.0007858122371,0.0006856596971,0.0008386573943,-6.569686411,-0.6399108138,0.8168826366,-59.15384615,0.8612656199,0.8612656199,-0.4293231229,0.0006394354478,-0.04626532887,1.212321668,0.0,-187.76,-7.756097561,-0.1463942609,-0.5156046814,-3.038482896,0.1610819901,1.821627648,0.9911557603,-0.06140891512,0.001136018033,0.01946815929,0.02874930676,0.8175682963,-70.59430122,-0.009437000197,-1.181384029,-62.26588629,0.3149711239,0.02476078951,0.8175682963,-0.01115559529,0.01081773808,0.9492638245,-5.714571302,5.893047534,0.04369732362,-0.9987267905,0.4356635491,-0.01394437794,0.01743304699,4.948216341,5.36,6.232711415,8.256305502,Bankrupt
ESS DEE Aluminium Limited,2016,0.85,0.73,0.009823554882,0.77,0.4251559012,0.03217645346,26.27,4.19491784,1.093615023,0.9981220657,-33.78,-0.3622769953,0.4251559012,-0.0643854845,0.2886301401,-0.05609568079,-0.3622769953,0.004176542329,0.004176542329,0.004176542329,0.009823554882,-0.10287687,0.2039906103,0.4209793589,1.734835681,0.5695975332,0.5695975332,-0.1186920404,0.2627885036,1.072300469,2.234493397,0.0,-15.44,-8.59e-05,-0.03585423989,-0.3495210002,-0.3452603721,0.7556255807,0.5157746479,0.9500080539,0.09707872149,0.02054296449,0.7309753193,0.6333777724,0.4251559012,-0.9638355633,0.5024946471,-0.112361581,2.307183099,0.3355966638,0.3607704167,0.4251559012,-0.7764474625,0.1175849751,0.746414576,-0.1495936698,0.9878100941,0.144441632,-0.3548387097,0.4073221805,0.2579660647,-3.806290207,4.906973441,5.42,7.556488414,7.996253786,Bankrupt
ESS DEE Aluminium Limited,2015,1.13,0.98,0.01115031542,0.51,0.3566257578,0.0309802519,46.62,2.062239291,1.050977843,0.940915805,4.37,0.04420679468,0.3566257578,0.04635061745,0.4707237756,0.09872588913,0.04420679468,0.003976489686,0.003976489686,0.003976489686,0.01115031542,-0.2416527546,0.1132525849,0.3526492682,0.7736366322,0.5035597754,0.5035597754,0.03072246826,0.466240692,1.011426883,2.657670042,0.0,3.16,0.002394899875,0.2531397726,0.1151690113,0.08273349719,0.9858615579,0.4647090103,0.9477935929,0.1883930079,0.05037698906,0.983580015,0.8002552925,0.3566257578,-0.02373120819,0.8911653668,0.08224991059,1.083757755,0.2959752458,0.4029763753,0.3566257578,1.12633682,0.1463898945,0.7082093831,0.09336595857,0.7183659586,0.1469340175,0.05370473538,0.4400013073,0.4863645507,9.94535198,6.665656719,5.44,6.69517609,7.410227605,Probable Bankrupt
ESS DEE Aluminium Limited,2014,1.58,1.33,0.03049352199,0.49,0.28362999,0.03573778169,43.47,2.135453094,1.062160971,0.9288625162,7.07,0.07003607126,0.28362999,0.1651869088,0.4368015472,0.1250914146,0.07003607126,0.008648877338,0.008648877338,0.008648877338,0.03049352199,-0.02176470588,0.1638351185,0.2749811127,0.6460886086,0.4701761808,0.4701761808,0.03885044272,0.4347768275,0.9903901754,3.2721403,0.0,4.29,0.0002592386162,0.2869024205,0.1655727924,0.08863589697,1.126862314,0.5438086846,0.9280771207,0.2125169986,0.06222924942,1.328822878,0.9545717481,0.28362999,0.4657009205,0.9122414613,0.3047579755,1.051325825,0.3520909858,0.4488168989,0.28362999,0.4354030222,0.2535799523,0.6032419369,0.3117770528,0.5353288768,0.1865461908,0.0773506675,0.3979511045,0.4730161831,2.657568329,10.01787847,5.44,3.865992884,6.386106401,Probable Bankrupt
ESS DEE Aluminium Limited,2013,1.99,1.67,0.03793316665,0.41,0.2569598917,0.04664464205,49.66,1.938682148,1.064798479,0.9457322994,10.21,0.100425334,0.2569598917,0.2556128159,0.5246756656,0.04149684301,0.100425334,0.009747302394,0.009747302394,0.009747302394,0.03793316665,0.3263426269,0.1662905674,0.2472125893,0.5087186641,0.4300487711,0.4300487711,0.07200292903,0.4966357645,0.9832191359,3.564776729,8.72,6.82,-0.02024223898,0.1619520344,0.3629862623,0.1636506878,1.325317655,0.5232292564,0.9160046422,0.2393304688,0.069924341,1.667876442,1.191894367,0.2569598917,0.7126301598,1.131270782,0.5385163948,0.8320956249,0.3036906854,0.5125727076,0.2569598917,0.3286038593,0.3268812001,0.5975133728,0.4484819102,0.4508454033,0.1730888794,0.09711878891,0.4526727366,0.551429498,1.976082374,9.478996914,5.42,2.473521635,5.456388753,Probable Bankrupt
ESS DEE Aluminium Limited,2012,1.83,1.62,0.07668018689,0.47,0.2807475261,0.05321975358,47.5,1.928872757,1.047686483,0.9427434262,10.32,0.101425079,0.2807475261,0.233252373,0.4923135689,0.1348386678,0.101425079,0.07506972923,0.07506972923,0.02152777277,0.07668018689,0.2848248077,0.1221006499,0.2592197534,0.5806749747,0.4532724088,0.4532724088,0.0718193022,0.4750452249,0.9825442729,3.351645531,9.42,6.81,0.015508729,0.06864148063,0.3369615444,0.1730315454,1.206178846,0.4947230338,0.9409661912,0.2135191818,0.05596896267,1.620552446,1.133975704,0.2807475261,0.7131519943,1.011289194,0.5374115772,0.8929849144,0.3155591294,0.5139998991,0.2807475261,0.2530898529,0.2102736561,0.6193792533,0.4266336229,0.5135053191,0.1725248827,0.1297305636,0.4204942667,0.513817402,2.072796935,8.911793365,5.41,1.317979708,5.241315001,Probable Bankrupt
ESS DEE Aluminium Limited,2011,1.95,1.76,0.06261139349,0.31,0.2523949951,0.0609049275,56.7,,1.038922285,0.9572143176,17.33,0.1701192175,0.2523949951,0.2399493511,0.5800803052,,0.1701192175,0.06462738042,0.06462738042,0.01580280235,0.06261139349,,0.08444694316,0.2365921927,0.4367657023,0.4184618717,0.4184618717,0.1198497193,0.5670348711,0.9812452248,3.768697604,5.43,13.14,0.004343060123,0.2645870245,0.5942636478,0.2579180335,1.389703979,0.4500136949,0.9512004132,0.2431565619,0.05641709633,1.757343719,1.176557243,0.2523949951,0.6014363598,1.306252862,0.5473652205,0.6967953985,0.2855648985,0.4923443461,0.2523949951,0.2033745313,0.1933460955,0.6031493241,0.4126115544,0.4340128064,0.1660668766,0.2320668996,0.460230586,0.6075194423,2.408311346,11.98938992,5.43,-1.983859222,8.497584702,Probable Bankrupt
VISA Power Limited,2023,0.03,0.03,0.01163919067,-1.75,1.6795429,0.1159929877,0.46,2.351579349,1.059706692,1.059706692,252.51,2.754371412,1.6795429,-1.625271637,0.6174597227,-0.6554608468,2.754371412,0.01954852004,0.01954852004,0.01954852004,0.01163919067,-2.928020566,0.01290686486,1.65999438,2.974683964,1.72321094,1.72321094,-0.08202510303,0.6158486324,1.090746209,0.5910611908,0.0,8.57,-1.57e-05,0.01435560146,-0.04883775403,0.113417951,-0.4196879926,0.6297985998,0.9927126265,0.2875889846,0.0,0.02797421197,0.03149426537,1.6795429,-7.810531033,0.3472142197,-1.738181818,3.017402701,-0.06038077969,0.05427126265,1.6795429,-0.004483788052,0.004338902893,0.9746589118,2.247299573,-2.322341666,0.04366804046,-0.1446228424,0.6994848258,0.5687569587,-0.3473955992,6.699034141,10.05,0.2298150623,7.002951544,Financial Distress
VISA Power Limited,2022,0.02,0.02,0.003256480085,-1.42,2.366471084,0.06958073685,0.47,1.71461795,1.039455486,1.039455486,-7.79,-0.08263390235,2.366471084,-2.311270419,0.6335402321,-0.04822419754,-0.08263390235,0.007706365956,0.007706365956,0.007706365956,0.003256480085,-0.1393979058,0.02894981149,2.358764718,3.962060211,2.376717948,2.376717948,-0.04935582249,0.6328386246,1.059528997,0.4152633756,0.0,2.74,0.002214587112,0.004716060316,-0.02085629646,0.0358503516,-0.5792517153,0.4180386882,0.9827087707,0.2013217379,0.0,0.01601939542,0.02322558528,2.366471084,-6.699054254,0.2612211763,-2.454687491,3.966313636,-0.00744296535,0.0552006654,2.366471084,-0.007481266234,0.007306757077,0.9956886496,1.678826387,-1.718922229,0.01024686398,-0.09085862478,0.6828960546,0.6077924471,-0.2584219326,5.131407472,7.33,0.1472360633,9.050277908,Financial Distress
VISA Power Limited,2021,0.02,0.02,0.002441809524,-0.32,2.254793264,0.06644897678,52.7,2.669011104,1.044164414,1.044164414,-122.62,-1.299512661,2.254793264,-2.198526395,0.5332019864,-0.654690705,-1.299512661,0.005505775667,0.005505775667,0.005505775667,0.002441809524,0.05801263642,0.03779319028,2.249287488,4.53391293,2.266506531,2.266506531,-0.07608766059,0.5270214833,1.05972887,0.4351639723,0.0,5.33,0.0008107939544,0.0007716251521,-0.03374485006,0.06007680079,-0.558792359,0.4828671594,0.9812047933,0.1707977977,0.0,0.01661866835,0.02482537218,2.254793264,-8.621702172,0.2291107496,-2.337386803,4.546394886,-0.009248485933,0.05626686819,2.254793264,-0.008549002084,0.008335667416,0.9948320167,1.73589819,-1.780325018,0.01171326784,-0.1477271721,0.609289647,0.5068435124,-0.2262048274,6.623436776,5.98,4.203910403,-5.83105322,Financial Distress
VISA Power Limited,2020,0.02,0.01,0.002623940037,-1.19,1.169868993,0.03899270255,22.29,5.082514892,1.080662419,1.080662419,-28.08,-0.3064724764,1.169868993,-1.142013649,0.2267051163,-0.07642522541,-0.3064724764,0.003069666088,0.003069666088,0.003069666088,0.002623940037,-2.112195122,0.05238026797,1.166799327,5.727031732,1.374427496,1.374427496,-0.06260357269,0.2229145191,1.091266229,0.845650422,0.0,33.1,0.009561105364,0.01392027114,-0.05351331908,0.1671981181,-0.2724243345,0.5110270046,0.9893002075,0.06065607996,0.0,0.01466450654,0.02026687047,1.169868993,-11.54061204,0.1606112103,-1.178913835,6.713409668,-0.5463234013,0.02785534402,1.169868993,-0.009369233494,0.009146145931,0.851168211,3.050026137,-3.124420631,0.2045585031,-0.2369794897,0.289308689,0.2064807365,-0.178869522,3.729505735,8.0,6.894875427,3.871436941,Financial Distress
VISA Power Limited,2019,0.06,0.03,0.001409631447,-1.9,0.9760406817,0.0373358355,42.93,2.563446878,1.050462731,1.050462731,-11.4,-0.1209160351,0.9760406817,-0.9196577933,0.4341952142,-0.07674497539,-0.1209160351,0.001375857638,0.001375857638,0.001375857638,0.001409631447,-0.1902429467,0.07637117228,0.9746648241,2.409567345,1.289493781,1.289493781,-0.04897931971,0.4293524378,1.059949275,0.9928524855,0.0,-180.8,-0.01125292006,0.01916089701,-0.05018163753,0.16918954,-0.2245018825,0.3776737018,0.9690644168,0.1125566708,0.0,0.02607197193,0.04372482386,0.9760406817,-3.770923998,0.3299819977,-0.9785058572,3.179997456,-1.082762808,0.05638288845,0.9760406817,-0.03363814608,0.03169497314,0.7569177113,3.176779097,-3.371542826,0.3134530996,-0.1193456936,0.4831745339,0.4179999249,-0.4404560658,3.938826467,5.27,5.36166639,6.453851345,Financial Distress
VISA Power Limited,2018,0.1,0.06,0.006859854499,-2.9,0.8066282015,0.03581702662,58.17,1.944837208,1.042281767,1.042281767,-4.34,-0.04543175614,0.8066282015,-0.7222516184,0.5972699127,-0.1617196735,-0.04543175614,0.005533352097,0.005533352097,0.005533352097,0.006859854499,-1.548641975,0.06153113779,0.8010948494,1.45140053,1.223262032,1.223262032,-0.02524627076,0.5817112299,1.046697829,1.197334217,0.0,-8.12,0.0005830620475,0.0347840092,-0.0312985223,0.1130791049,-0.1825136612,0.389975742,0.9658035463,0.1743512525,0.0,0.06220973848,0.06897670406,0.8066282015,-2.231237962,0.4735346563,-0.7937837554,2.191111156,-1.866120391,0.08437658317,0.8066282015,-0.04734700876,0.04239431951,0.6594075352,3.234995273,-3.612921525,0.4166338306,-0.08438375983,0.6225161835,0.5754363981,-0.7694804689,3.328173375,5.33,5.327608862,6.795383419,Financial Distress
VISA Power Limited,2017,0.24,0.12,0.01552869577,-4.81,0.6560462643,0.03190208959,37.77,2.50358773,1.046314911,1.046314911,-8.55,-0.084348013,0.6560462643,-0.5018255205,0.3819807684,0.08114420279,-0.084348013,0.01018754285,0.01018754285,0.01018754285,0.01552869577,0.3866821675,0.1957667944,0.6458587214,1.711925805,1.134991605,1.134991605,-0.0323239469,0.3777070882,0.9856111469,1.409928025,0.0,-6.11,0.007172032096,0.002527333194,-0.04927083449,0.2394515336,-0.1189362147,0.4927044216,0.9249780138,0.1494189103,0.0,0.1207212996,0.1358783123,0.6560462643,-2.967224555,0.3532801967,-0.6007250475,2.935130043,-3.54796389,0.1542207438,0.6560462643,-0.1494981485,0.114354719,0.5780186049,3.717457241,-4.859904162,0.478945341,-0.09690774701,0.4143047153,0.4143030386,-0.7636542704,4.948216341,5.36,6.232711415,8.256305502,Bankrupt
VISA Power Limited,2016,0.22,0.13,0.01145278537,-3.83,0.5861427072,0.03390133479,34.36,2.945848156,1.050906078,1.050906078,-50.59,-0.5012162121,0.5861427072,-0.4583959543,0.3482700796,-0.04365273977,-0.5012162121,0.006712966625,0.006712966625,0.006712966625,0.01145278537,-0.4433445661,0.1443643771,0.5794297406,1.689805102,1.207706465,1.207706465,-0.1666139332,0.3436005337,0.9905743562,1.620636606,0.0,-9.37,0.002256732223,-0.07261561167,-0.2718979416,0.7672895298,-0.1719842285,0.4039268448,0.9499243275,0.1017175281,0.0,0.1325122355,0.1057763262,0.5861427072,-2.459237155,0.2958374996,-0.5358075144,3.462373438,-2.992510409,0.1277467529,0.5861427072,-0.1092410873,0.08543256082,0.4853354059,2.2069412,-2.821976236,0.6215637574,-0.3366380237,0.5148840128,0.3651554095,-0.756703901,4.906973441,5.42,7.556488414,7.996253786,Bankrupt
VISA Power Limited,2015,0.3,0.13,0.01233898737,-15.23,0.3961881856,0.03248872494,32.34,,1.036106484,1.036106484,-23.63,-0.233388858,0.3961881856,-0.2765485496,0.3272026315,,-0.233388858,0.00488856102,0.00488856102,0.00488856102,0.01233898737,,0.2113949041,0.3912996246,1.209358998,1.025647892,1.025647892,-0.0695615706,0.3234458923,0.9873141465,2.349253922,0.0,-1.92,-0.06352620689,-0.05331622222,-0.1717382987,2.652876281,-0.02500652751,0.356584305,0.9307466487,0.09743268439,0.0,0.1271776559,0.1166478641,0.3961881856,-1.640549902,0.329459522,-0.3233041624,3.115853847,-24.54235619,0.119639636,0.3961881856,-0.2504202295,0.1747991328,0.3862808948,10.78250591,-15.44720252,0.6294597066,-0.1976911517,0.3967642021,0.3519774165,-1.184608638,6.665656719,5.44,6.69517609,7.410227605,Bankrupt
Koyenco Autos Private Limited,2023,0.95,0.35,0.08361285305,-2.44,0.3581052851,0.09401469089,0.9,1.325132674,1.191487038,1.191487038,-35.23,-0.4198825045,0.3581052851,-0.01758234106,0.9575586658,-0.1125443911,-0.4198825045,0.02994220458,0.02994220458,0.02994220458,0.08361285305,0.1126930502,0.271506257,0.3281630806,0.4492563716,1.749791101,1.749791101,-0.2583733723,0.9497423578,1.191487038,2.188128919,0.0,1.71,-0.00784500614,0.04730637218,-0.570268825,0.2723642358,-0.4285032085,0.6151477429,0.7835805306,0.4234036627,0.0,0.346555831,0.19460777,0.3581052851,-0.7627965044,0.5118241059,-0.03549713563,2.157614274,-1.856098071,0.3405229441,0.3581052851,-12.30891089,0.6043459239,0.2046560215,0.0234496529,-0.4776067424,1.391685816,-0.2189182224,1.215932038,1.017262063,-45.33564356,6.699034141,10.05,0.2298150623,7.002951544,Financial Distress
Koyenco Autos Private Limited,2022,1.15,0.53,0.1211354694,-3.16,0.2783645496,0.08613472437,0.39,1.751831113,1.23016883,1.23016883,-59.19,-0.7281468284,0.2783645496,0.04046378444,0.6961460827,0.06141545009,-0.7281468284,0.03371982037,0.03371982037,0.03371982037,0.1211354694,-0.2192910887,0.3119538475,0.2446447292,0.5030966319,1.3761755,1.3761755,-0.2374000532,0.6806553068,1.23016883,2.972344013,0.0,-9.41,0.01535632184,-0.1425810119,-0.8339516582,0.6171124329,-0.2733484935,0.694267696,0.8273952026,0.3255410036,0.0,0.5252951096,0.2316770893,0.2783645496,-0.7811488299,0.4907788516,0.08326893354,2.42626057,-2.918347822,0.318828334,0.2783645496,4.265661253,0.6200674536,0.2022740193,-0.107566241,-0.7399858575,1.09781095,-0.2708926955,0.9335461359,0.6687280154,13.67401392,5.131407472,7.33,0.1472360633,9.050277908,Financial Distress
Koyenco Autos Private Limited,2021,0.5,0.18,0.03567742541,-17.45,0.7107228594,0.0927852931,0.48,2.245176314,1.258045313,1.258045313,-34.32,-0.4317680429,0.7107228594,-0.3588957055,0.6133468925,-0.1377534009,-0.4317680429,0.0253567618,0.0253567618,0.0253567618,0.03567742541,-0.3414869888,0.4709878489,0.6853660976,1.492873901,1.045278741,1.045278741,-0.1570418778,0.5989263804,1.258045313,1.091527491,0.0,-20.23,0.0085731782,0.04111642743,-0.2298508163,3.607879234,-0.04331738437,0.6987778828,0.7757735396,0.2764737263,0.0,0.1795364984,0.3365869219,0.7107228594,-4.06626366,0.5790271132,-0.7467221644,2.142346885,-7.388807069,0.3518271539,0.7107228594,-0.6247677443,0.3154907112,0.6799362041,7.926362297,-15.69661267,0.3345558816,-0.2225660557,0.7703887703,0.6136803198,-1.326505017,6.623436776,5.98,4.203910403,-5.83105322,Bankrupt
Koyenco Autos Private Limited,2020,0.61,0.19,0.02775348645,3.24,0.6367166322,0.0829200248,68.91,1.797269502,1.209235358,1.209235358,-10.53,-0.1274232529,0.6367166322,-0.2499010946,0.6960159421,-0.0485296057,-0.1274232529,0.01767110642,0.01767110642,0.01767110642,0.02775348645,-0.02965138835,0.4639018872,0.6190455258,1.117241734,0.8461031254,0.8461031254,-0.0712119214,0.6891438452,1.209235358,1.155336678,0.0,3.37,-0.0004890287464,0.1598780826,-0.1221981866,-0.5055698372,0.1818890274,0.6958913971,0.7356220786,0.3492021627,0.0,0.1922953008,0.4571730396,0.6367166322,-2.967365573,0.8222845664,-0.5286732796,1.453643235,1.360563648,0.3868155377,0.6367166322,-1.057930226,0.4152206931,0.7525284012,-1.623821765,4.137294106,0.2093864932,-0.1017742213,0.7672278635,0.7747191459,-2.280504251,3.729505735,8.0,6.894875427,3.871436941,Bankrupt
Koyenco Autos Private Limited,2019,0.75,0.33,0.02791012758,1.95,0.6188599617,0.08038237239,95.08,1.220060718,1.154050983,1.154050983,-0.08,-0.000915859636,0.6188599617,-0.1551167568,0.9590128425,-0.01053675988,-0.000915859636,0.01727246049,0.01727246049,0.01727246049,0.02791012758,0.1241791366,0.3150896355,0.6015875012,0.7510897034,0.7611760925,0.7611760925,0.02343520731,0.9508796937,1.154050983,1.196364457,342.2,25.42,0.009699606137,0.2000403899,0.07695607994,0.1994148625,0.3137564486,0.6232933634,0.7403820624,0.4667197697,0.0,0.3298408039,0.609245626,0.6188599617,-1.336184773,1.217444785,-0.3336740215,0.9028510371,0.5959040374,0.4637432049,0.6188599617,-1.673693694,0.4195099921,0.8130312655,-0.6495026331,2.591281451,0.1423161307,0.01635573347,0.9355776352,1.112870652,-5.311801802,3.938826467,5.27,5.36166639,6.453851345,Bankrupt
Koyenco Autos Private Limited,2018,0.83,0.42,0.01415438862,1.85,0.549071398,0.07963520401,79.38,1.448401671,1.158593391,1.158593391,-0.16,-0.001919193939,0.549071398,-0.0914911565,0.8250936899,-0.003802912339,-0.001919193939,0.007771769945,0.007771769945,0.007771769945,0.01415438862,0.153770512,0.325283381,0.541299628,0.793766618,0.7403233167,0.7403233167,0.0006499522907,0.7938268361,1.147598009,1.411459514,231.47,15.6,-0.00660868965,0.171626039,0.004785291525,0.01011822345,0.3507611843,0.6444493313,0.7749920485,0.4012418237,0.0,0.4235738572,0.6180816288,0.549071398,-1.286870959,1.07987298,-0.19718058,1.059015214,0.7365001598,0.4575802415,0.549071398,-2.459340992,0.4097972548,0.7416643317,-0.3523271914,2.114442433,0.1912519187,-0.0371364353,0.8244437376,0.8925627208,-7.560610641,3.328173375,5.33,5.327608862,6.795383419,Probable Bankrupt
Koyenco Autos Private Limited,2017,0.85,0.46,0.02647559591,2.02,0.4854796936,0.07697182693,78.47,1.385794767,1.148196461,1.148196461,-2.38,-0.0257108288,0.4854796936,-0.07374497162,0.7851022208,-0.01970022593,-0.0257108288,0.01285336419,0.01285336419,0.01285336419,0.02647559591,-0.05025782555,0.2603032365,0.4726263294,0.6662129462,0.7284537389,0.7284537389,-0.03037692181,0.7847578112,1.076905626,1.669097616,-148.6,7.76,0.009582612991,0.08063997579,-0.08657775255,-0.1547866673,0.3727707699,0.666931337,0.8103129994,0.4443709704,0.0,0.4573779796,0.5652173913,0.4854796936,-1.085367238,1.164608431,-0.1542029153,0.9820024198,0.8947795647,0.411734722,0.4854796936,-2.572202503,0.3907207719,0.6664523328,-0.2715742479,1.787834204,0.2429740453,-0.03821333243,0.8154791426,0.8993012462,-9.881561741,4.948216341,5.36,6.232711415,8.256305502,Probable Bankrupt
Koyenco Autos Private Limited,2016,0.95,0.5,0.01496110114,2.0,0.4289362047,0.07563619894,76.15,1.203966898,1.119690564,1.119690564,4.06,0.04119816497,0.4289362047,-0.02114350563,0.7701505039,0.1917236348,0.04119816497,0.00641735794,0.00641735794,0.00641735794,0.01496110114,0.09321623677,0.2601601151,0.4225188468,0.571179275,0.6984787484,0.6984787484,0.03839606582,0.7615444892,1.014086534,1.875870106,46.06,5.48,-0.01060445387,0.1403481625,0.1069010048,0.1520745587,0.4316827853,0.6049653684,0.8046286039,0.4290442865,0.0,0.4952281962,0.5838297872,0.4289362047,-0.7298478914,1.193152805,-0.04430039347,0.9215615724,0.8939421095,0.4077926991,0.4289362047,-9.240255591,0.4554789127,0.6141005803,-0.07012277086,1.422573707,0.2695425437,0.03842106235,0.7317544381,0.9333075877,-35.51757188,4.906973441,5.42,7.556488414,7.996253786,Probable Bankrupt
Koyenco Autos Private Limited,2015,1.11,0.52,0.04771664068,1.76,0.3751650593,0.1000037427,87.62,,1.115233699,1.115233699,3.93,0.03964223889,0.3751650593,0.04039981948,0.8836645662,,0.03964223889,0.01790161633,0.01790161633,0.01790161633,0.04771664068,,0.2522215811,0.3572634429,0.431717638,0.6463302522,0.6463302522,0.04359235797,0.8762598827,1.008347759,2.081265315,38.76,5.53,0.006985046826,0.03465397745,0.1406103809,0.1491563874,0.5471966484,0.5778418927,0.7808180253,0.4755712304,0.0,0.5234573402,0.6429605876,0.3751650593,-0.4873336978,1.48528499,0.0904599723,0.7231582997,0.766718654,0.4155648787,0.3751650593,5.425320645,0.5842281132,0.5804541223,0.1142303512,1.06077792,0.271165193,0.04307686186,0.8400722082,1.112942587,21.51013653,6.665656719,5.44,6.69517609,7.410227605,Probable Bankrupt
Camson Bio Technologies Ltd.,2018,0.74,0.1,0.004117833386,0.73,0.4460929773,0.3371544167,13.64,10.0529453,1.354137447,1.354137447,-58.08,-0.7868162693,0.4460929773,-0.1148791861,0.1456125477,-0.02564646036,-0.7868162693,0.001836936555,0.001836936555,0.001836936555,0.004117833386,0.7045848823,2.829593268,0.4442560407,4.427769986,0.5291083793,0.5291083793,-0.07920022608,0.1364278649,1.354137447,1.602629078,0.0,-7.47,0.001553599171,0.07330751769,-0.1775419702,-0.168192048,0.8899719589,0.9235624123,0.7149215769,0.04224954077,0.0,0.1034209693,0.6259847777,0.4460929773,-51.93577982,0.2578448391,-0.1827376939,5.233520337,0.1762940735,0.3312137912,0.4460929773,-2.481549815,0.6390560659,0.8431032181,-0.2439609902,0.9473368342,0.08301540201,-0.3931489629,0.2248127738,0.1409230161,-0.87699877,3.328173375,5.33,5.327608862,6.795383419,Bankrupt
Camson Bio Technologies Ltd.,2017,0.29,0.09,0.003537735849,0.61,0.4088999104,0.3155237695,10.6,19.03914989,1.72147651,1.72147651,-161.09,-2.774049217,0.4088999104,-0.2914514018,0.133154233,-0.3449748571,-2.774049217,0.001446579872,0.001446579872,0.001446579872,0.003537735849,0.08640939597,1.333333333,0.4074533306,6.639821029,0.4826754839,0.4826754839,-0.1720052352,0.1060136392,1.72147651,2.244777628,0.0,-21.19,-0.002599090318,0.06507777936,-0.4235175202,-0.3347536618,1.071785357,2.421700224,0.9178893711,0.0961631191,0.0,0.08642183288,0.2433281005,0.4088999104,4.266719119,0.2220636506,-0.4449936895,7.814317673,0.1426098535,0.1174485086,0.4088999104,-0.2817300874,0.2008086253,0.8471528472,-0.5633821571,0.790412783,0.07377557347,-0.6525959368,0.3051594682,0.06709193246,-0.2112975656,4.948216341,5.36,6.232711415,8.256305502,Bankrupt
Camson Bio Technologies Ltd.,2016,0.54,0.4,0.007605052849,0.58,0.3973367478,0.2516145265,31.81,5.5599017,1.272168749,1.222609052,-66.68,-0.8482490272,0.3973367478,-0.1812548015,0.3244558259,-0.7809475032,-0.8482490272,0.003021766965,0.003021766965,0.003021766965,0.007605052849,-1.568411387,0.2230186361,0.3943149808,1.588777391,0.4679129321,0.4679129321,-0.2228425096,0.31815621,1.272168749,2.376385666,0.0,-33.51,-0.005634256278,-0.2067644483,-0.5877803558,-0.4389257869,1.137149737,1.545975835,0.9442253521,0.2677080666,0.01324430823,0.4034544986,0.4617994746,0.3973367478,1.735933983,0.6895796848,-0.2968212698,1.858898218,0.1326402926,0.2160819462,0.3973367478,-0.3077140435,0.1403712297,0.8491681261,-0.3406487631,0.7467513716,0.07057618438,-0.418678645,0.5472983355,0.2648622261,-1.379768296,4.906973441,5.42,7.556488414,7.996253786,Bankrupt
Camson Bio Technologies Ltd.,2015,2.79,2.38,0.02111962968,0.17,0.1988036695,0.1955926457,58.38,1.702056254,1.081504368,0.831877264,0.05,0.0005859791178,0.1988036695,0.3550743393,0.6023063871,0.1623098381,0.0005859791178,0.00419865988,0.00419865988,0.00419865988,0.02111962968,-0.4447622453,0.1489985084,0.1946050096,0.3682612401,0.2345210364,0.2345210364,0.006010410376,0.5838437868,1.081504368,4.625488211,0.0,0.69,-0.002462811546,0.2326180258,0.05887458412,0.01529040499,3.26400981,1.077615598,0.9195640296,0.5414833348,0.2873083998,2.381455229,2.361741263,0.1988036695,-6.554564173,2.177927652,0.8049941322,0.4266460686,0.04666015478,0.5538780088,0.1988036695,0.226532761,0.4046000289,0.8477007971,0.4638590428,0.2597114734,0.03571736692,-0.02088256571,0.5962959768,0.587065299,1.52036932,6.665656719,5.44,6.69517609,7.410227605,Probable Bankrupt
Camson Bio Technologies Ltd.,2014,2.86,2.04,0.03980503656,0.16,0.1690411617,0.2301587302,65.53,1.443979288,1.051503801,0.8701663545,6.89,0.07254599537,0.1690411617,0.3141199492,0.6571457997,0.2001441862,0.07254599537,0.006728689622,0.006728689622,0.006728689622,0.03980503656,0.02029200693,0.2225955712,0.1623124721,0.2712349895,0.2184764324,0.2184764324,0.05578632977,0.6553263071,1.051503801,5.095044679,19.14,5.44,0.001414427157,-0.2572281584,0.3202680747,0.06927300681,3.577152734,1.054368183,0.8612722716,0.6395688146,0.2586423633,2.03757108,2.2115022,0.1690411617,-5.176291793,2.748428661,0.8347016968,0.3397598325,0.06325499671,0.4831611109,0.1690411617,0.4416393443,0.8206742486,0.7737272156,0.4019327916,0.2162969471,0.04943527069,0.08974139407,0.6013594699,0.7236128827,1.984043716,10.01787847,5.44,3.865992884,6.386106401,Probable Bankrupt
Camson Bio Technologies Ltd.,2013,2.51,1.75,0.0322888804,0.24,0.2246448345,0.2311910227,58.39,,1.05481895,0.6680623401,17.47,0.1843839653,0.2246448345,0.3393707884,0.5851753294,,0.1843839653,0.007253530194,0.007253530194,0.007253530194,0.0322888804,,0.3069706133,0.2173913043,0.4058308134,0.3043907464,0.3043907464,0.1044250826,0.5838877205,1.05481895,3.695070692,7.71,13.01,0.006101146722,-0.1899323181,0.4755445166,0.1535756155,2.285250987,1.05481895,0.8300785441,0.569509421,0.3516638466,1.754298815,1.852932882,0.2246448345,-5.584158416,1.558657642,1.008288702,0.5367915019,0.1146418214,0.564015623,0.2246448345,0.5006955862,0.7564004585,0.7380146644,0.4878756093,0.3229468748,0.07974591184,0.2145344166,0.4807502468,0.6668562565,1.631086379,9.478996914,5.42,2.473521635,5.456388753,Probable Bankrupt
Neo Corp International Ltd.,2015,1.3,0.53,0.05886710455,1.29,0.5275283533,0.1260997067,117.41,0.7844316159,1.028384977,1.028384977,3.27,0.03367103242,0.5275283533,0.1608107404,1.179724543,0.2087378641,0.03367103242,0.03105406673,0.03105406673,0.03105406673,0.05886710455,0.3018165669,0.3596571289,0.4964742866,0.4620316707,0.7164753287,0.7164753287,0.05312885354,1.174166768,1.028384977,1.117207434,0.0,8.13,0.0,0.0,0.1285330963,0.2391497442,0.3957214714,0.09023562877,0.5893585981,0.09085225003,0.0,0.526412827,0.9607296527,0.5275283533,-0.2405153243,1.618326162,0.6171021061,0.6003209662,0.6664216362,0.6883390937,0.5275283533,2.5535695,0.778425272,0.7362826495,0.5671842935,1.860608288,0.1889469754,0.04222551105,1.126595689,1.93728911,7.1000108,6.665656719,5.44,6.69517609,7.410227605,Bankrupt
Neo Corp International Ltd.,2014,1.29,0.55,0.1078232128,1.3,0.4914231153,0.131211207,107.48,0.8296044642,1.02531513,1.02531513,3.06,0.03141881988,0.4914231153,0.1429371028,1.080072873,0.2606868093,0.03141881988,0.05298681914,0.05298681914,0.05298681914,0.1078232128,0.4778131153,0.3456488965,0.4384362962,0.4687905691,0.6892127704,0.6892127704,0.05470987851,1.074815896,1.02531513,1.297585814,0.0,6.47,0.0,0.0,0.155883601,0.2464863338,0.4509307473,0.1916328154,0.6376636632,0.1902718483,0.0,0.5535431137,0.9204127454,0.4914231153,-0.258910532,1.527715409,0.4516106661,0.6069244943,0.6364150011,0.6343602182,0.4914231153,2.534935504,0.7373204994,0.713020908,0.4599194858,1.581220425,0.1977896551,0.04822965278,1.025362995,1.643936525,7.333845209,10.01787847,5.44,3.865992884,6.386106401,Bankrupt
Neo Corp International Ltd.,2013,1.24,0.63,0.06374140399,0.99,0.4252568137,0.2039782222,92.93,1.030900593,1.033989001,1.033989001,3.37,0.03489735586,0.4252568137,0.1001721988,0.9388397364,0.1467846327,0.03489735586,0.02710646636,0.02710646636,0.02710646636,0.06374140399,0.3600928074,0.2847280715,0.3981503474,0.4731209434,0.6274122677,0.6274122677,0.05606852325,0.9293836471,1.033989001,1.749712012,0.0,5.45,0.0,0.0,0.1625999232,0.1855850831,0.5938483379,0.1124048291,0.7440769551,0.09171070602,0.0,0.6337487346,0.8374541583,0.4252568137,-0.1952254247,1.460451911,0.3637539755,0.6678723018,0.5425714172,0.5254290125,0.4252568137,2.554831061,0.6018082173,0.6777948657,0.2688553329,1.141360214,0.202155454,0.05280239461,0.8827712131,1.207984199,8.972880854,9.478996914,5.42,2.473521635,5.456388753,Bankrupt
Neo Corp International Ltd.,2012,1.28,0.83,0.05221953519,0.9,0.4244728234,0.2111135907,74.99,1.073619705,1.021857146,1.021857146,4.91,0.05028091885,0.4244728234,0.118640824,0.7617092352,0.424090055,0.05028091885,0.02216577354,0.02216577354,0.02216577354,0.05221953519,0.3721899927,0.2615271555,0.4023070499,0.5783609511,0.6032604913,0.6032604913,0.05054283527,0.7499652029,1.021857146,1.903676682,0.0,6.41,0.0,0.0,0.1512071156,0.1617769592,0.657658697,0.3314842472,0.8080590159,0.2355417914,0.0,0.8273148338,0.9002970611,0.4244728234,-0.1493971631,1.220575087,0.380439634,0.7917644549,0.4506424593,0.5431136474,0.4244728234,1.617832527,0.4521867443,0.7036310674,0.2990396001,1.069903083,0.1787876679,0.05455657492,0.7111663999,0.9082551029,6.186097668,8.911793365,5.41,1.317979708,5.241315001,Bankrupt
Neo Corp International Ltd.,2011,1.31,0.91,0.0701623115,1.43,0.5248784025,0.1947791165,95.25,0.8770660147,1.027872861,1.027872861,5.05,0.05189894051,0.5248784025,0.1629860125,0.9783088124,0.3744297755,0.05189894051,0.03682668197,0.03682668197,0.03682668197,0.0701623115,0.5548657234,0.2257864711,0.4880517205,0.5663895681,0.7022446452,0.7022446452,0.056040603,0.9525391982,1.027872861,1.506561529,0.0,10.12,0.0,0.0,0.1218487395,0.2147930195,0.4240051624,0.1417766911,0.7907616084,0.1231684843,0.0,0.9118798204,0.979522478,0.5248784025,-0.05815543569,1.345149495,0.6770833333,0.7180440098,0.5956777597,0.687864415,0.5248784025,1.283781279,0.3986416484,0.7474295547,0.5473823052,1.762784091,0.1773662427,0.03282232704,0.9222682094,1.171919771,5.685820204,11.98938992,5.43,-1.983859222,8.497584702,Bankrupt
Neo Corp International Ltd.,2010,2.39,1.93,0.09082853345,1.47,0.3269908727,0.1914987824,98.94,,1.0,0.8846846847,4.9,0.04889213538,0.3269908727,0.4541942338,0.9917902159,,0.04889213538,0.02970010141,0.02970010141,0.02970010141,0.09082853345,,0.1501339177,0.2972907712,0.3297297297,0.7117399913,0.7117399913,0.06195972376,0.9894238663,0.9977112247,2.60286516,4.3,7.2,0.0,0.0,0.2303943288,0.2613503099,0.4050074637,0.2445580716,0.8511131501,0.2295841986,0.08033654499,1.933687786,1.097570905,0.3269908727,0.4075291691,1.294205455,2.08213416,0.6877526175,1.334729435,0.7811851065,0.3269908727,0.3278043594,0.4553241766,0.4594246166,1.575640811,1.134360864,0.3847491187,0.06409057858,0.9298304921,1.165172492,2.183413078,10.88235294,5.55,4.808592108,7.861888833,Bankrupt
GeePee Infotech Pvt Ltd,2019,0.14,0.14,0.006723605306,0.0,0.6838998322,2.963265306,0.29,3.691376098,1.083044983,1.083044983,5.14,0.05571821489,0.6838998322,-0.5904741192,0.380755608,-0.5853165973,0.05571821489,0.004598272541,0.004598272541,0.004598272541,0.006723605306,0,0.0,0.6793015597,1.952976666,0.6901447834,0.6901447834,0.03097620083,0.3792642764,1.083044983,1.462202435,0.0,10.94,0.0,0.0,0.06192077049,0.1366690063,0.4489713231,0.5300328276,1.0,0.1820978065,0.0,0.1366073051,0.135371179,0.6838998322,-3.587879932,0.5330662225,-25.85714286,1.957678999,0.02015441693,0.09342571304,0.6838998322,0.0,0.0,0.9909512448,-1.905645242,2.20715933,0.006244951221,0.08429561201,0.3497794072,0.3501833095,-0.5930544594,3.938826467,5.27,5.36166639,6.453851345,Bankrupt
GeePee Infotech Pvt Ltd,2018,0.73,0.64,0.05386646548,0.02,0.7793238609,1.949865712,103.47,1.140473465,1.060096781,0.1514768187,7.33,0.07772624139,0.7793238609,-0.2129152376,1.040803528,-0.2263204312,0.07772624139,0.04197942185,0.04197942185,0.04197942185,0.05386646548,-5.636524823,0.06794771399,0.737344439,0.7984458768,0.7831259187,0.7831259187,0.1262714356,1.034708476,1.060096781,1.198063624,0.0,60.17,0.0001136449731,-0.03641232263,0.2247202314,0.8075185252,0.2769338572,1.063731101,0.9336795688,1.034708476,0.5662303861,0.6416949579,0.723266348,0.7793238609,4.488972905,0.6926349508,-9.726051925,0.7593317672,0.01753117658,0.5664086232,0.7793238609,-0.3114874816,0.08509996228,0.9951450236,-0.9817458883,3.593439364,0.003802057815,0.131407509,0.9145320921,1.045381079,-4.584223122,3.328173375,5.33,5.327608862,6.795383419,Bankrupt
GeePee Infotech Pvt Ltd,2017,2.03,1.23,0.1102320111,0.01,0.4484202452,1.680555556,238.31,0.473112168,1.039967362,-0.9174221714,1.47,0.01532860969,0.4484202452,0.4622440989,2.387467438,-0.1683633516,0.01532860969,0.04943026545,0.04943026545,0.04943026545,0.1102320111,0.1769970612,0.1566196162,0.3989899797,0.1956803727,0.8897767408,0.8897767408,0.06061719911,2.383200422,1.039974336,1.429666061,0.0,12.54,-0.02528114375,-0.06151663194,0.1837912969,0.7477163984,0.1238774337,1.041913077,0.6410912055,2.383184441,2.520601336,1.230442995,1.023475106,0.4484202452,-1.075873544,0.1333069904,22.31790123,0.3667080451,4.004204727,0.910664344,0.4484202452,0.776448624,0.8003849032,0.5039693944,4.193707409,4.068290561,0.4413564956,0.0242104974,2.326850239,3.574523246,4.957543908,4.948216341,5.36,6.232711415,8.256305502,Bankrupt
GeePee Infotech Pvt Ltd,2016,1.03,0.76,0.1147615222,0.07,0.9363544345,0.7489683631,191.74,0.3702769596,1.014394373,-0.9883267356,1.43,0.01453187532,0.9363544345,0.0282458828,1.920788423,0.6003036603,0.01453187532,0.1074574602,0.1074574602,0.1074574602,0.1147615222,0.421792999,0.1337612807,0.8288969743,0.49540813,0.9368194999,0.9368194999,0.04211577392,1.917450895,1.014488453,0.797969469,0.0,43.16,0.01170024542,0.002350742455,0.06062376744,0.8984628708,0.06744148695,1.017072059,0.7471822509,1.917273075,2.020280629,0.7601636111,1.029654397,0.9363544345,6.959728699,0.01065864591,1.420220083,0.4388003966,0.007360900628,0.9646003173,0.9363544345,8.950605327,0.2700021912,0.9995035699,0.4470664646,14.82030743,0.0004650653827,0.02054664861,1.878672649,2.529592677,66.91476998,4.906973441,5.42,7.556488414,7.996253786,Bankrupt
GeePee Infotech Pvt Ltd,2015,0.99,0.6,0.2534954185,0.05,0.9374422504,0.1372683596,223.07,0.3881943149,1.013373142,-1.207252597,1.98,0.02016856379,0.9374422504,-0.006639060949,2.233120016,0.2913657986,0.02016856379,0.2376373156,0.2376373156,0.2376373156,0.2534954185,0.7115186675,0.1661846116,0.6998049348,0.4259656652,0.9403511173,0.9403511173,0.06765682215,2.230792923,1.013653045,0.6765962107,0.0,70.93,0.1038393076,0.2801150011,0.09699558281,1.524383247,0.06343256423,1.016389874,0.6342698744,2.230176928,2.598515176,0.6027817326,0.9898464226,0.9374422504,10.32352941,-0.2516194774,-0.1331503089,0.3193070847,0.04876649455,0.9308031895,0.9374422504,-55.08762887,0.3901361662,0.9969066162,-0.1113023523,15.71600688,0.002908866911,0.02988447619,2.165463194,3.469731305,-331.4845361,6.665656719,5.44,6.69517609,7.410227605,Probable Bankrupt
GeePee Infotech Pvt Ltd,2010,2.39,1.93,0.09082853345,1.47,0.3269908727,0.1914987824,98.94,,1.0,0.8846846847,4.9,0.04889213538,0.3269908727,0.4541942338,0.9917902159,,0.04889213538,0.02970010141,0.02970010141,0.02970010141,0.09082853345,,0.1501339177,0.2972907712,0.3297297297,0.7117399913,0.7117399913,0.06195972376,0.9894238663,0.9977112247,2.60286516,4.3,7.2,0.0,0.0,0.2303943288,0.2613503099,0.4050074637,0.2445580716,0.8511131501,0.2295841986,0.08033654499,1.933687786,1.097570905,0.3269908727,0.4075291691,1.294205455,2.08213416,0.6877526175,1.334729435,0.7811851065,0.3269908727,0.3278043594,0.4553241766,0.4594246166,1.575640811,1.134360864,0.3847491187,0.06409057858,0.9298304921,1.165172492,2.183413078,10.88235294,5.55,4.808592108,7.861888833,Probable Bankrupt
Hotline CPT Limited,2006,0.94,0.88,0.01178133836,-1.59,0.7461322082,0.7796610169,12.93,12.24433657,1.294498382,1.229773463,-521.19,-6.207119741,0.7461322082,-0.04395218003,0.1360759494,-0.6606891702,-6.207119741,0.008790436006,0.008790436006,0.008790436006,0.01178133836,-0.1788617886,0.3980582524,0.7373417722,6.867313916,1.430379747,1.430379747,-0.7700421941,0.129395218,1.190938511,1.282280867,0.0,-265.65,0.0,0.0,-1.160226202,2.011437908,-0.3008849558,0.5177993528,0.9567510549,0.02848101266,0.002458210423,0.8831291235,0.4909046214,0.7461322082,-1.66442953,0.16273353,-0.1926040062,13.08414239,-1.589869281,0.7021800281,0.7461322082,-0.984,0.05796418473,0.5216322517,0.102124183,-1.733660131,0.6842475387,-0.8571982926,0.9061181435,0.1135611907,-2.472,4.24634362,,4.855145172,7.923430621,Bankrupt
Hotline CPT Limited,2006,1.51,1.44,0.01380368098,2.59,0.4141435528,0.3990536278,92.56,0.9352783367,1.041806394,1.035099486,-0.4,-0.004024144869,0.4141435528,0.2115181029,0.954478086,0.2284564895,-0.004024144869,0.005716705484,0.005716705484,0.005716705484,0.01380368098,-0.8827586207,0.03241672256,0.4084268473,0.4372904091,0.8532712259,0.8532712259,-0.003599407156,0.9256828287,0.977420076,2.340490798,0.0,-0.63,-0.02939914163,-0.1868486352,-0.008691206544,-0.02453102453,0.1719602978,0.838587078,0.9692991743,0.7654033453,0.003722084367,1.436605317,0.7332506203,0.4141435528,1.182825485,1.152605459,0.7878548896,0.8949251062,2.992784993,0.6256616557,0.4141435528,0.1451451451,0.07413087935,0.4853598015,1.441558442,2.822510823,0.4391276731,-0.0338121547,0.9580774931,0.9770642202,4.477477477,4.24634362,,4.855145172,7.923430621,Bankrupt
Hotline CPT Limited,2005,1.03,0.88,0.09156492786,1.19,0.4945115258,0.3940809969,161.92,0.5900178253,1.036622914,1.031113272,1.5,0.01442229784,0.4945115258,0.01591657519,1.638858397,0.001646542261,0.01442229784,0.04527991218,0.04527991218,0.04527991218,0.09156492786,-0.2820512821,0.04423918328,0.4492316136,0.2920110193,0.804884742,0.804884742,0.03073545554,1.619374314,0.9562469616,1.870699223,85.58,4.82,-0.007034547444,0.1305830208,0.0743618202,0.188466948,0.2424139107,0.6823853508,0.9250823271,1.120472009,0.005796113195,0.8806881243,0.6341629731,0.4945115258,-0.1096938776,2.167746335,0.04517133956,0.4485496678,1.5907173,0.510428101,0.4945115258,4.706896552,0.1514983352,0.6143879986,0.08157524613,2.534458509,0.3103732162,0.006996587031,1.608122942,1.830614061,106.3965517,3.767251735,,4.910128304,7.922936613,Bankrupt
Hotline CPT Limited,2004,1.11,0.9,0.1257521059,1.31,0.45684442,0.3965517241,161.72,1.935522341,1.036889808,1.034663699,1.06,0.01001749086,0.45684442,0.05195162177,1.620945574,-4.691863661,0.01001749086,0.05744914788,0.05744914788,0.05744914788,0.1257521059,-7.808571429,0.05565272698,0.3993952721,0.2642709493,0.8051126993,0.8051126993,0.02363936229,1.617647059,0.9357608523,1.97833935,80.77,3.17,0.008587639933,0.09252304541,0.07521058965,0.1763046544,0.2420621372,0.4455398315,0.903793293,0.7377680044,0.002389894162,0.9031287605,0.6319562991,0.45684442,-0.04617149412,2.2106521,0.1481191223,0.4325011926,1.787023977,0.5087960418,0.45684442,1.851851852,0.210589651,0.5674291567,0.2665726375,2.344146685,0.3482682793,0.01273446911,1.597306212,1.912712895,33.27513228,3.805858995,,7.30788116,7.860381476,Bankrupt
Scope Properties Pvt. Ltd,2013,10.94,9.84,0.008756567426,0.71,0.08662014563,3.059701493,148.98,0.3677901854,1.006146911,-0.859235734,5.18,0.05214629649,0.08662014563,0.8605885922,1.490442961,0.9108009709,0.05214629649,0.0007584951456,0.0007584951456,0.0007584951456,0.008756567426,0.853736089,0.06444011884,0.08586165049,0.0584981047,0.7789745146,0.7789745146,0.07782160194,1.489836165,1.006146911,10.44308231,0.0,8.45,-0.001629162,-0.1610516066,0.9054290718,0.3548387097,0.2837390458,0.9826862002,0.9045813107,1.452973301,1.772930867,9.833625219,1.215968841,0.08662014563,29.84615385,0.1388510224,16.93432836,0.5255609056,3.132463967,0.9472087379,0.08662014563,0.1108760797,1.101576182,0.1111976631,3.893617021,0.3919011668,0.6923543689,0.05466065292,1.412621359,1.636927721,1.720606381,9.478996914,5.42,2.473521635,5.456388753,Bankrupt
Scope Properties Pvt. Ltd,2012,2.49,2.09,0.09361702128,0.38,0.3996598639,186.25,925.27,0.07272223249,1.005544262,-0.965995195,2.14,0.02162262059,0.3996598639,0.593537415,9.253401361,0.6615646259,0.02162262059,0.03741496599,0.03741496599,0.03741496599,0.09361702128,1,0.01700240251,0.362244898,0.0434300499,0.5391156463,0.5391156463,0.25,9.253401361,1.005544262,2.110638298,0.0,33.09,-0.003308215402,-0.2334384858,0.7531914894,0.6531365314,0.8548895899,1.005544262,0.843537415,9.253401361,16.82649842,2.093617021,1.842271293,0.3996598639,-8.566666667,0.2429022082,87.25,0.05451857328,0.3025830258,0.9931972789,0.3996598639,0.2636103152,0.3914893617,0.7413249211,1.287822878,0.8671586716,0.1394557823,0.02776728372,9.003401361,10.90927419,15.50429799,8.911793365,5.41,1.317979708,5.241315001,Bankrupt
Scope Properties Pvt. Ltd,2011,1.96,1.96,0.3861386139,3.85,0.5075376884,0.0,766.2,0.06558998022,1.003295979,-0.9400131839,1.47,0.01516150297,0.5075376884,0.4924623116,7.658291457,1,0.01516150297,0.1959798995,0.1959798995,0.1959798995,0.3861386139,0,0.0,0.3115577889,0.0665787739,0.8944723618,0.8944723618,0.1407035176,7.648241206,1.003295979,1.97029703,0.0,23.09,0.02562417871,-0.01685393258,0.3366336634,1.619047619,0.1179775281,1.003295979,1.0,7.648241206,8.280898876,1.97029703,1.117977528,0.5075376884,-19.6,0.2359550562,0.0,0.09162821358,3.666666667,1.0,0.5075376884,0.0,0.0,0.5674157303,4.666666667,4.80952381,0.3869346734,0.01737967914,7.51758794,7.623115578,15.47959184,11.98938992,5.43,-1.983859222,8.497584702,Bankrupt
Scope Properties Pvt. Ltd,2010,0.13,0.13,0.0,0.0,0.0,0.0,0,0,0.0,0.0,0.0,0.0,0.0,0.0,0.0,0,0.0,0.0,0.0,0.0,0.0,0,0.0,0.0,0.0,0.0,0.0,0.0,0.0,0.0,0.0,0.0,72.21,0.0,-0.3333333333,-0.6666666667,0.6666666667,-1.0,0.0,0.0,0.0,0.0,0.0,0.0,0.0,0.0,0.0,0.0,0.0,0.0,0.0,0.0,0.0,0.0,1.0,1.0,-1.0,0.0,-1.0,0.0,0.0,0.0,10.88235294,5.55,4.808592108,7.861888833,Bankrupt
Scope Properties Pvt. Ltd,2009,0.69,0.69,0.5,0.0,1.0,0.0,0,0,0.0,0.0,0.0,0.0,1.0,0.0,0.0,,0.0,0.5,0.5,0.5,0.5,0,0.0,0.5,0.0,1.0,1.0,-0.5,0.0,0.0,1.0,0.0,195.42,0.0,-0.5,-0.5,0.0,0.0,0.0,1.0,0.0,0.0,1.0,1.0,1.0,0.0,0.0,0.0,0.0,0.0,1.0,1.0,0.0,0.0,1.0,0.0,0.0,0.0,-1.0,0.5,0.0,0.0,8.349267049,5.54,3.77175625,3.08669806,Bankrupt
Nakshatra World Limited,2013,2.06,2.06,0.008528784648,0.5,0.4575609756,9.821428571,20.53,4.575520833,1.09375,1.09375,1.54,0.015625,0.4575609756,0.487804878,0.2097560976,0.2858536585,0.015625,0.0243902439,0.0243902439,0.003902439024,0.008528784648,0,0.0,0.4536585366,2.442708333,0.476097561,0.476097561,0.003902439024,0.2048780488,1.09375,2.185501066,0.0,0.58,0.009523809524,0.02868852459,0.008528784648,0.007448789572,1.100409836,1.104166667,1.0,0.2048780488,0.0,2.066098081,1.985655738,0.4575609756,-25.0,0.4303278689,8.928571429,2.520833333,0.03538175047,0.9453658537,0.4575609756,0.0,0.0,0.9610655738,0.9310986965,0.8733705773,0.01853658537,-0.004739336493,0.2058536585,0.1873170732,0.384,9.478996914,5.42,2.473521635,5.456388753,Bankrupt
Nakshatra World Limited,2012,3.54,3.54,0.01020408163,0.35,0.2677595628,14.1025641,11.74,17.23076923,2.205128205,2.205128205,-5.73,-0.1282051282,0.2677595628,0.6803278689,0.1243169399,0.1639344262,-0.1282051282,0.03142076503,0.03142076503,0.002732240437,0.01020408163,0,0.0,0.2650273224,5.025641026,0.2786885246,0.2786885246,0.0,0.1174863388,2.205128205,3.734693878,0.0,-0.91,0.0,0.0,0.02551020408,0.00946969697,2.588235294,2.641025641,1.0,0.1174863388,0.0,3.540816327,3.401960784,0.2677595628,-7.78125,0.3970588235,12.76923077,5.179487179,0.01515151515,0.9480874317,0.2677595628,0.0,0.0,0.9607843137,0.9431818182,0.3712121212,0.01092896175,-0.05494505495,0.1243169399,0.05327868852,0.07831325301,8.911793365,5.41,1.317979708,5.241315001,Bankrupt
Nakshatra World Limited,2011,8.34,8.34,0.02985074627,0.11,0.1094771242,9.821428571,14.82,18.84722222,2.527777778,2.527777778,-4.34,-0.1111111111,0.1094771242,0.7990196078,0.1552287582,-0.2173202614,-0.1111111111,0.03758169935,0.03758169935,0.003267973856,0.02985074627,0,0.0,0.1062091503,1.861111111,0.1290849673,0.1290849673,-0.008169934641,0.1486928105,2.527777778,9.134328358,0.0,-0.72,0.0,0.0,-0.07462686567,-0.009380863039,6.746835443,3.027777778,1.0,0.1486928105,0.0,8.298507463,7.037974684,0.1094771242,-6.698630137,1.151898734,8.732142857,2.138888889,0.02251407129,0.908496732,0.1094771242,0.0,0.0,0.8481012658,0.9174484053,0.1257035647,0.01960784314,-0.09,0.1633986928,0.05882352941,0.0736196319,11.98938992,5.43,-1.983859222,8.497584702,Bankrupt
Nakshatra World Limited,2010,37.62,37.62,0.2142857143,0.07,0.01879194631,7.432432432,12.07,19.17948718,2.307692308,2.307692308,-1.51,-0.02564102564,0.01879194631,0.6711409396,0.1275167785,-0.008053691275,-0.02564102564,0.004026845638,0.004026845638,0.004026845638,0.2142857143,0,0.0,0.01476510067,0.358974359,0.0966442953,0.0966442953,0.002684563758,0.1208053691,2.307692308,53.21428571,0.0,-0.18,0.04444444444,0.1805555556,0.3571428571,0.007429420505,9.347222222,2.769230769,1.0,0.1208053691,0.0,36.71428571,7.138888889,0.01879194631,-7.246376812,1.208333333,6.756756757,1.769230769,0.08618127786,0.6899328859,0.01879194631,0.0,0.0,0.1944444444,0.7429420505,0.02080237741,0.07785234899,-0.03225806452,0.1248322148,0.05234899329,0.078,10.88235294,5.55,4.808592108,7.861888833,Bankrupt
Nakshatra World Limited,2009,38.44,38.44,0.0,0.08,0.017310253,5.97826087,11.54,21.5,2.485714286,2.485714286,5.66,0.1428571429,0.017310253,0.6537949401,0.1251664447,-0.003994673768,0.1428571429,0.0,0.0,0.0,0.0,0,0.0,0.017310253,0.3714285714,0.103861518,0.103861518,0.009320905459,0.1158455393,2.485714286,57.76923077,0.0,0.66,0.0,-0.2051282051,0.6923076923,0.01337295691,8.628205128,3.0,1.0,0.1158455393,0.0,38.76923077,6.461538462,0.017310253,-7.014285714,1.08974359,5.336956522,2.228571429,0.09658246657,0.6711051931,0.017310253,0.0,0.0,0.1666666667,0.7295690936,0.01931649331,0.08655126498,0.0,0.1158455393,0.0466045273,0.07128309572,8.349267049,5.54,3.77175625,3.08669806,Bankrupt
Nakshatra World Limited,2008,27.14,27.14,0.05882352941,0.08,0.0225464191,5.0,10.8,21.75,2.382352941,2.382352941,7.85,0.1764705882,0.0225464191,0.6074270557,0.1167108753,0.03846153846,0.1764705882,0.001326259947,0.001326259947,0.001326259947,0.05882352941,0,0.0,0.02122015915,0.5,0.1074270557,0.1074270557,0.01061007958,0.1074270557,2.382352941,44.35294118,0.0,0.86,0.0,0.0,0.5882352941,0.01485884101,8.308641975,2.911764706,1.0,0.1074270557,0.0,27.94117647,5.864197531,0.0225464191,-7.046153846,0.975308642,4.163636364,2.352941176,0.09509658247,0.6299734748,0.0225464191,0.0,0.0,0.2098765432,0.6805349183,0.02526002972,0.0848806366,0.0125,0.1061007958,0.0450928382,0.07423580786,6.372881356,5.41,5.681844063,7.660815065,Probable Bankrupt
Nakshatra World Limited,2007,32.79,32.79,0.1538461538,0.05,0.01793103448,4.296875,10.45,21.16176471,2.235294118,2.235294118,2.74,0.05882352941,0.01793103448,0.5724137931,0.1131034483,0.01517241379,0.05882352941,0.00275862069,0.00275862069,0.00275862069,0.1538461538,0,0.0,0.01517241379,0.3823529412,0.07172413793,0.07172413793,0.01103448276,0.1048275862,2.235294118,55.76923077,0.0,0.29,-0.05263157895,0.1538461538,1.076923077,0.02080237741,12.94230769,2.764705882,1.0,0.1048275862,0.0,32.92307692,8.230769231,0.01793103448,-6.916666667,1.346153846,3.2421875,1.470588235,0.05794947994,0.5903448276,0.01793103448,0.0,0.0,0.25,0.6166419019,0.01931649331,0.05379310345,0.02702702703,0.1020689655,0.04689655172,0.08192771084,5.796523376,,2.570606702,8.060732573,Probable Bankrupt
Nakshatra World Limited,2006,48.43,48.43,0.75,0.04,0.01120448179,3.819444444,9.95,20.80645161,2.290322581,2.290322581,4.78,0.09677419355,0.01120448179,0.5462184874,0.106442577,0.1932773109,0.09677419355,0.008403361345,0.008403361345,0.008403361345,0.75,0,0.0,0.002801120448,0.2580645161,0.05602240896,0.05602240896,0.008403361345,0.09943977591,2.290322581,89.25,0.0,0.48,-0.02816901408,1.425,1.0,0.0118694362,16.85,2.774193548,1.0,0.09943977591,0.0,49.75,9.95,0.01120448179,-7.090909091,1.725,2.708333333,1.096774194,0.04747774481,0.5574229692,0.01120448179,0.0,0.0,0.2,0.5786350148,0.0118694362,0.04481792717,0.01428571429,0.09803921569,0.04341736695,0.07948717949,4.24634362,,4.855145172,7.923430621,Probable Bankrupt
Nakshatra World Limited,2005,51.88,51.88,0.8888888889,0.06,0.015625,5.612244898,11.18,,1.641025641,1.076923077,6.53,0.1025641026,0.015625,0.7534722222,0.1197916667,,0.1025641026,0.01388888889,0.01388888889,0.01388888889,0.8888888889,0,0.0,0.001736111111,0.2307692308,0.09895833333,0.09895833333,0.01388888889,0.1111111111,1.641025641,64.0,0.0,0.74,-0.1875,-0.4561403509,1.222222222,0.02119460501,9.105263158,1.948717949,1.0,0.1111111111,0.1929824561,49.22222222,7.771929825,0.015625,-11.72972973,0.8771929825,4.428571429,1.256410256,0.09248554913,0.7690972222,0.015625,0.0,0.0,0.1578947368,0.8362235067,0.01734104046,0.08333333333,0.04918032787,0.1059027778,0.06770833333,0.08986175115,3.767251735,,4.910128304,7.922936613,Probable Bankrupt
Shamken Multifab Limited,2008,2.21,1.61,0.02743142145,-4.84,0.03302450072,0.12876651,9.98,12.08466376,1.201741655,0.8940493469,-50.55,-0.5931301403,0.03302450072,0.0398188182,0.1001029442,-0.05715462219,-0.5931301403,0.0009059089973,0.0009059089973,0.0009059089973,0.02743142145,-0.06694560669,0.2312530237,0.03211859172,0.3880019352,1.219024089,1.219024089,-0.05027794935,0.09981470043,1.172714078,29.68453865,0.0,-5.21,0.002818035427,0.003884610188,-1.517456359,0.2288024065,-0.179671666,1.075955491,0.9803170681,0.04595429277,0.01074179165,1.609725686,0.05975543845,0.03302450072,-3.114649682,0.07303067153,0.04329527647,14.31156265,-5.414927618,0.07284331892,0.03302450072,0.4943123061,0.5960099751,0.02709093366,-0.1818010904,-0.1507802218,1.185999588,-0.3362541073,0.1503808936,0.08682320326,2.13753878,6.372881356,5.41,5.681844063,7.660815065,Bankrupt
Shamken Multifab Limited,2007,2.39,1.79,0.01629802095,-5.74,0.03345927628,0.1170975173,14.21,7.837481259,1.12143928,0.8455772114,-29.94,-0.3277361319,0.03345927628,0.04639115024,0.1422895649,-0.03622482764,-0.3277361319,0.000545319986,0.000545319986,0.000545319986,0.01629802095,-0.1490196078,0.1529235382,0.0329139563,0.2575712144,1.167646944,1.167646944,-0.04230125034,0.1420948078,1.093853073,29.29336438,0.0,-4.4,-0.005080213904,0.002601994863,-1.256111758,0.250697026,-0.1435767422,0.7811094453,0.9801347719,0.05819343279,0.01534509791,1.792782305,0.06838576242,0.03345927628,0.9328767123,0.1091837075,0.0508062452,8.984407796,-6.765334572,0.07985042652,0.03345927628,0.4282115869,0.5937136205,0.0286553024,-0.2767193309,-0.1995817844,1.134187668,-0.2302173454,0.1845908153,0.1325358662,2.800167926,5.796523376,,2.570606702,8.060732573,Bankrupt
Shamken Multifab Limited,2006,2.91,2.03,0.04962406015,-7.33,0.02499718077,0.1121048763,24.66,4.465581774,1.085109845,0.8921074044,-26.22,-0.2800650936,0.02499718077,0.04773897681,0.2432432432,-0.06300041349,-0.2800650936,0.001240461602,0.001240461602,0.001240461602,0.04962406015,-0.6279863481,0.09536208299,0.02375671917,0.1082180635,1.120663083,1.120663083,-0.06446641356,0.2466263203,1.067697315,39.12330827,0.0,-6.63,0.00224955009,0.005869922517,-2.569924812,0.5323987539,-0.1076711502,0.5773799837,0.9779724091,0.08066759388,0.01989065173,2.028571429,0.06490457183,0.02499718077,0.263380824,0.2035689129,0.05186637262,4.846216436,-9.080373832,0.07273615758,0.02499718077,0.4614173228,0.8812030075,0.02230570556,-0.3956386293,-0.207165109,1.095665902,-0.1985096506,0.3077096568,0.2361917208,4.838582677,4.24634362,,4.855145172,7.923430621,Bankrupt
Shamken Multifab Limited,2004,1.8,0.95,0.01590106007,-13.03,0.04002970402,0.10616253,20.89,2.684760496,1.096911411,0.6752358054,-53.3,-0.582393194,0.04002970402,0.03182573641,0.2094840695,0.9733371053,-0.582393194,0.0006365147282,0.0006365147282,0.0006365147282,0.01590106007,1,0.1764379508,0.03939318929,0.2093582393,1.079210722,1.079210722,-0.1835284133,0.2089182786,1.092657666,24.13869258,0.0,-11.59,0.0,0.0,-6.387809187,3.228125,-0.07339690029,0.693915295,0.9662647194,0.08352487712,0.03735377961,0.9522968198,0.06658147384,0.04002970402,-0.03262839879,0.2238605459,0.0347947112,5.641020899,-13.11919643,0.07185544043,0.04002970402,1.06,0.8427561837,0.03709164783,-0.4017857143,-0.5053571429,1.039181018,-0.4684182113,0.3930124828,0.1978774016,6.007777778,3.805858995,,7.30788116,7.860381476,Bankrupt
Shamken Multifab Limited,2008,27.14,27.14,0.05882352941,0.08,0.0225464191,5.0,10.8,21.75,2.382352941,2.382352941,7.85,0.1764705882,0.0225464191,0.6074270557,0.1167108753,0.03846153846,0.1764705882,0.001326259947,0.001326259947,0.001326259947,0.05882352941,0,0.0,0.02122015915,0.5,0.1074270557,0.1074270557,0.01061007958,0.1074270557,2.382352941,44.35294118,0.0,0.86,0.0,0.0,0.5882352941,0.01485884101,8.308641975,2.911764706,1.0,0.1074270557,0.0,27.94117647,5.864197531,0.0225464191,-7.046153846,0.975308642,4.163636364,2.352941176,0.09509658247,0.6299734748,0.0225464191,0.0,0.0,0.2098765432,0.6805349183,0.02526002972,0.0848806366,0.0125,0.1061007958,0.0450928382,0.07423580786,6.372881356,5.41,5.681844063,7.660815065,Bankrupt
Shamken Multifab Limited,2007,32.79,32.79,0.1538461538,0.05,0.01793103448,4.296875,10.45,21.16176471,2.235294118,2.235294118,2.74,0.05882352941,0.01793103448,0.5724137931,0.1131034483,0.01517241379,0.05882352941,0.00275862069,0.00275862069,0.00275862069,0.1538461538,0,0.0,0.01517241379,0.3823529412,0.07172413793,0.07172413793,0.01103448276,0.1048275862,2.235294118,55.76923077,0.0,0.29,-0.05263157895,0.1538461538,1.076923077,0.02080237741,12.94230769,2.764705882,1.0,0.1048275862,0.0,32.92307692,8.230769231,0.01793103448,-6.916666667,1.346153846,3.2421875,1.470588235,0.05794947994,0.5903448276,0.01793103448,0.0,0.0,0.25,0.6166419019,0.01931649331,0.05379310345,0.02702702703,0.1020689655,0.04689655172,0.08192771084,5.796523376,,2.570606702,8.060732573,Bankrupt
Shamken Multifab Limited,2006,48.43,48.43,0.75,0.04,0.01120448179,3.819444444,9.95,20.80645161,2.290322581,2.290322581,4.78,0.09677419355,0.01120448179,0.5462184874,0.106442577,0.1932773109,0.09677419355,0.008403361345,0.008403361345,0.008403361345,0.75,0,0.0,0.002801120448,0.2580645161,0.05602240896,0.05602240896,0.008403361345,0.09943977591,2.290322581,89.25,0.0,0.48,-0.02816901408,1.425,1.0,0.0118694362,16.85,2.774193548,1.0,0.09943977591,0.0,49.75,9.95,0.01120448179,-7.090909091,1.725,2.708333333,1.096774194,0.04747774481,0.5574229692,0.01120448179,0.0,0.0,0.2,0.5786350148,0.0118694362,0.04481792717,0.01428571429,0.09803921569,0.04341736695,0.07948717949,4.24634362,,4.855145172,7.923430621,Bankrupt
Shamken Multifab Limited,2005,51.88,51.88,0.8888888889,0.06,0.015625,5.612244898,11.18,,1.641025641,1.076923077,6.53,0.1025641026,0.015625,0.7534722222,0.1197916667,,0.1025641026,0.01388888889,0.01388888889,0.01388888889,0.8888888889,0,0.0,0.001736111111,0.2307692308,0.09895833333,0.09895833333,0.01388888889,0.1111111111,1.641025641,64.0,0.0,0.74,-0.1875,-0.4561403509,1.222222222,0.02119460501,9.105263158,1.948717949,1.0,0.1111111111,0.1929824561,49.22222222,7.771929825,0.015625,-11.72972973,0.8771929825,4.428571429,1.256410256,0.09248554913,0.7690972222,0.015625,0.0,0.0,0.1578947368,0.8362235067,0.01734104046,0.08333333333,0.04918032787,0.1059027778,0.06770833333,0.08986175115,3.767251735,,4.910128304,7.922936613,Bankrupt
Reliance Home Finance Ltd,2015,0.51360546,0.51360546,0.16414834,9.57171516,0.42378021,,,,,,0.13785807,0.01224787,0.66634743,-0.18662666,0.08884408,,0.13785807,0.06298273,0.06867737,0.06298273,0.16414834,,0.0,0.32071125,4.3187344,0.90540797,0.9872713,0.01335528,,,0.51360546,,,0.22732808,-0.04771347,0.04895376,0.19857132,0.10447448,,0.19706732,,,0.51360546,0.21765583,0.38369398,,0.013692,,9.48206408,5.51541173,0.19706732,0.38369398,,,0.42378021,-15.98754178,32.86949256,2.64738969,,,0.45083111,-0.47605246,4.91,8.15,7.56,2103590000000.0,Healthy
Reliance Home Finance Ltd,2016,0.69290491,0.69290491,0.28293925,11.62047668,0.35319292,,0.11824068,0.55382282,,,0.10897694,0.01108455,0.69372659,-0.09986954,0.10171462,0.38798765,0.10897694,0.10140285,0.10913226,0.09201389,0.28293925,,0.0,0.23319333,3.19725139,0.92076369,0.99094873,0.01192947,,,0.69290491,,,0.45466308,0.07983239,0.05371021,0.2204412,0.08605499,,0.22533768,,,0.69290491,0.24472911,0.32520722,,0.01213834,,8.14779408,7.51620654,0.22533768,0.32520722,,,0.35319292,-11.87481009,38.66818596,2.64295111,,,0.45138755,-1.01847492,4.95,7.7,6.23,2294800000000.0,Healthy
Reliance Home Finance Ltd,2017,0.61369732,0.61369732,0.08922696,8.93592422,0.28033925,,0.11323671,0.6162993,,,0.16001743,0.01537739,0.73665627,-0.09739638,0.09609823,0.43410667,0.16001743,0.06298057,0.06923419,0.02249631,0.08922696,,0.0,0.22962823,2.62361275,0.89935511,0.98865604,0.01690428,,,0.61369732,,,-0.39366012,-0.39868045,0.04869688,0.12199008,0.11190784,,0.15472815,,,0.61369732,0.17204345,0.25212454,,0.01779767,,9.12460944,6.43083392,0.15472815,0.25212454,,,0.28033925,-9.43826628,24.43230875,4.18301749,,,0.62107785,-0.98667142,3.33,5.36,5.33,2651470000000.0,Healthy
Reliance Home Finance Ltd,2018,0.27860907,0.27860907,0.08129595,7.36022625,0.11446226,,0.12259688,1.49940412,,,0.11152187,0.01186621,0.85106337,-0.07269527,0.10640251,0.35904459,0.11152187,0.00819227,0.00898092,0.00819227,0.08129595,,0.0,0.0925787,0.94707332,0.88038601,0.96513856,0.01300854,,,0.27860907,,,-0.11924831,-0.27017604,0.17666385,0.14883367,0.13586539,,0.02807571,,,0.27860907,0.03189022,0.10077098,,0.01542794,,8.19711645,6.5177581,0.02807571,0.10077098,,,0.11446226,-2.28600585,3.16888632,27.7683129,,,3.78984238,-1.46367859,3.94,5.33,5.36,2702930000000.0,Financial Distress
Reliance Home Finance Ltd,2019,0.24145417,0.24145417,0.11896244,8.75563518,0.3090307,,0.11955653,2.43436745,,,0.03394712,0.00375183,0.86496738,-0.21038538,0.11051994,0.17809013,0.03394712,0.03432188,0.03712528,0.03299466,0.11896244,,0.0,0.24435889,2.5095341,0.89749514,0.97080228,0.00405828,,,0.24145417,,,0.02360992,-0.07649697,0.02038519,0.05515744,0.11421216,,0.06696817,,,0.24145417,0.07461675,0.27735355,,0.00438991,,7.82212253,6.04987514,0.06696817,0.27735355,,,0.3090307,-7.79408733,10.27503814,9.26024381,,,1.6503353,-0.52532138,3.73,5.27,6.89,2835610000000.0,Financial Distress
Reliance Home Finance Ltd,2020,0.42182704,0.42182704,0.13058671,9.48820181,0.28090325,,0.09518596,1.1130011,,,-0.23643843,-0.02439746,0.83788158,-0.14692558,0.10318736,-0.14392472,-0.23643843,0.0941927,0.10061325,0.03318475,0.13058671,,0.0,0.22093571,2.46270923,0.90465477,0.96631967,-0.02606049,,,0.42182704,,,-0.04424244,0.36564722,-0.14511112,-0.38675984,0.10539405,,0.10719488,,,0.42182704,0.11849259,0.25412047,,-0.02670869,,8.44551119,6.82293506,0.10719488,0.25412047,,,0.28090325,-4.6597122,8.0593741,6.06870664,,,0.96261461,-0.70231037,6.62,7.86,4.14,2674850000000.0,Financial Distress
Reliance Home Finance Ltd,2021,0.33985691,0.33985691,0.28851042,-260.9983006,0.32844636,,0.05510704,0.50330674,,,-1.89215332,-0.11038229,0.86044456,-0.21765553,0.05833686,-0.10492103,-1.89215332,0.09581459,0.09221158,0.09512466,0.28851042,,0.0,0.23458496,5.65182317,1.00384618,0.96609757,-0.10623147,,,0.33985691,,,0.16777671,0.2589556,-0.5072512,43.48357251,-0.00383144,,0.1120541,,,0.33985691,0.11162477,0.32970963,,-0.10976837,,15.57714094,-175.274358,0.1120541,0.32970963,,,0.32844636,-6.17863769,9.35954315,6.01617053,,,0.52061338,-0.2680238,5.51,6.38,0.32,3176270000000.0,Probably Bankrupt
Reliance Home Finance Ltd,2022,0.61170554,0.61170554,0.57186754,-2.19449967,0.42957686,,0.02859591,0.12342654,,,-18.71336177,-0.82912264,1.3917481,-0.30644431,0.04430645,-0.52353642,-18.71336177,0.45236843,0.23670515,0.45132128,0.57186754,,0.0,0.3378847,17.8124398,1.83717059,0.96131321,-0.4338446,,,0.61170554,,,-0.39896106,-0.06542472,-1.52700416,1.43951642,-0.45568473,,0.48276167,,,0.61170554,0.26277455,0.78920598,,-0.43370776,,31.27872575,-1.25179339,0.48276167,0.78920598,,,0.42957686,-4.14480683,10.6743908,2.17077013,,,0.09177707,-0.14458239,6.7,4.82,2.52,3353530000000.0,Probably Bankrupt
Reliance Home Finance Ltd,2023,0.80866759,0.80866759,0.80866759,-1.62847081,0.18040423,,0.11568517,0.23999774,,,14.17842845,116.7795259,2.1237069,-0.08943966,8.23642241,-0.99292755,14.17842845,0.37801724,0.02897785,0.37801724,0.80866759,,0.0,0.08943966,0.05675485,2.59116379,0.19863206,8.952023,,,0.80866759,,,0.44783735,41.6381165,415.5735362,-122.0884464,-0.61407303,,0.37801724,,,0.80866759,0.14588705,0.4674569,,45.08467105,,0.26870241,-1.3346878,0.37801724,0.4674569,,,0.18040423,-0.00855564,0.04471612,5.61801596,,,21.78848347,-92.08915663,5.65,4.17,,3567550000000.0,Probably Bankrupt
Jet Airways (India) Ltd.,2015,0.365088877,0.303022188,0.138498795,-5.608295765,0.651098324,0.012280245,,,-0.053705968,-0.008539638,-0.092661838,-0.096222019,0.543873433,-0.503095088,1.038421218,,-0.092661838,0.109744594,0.089731967,0.109744594,0.138498795,,0.047361142,0.68264204,0.763068609,1.216999961,0.995072246,-0.078675319,,,0.303022188,0.0,,0.031908776,0.051507132,-0.121433167,0.443419521,-0.178307287,-0.014750097,0.240110731,-0.055769416,,0.303022188,0.237708756,0.792386635,-0.524111198,-0.045825323,-1.025113965,1.066287309,70.45448944,0.289291546,0.792386635,-0.0977565,0.062066689,0.651098324,-83.47667254,131.4777289,1.467769562,0.991987736,1.106770996,4.324759716,-2.064065507,4.9,7.63,7.5565,2103590000000.0,Financial Distress
Jet Airways (India) Ltd.,2016,0.420880424,0.349593689,0.100348519,-7.357461845,0.664032515,0.012896268,1.159455741,3.782822309,0.098414808,0.137810228,0.053256949,0.061246079,0.481770373,-0.44504287,1.150011038,0.016561428,0.053256949,0.103210153,0.088727663,0.077116013,0.100348519,0.132348817,0.047636552,0.691365814,0.668238653,1.157295478,0.994903313,0.052652004,,,0.349593689,0.0,,-0.028319324,0.274188394,0.079697498,-0.389369608,-0.135916437,0.143572666,0.268656397,0.113178115,,0.349593689,0.279478287,0.768481827,-0.50748805,0.097795349,-0.968087413,0.939277476,65.58283451,0.323438957,0.768481827,-0.123095018,0.071286735,0.664032515,-75.06725352,129.6230634,1.202123746,1.153709334,1.03105829,4.280601729,-2.584045527,4.9,7.61,6.2327,2294800000000.0,Financial Distress
Jet Airways (India) Ltd.,2017,0.455825446,0.413210628,0.131369773,-2.953138343,0.61199667,0.020268558,1.355082073,3.737678279,0.099906507,0.139395936,0.06878693,0.117211287,0.570858307,-0.503544754,1.703976117,-0.339908535,0.06878693,0.163780501,0.107681048,0.121561289,0.131369773,-0.524859247,0.023141792,0.803775536,0.543045654,1.511996502,0.99409494,0.077063106,,,0.413210628,0.0,,0.009858135,0.133074898,0.126651692,-0.228898974,-0.338622809,0.131035363,0.38235901,0.170238301,,0.413210628,0.278963655,0.925336825,-0.366704702,0.112602188,-1.136354229,0.815994544,65.31892606,0.421792071,0.925336825,-0.078310936,0.042614818,0.61199667,-56.06487676,103.0273768,1.390874124,1.149941407,1.584134431,4.456482182,-3.383961614,3.3,7.63,5.3276,2651470000000.0,Financial Distress
Jet Airways (India) Ltd.,2018,0.497098155,0.463192205,0.095878218,-2.726212372,0.718689394,0.031270817,1.851848347,3.759411836,-0.006314809,0.029880364,-0.032964121,-0.061403558,0.423567921,-0.570807833,1.862739106,-0.011625305,-0.032964121,0.108824492,0.068512446,0.108824492,0.095878218,-0.035407811,0.020660012,1.026203822,0.609332949,1.579302997,0.994279047,-0.038657731,,,0.463192205,0.0,,-0.009035256,0.320604632,-0.054098701,0.105995581,-0.366809281,0.020334502,0.525736268,-0.011762843,,0.463192205,0.357259172,1.135028313,-0.333884042,-0.007448123,-1.964280799,0.789417316,48.89066901,0.564220481,1.135028313,-0.067420612,0.03390595,0.718689394,-62.81514085,124.9053697,0.787413252,1.029911153,1.860821695,3.543105586,-3.263338378,3.9,7.65,5.3617,2702930000000.0,Probable Bankrupt
Jet Airways (India) Ltd.,2019,0.268365563,0.248364493,0.050316219,-1.875379961,0.926314269,0.033979218,1.952816318,3.55493148,-0.220905991,-0.178332692,-0.240085508,-0.498119819,0.212488831,-1.451928277,2.07476004,-0.111024275,-0.240085508,0.099852519,0.046387301,0.099852519,0.050316219,-0.083122012,0.019130943,1.884647121,0.956495981,2.142361083,0.995251289,-0.231405619,,,0.248364493,0.0,,-0.004999976,0.776569481,-0.251005245,0.436044107,-0.533225278,-0.201726473,0.492879246,-0.458326922,,0.248364493,0.24859085,1.98449964,-0.598252895,-0.213935422,-4.826394913,0.984455323,15.44330986,0.532571363,1.98449964,-0.027337519,0.02000107,0.926314269,-142.0396127,194.1401408,0.296413691,0.850073288,2.467856053,4.209469266,-1.428968684,3.7,6.51,6.8949,2835610000000.0,Bankrupt
Reliance MediaWorks Ltd,2015,Pre-CIRP / outside 5-year window,,,,,,,,,,,,,,,,,,,,,,,,,,,,,,,,,,,,,,,,,,,,,,,,,,,,,,,,,,,,,,,,,,Healthy
Reliance MediaWorks Ltd,2016,Pre-CIRP / outside 5-year window,,,,-1.49662476448351,,0.606664238435549,,,,,,,,,,,,,,0.00631473376567429,,,,,,3.01359269918807,0.969901432831877,,,,,,,,,,,-0.668170154424179,,0.197934908773733,,,,0.0657989247615792,,,,,,0.19829115927592,,,,,,,,,,,,,,,,Healthy
Reliance MediaWorks Ltd,2017,Pre-CIRP / outside 5-year window,0.536360877253173,0.534104404739911,0.0453801694333746,-1.36145809570273,0.0541492616659354,81.6601859678782,0.074474494087601,0.462296067439292,,,-2.10744363971755,-0.187561312686965,3.60918805517839,-0.0945624982337909,0.0889994442328731,-0.280609227081621,-2.10744363971755,,,0.00925560847080607,0.0453801694333746,-0.0706521739130435,0.0051710842644813,0.194701507299658,2.29166729667206,3.76657242399245,0.966637749308608,-0.0481349685454661,,,0.534104404739911,,0.281425401383631,0.00723634409698662,-0.0304140602949461,-0.677997413633844,0.0499832918832601,-0.734506631644685,,0.108934393911053,,,0.534104404739911,0.0290435454897527,,-0.0478731005743471,-59.4006762468301,42.2173065001436,-1.28773614503131,0.109394617536673,0.203957115770464,-0.00486687253632366,0.00225647251326172,0.0541492616659354,-0.727412943563413,1.56892054159248,32.5666416542629,0.578191969448891,0.593400500863255,0.817000407654012,-0.941170610920578,,,,,Financial Distress
Reliance MediaWorks Ltd,2018,Pre-CIRP / outside 5-year window,0.342471456457105,0.340676561499699,0.0165193177042625,-1.30724257994726,0.0823006864343555,94.8958742632612,0.0815439813633967,0.711543711792984,,,-5.73652075270252,-0.472928368275414,3.91923208106636,-0.230246400809783,0.0824416730389433,-0.0215430410016188,-5.73652075270252,,,0.00578456020288595,0.0165193177042625,0.33625730994152,0.00762378219671693,0.344384878174906,4.2474809822501,4.25475720250636,0.969719196356925,-0.107787047624779,,,0.340676561499699,,-0.0753546928379277,-0.0375808720112517,-0.0144042979887391,-1.34650898822124,0.144866810898519,-0.76496896240967,,0.119294520208827,,,0.340676561499699,0.0281856359505932,,-0.111098540632026,-164.453831041257,51.5391365274255,-1.19965561828138,0.119923037568009,0.350169438377792,-0.00272975975724849,0.00179489495740561,0.0823006864343555,-1.732992422674,2.63561550246366,32.5591132722456,0.177935943060498,0.549549723012262,0.691076781185151,-0.358058465839177,,,,,Financial Distress
Reliance MediaWorks Ltd,2019,Pre-CIRP / outside 5-year window,,,,,,,,,,,,,,,,,,,,,,,,,,,,,,,,,,,,,,,,,,,,,,,,,,,,,,,,,,,,,,,,,,Financial Distress
Reliance MediaWorks Ltd,2020,Bankrupt (5-year pre-CIRP window),,,,,,,,,,,,,,,,,,,,,,,,,,,,,,,,,,,,,,,,,,,,,,,,,,,,,,,,,,,,,,,,,,Financial Distress
Reliance MediaWorks Ltd,2021,Bankrupt (5-year pre-CIRP window),,,,,,,,,,,,,,,,,,,,,,,,,,,,,,,,,,,,,,,,,,,,,,,,,,,,,,,,,,,,,,,,,,Probably Bankrupt
Reliance MediaWorks Ltd,2022,Bankrupt (5-year pre-CIRP window),0.0433803603832214,,0.00257680579525275,-1.03255035267101,0.283375738911259,,,,,,-7.93650865151267,-1.30805294886262,23.6758830997208,-8.59918909989903,0.164814656708439,,-7.93650865151267,,,0.023163271366633,0.00257680579525275,,,8.96597801716457,54.5409095771935,31.7216333447169,0.972515169384909,-0.0401020124438019,,,,,,0.0158173580784652,0.041138899892264,-0.145676556569817,0.0426249195392465,-0.968475772065925,,,,,,0.012292941677832,,-0.0412260269718608,,192.32798045034,-0.739950633519781,0.389952188632179,8.98914128853121,,,0.283375738911259,-9.59191403290119,10.0268838686436,58.295587815326,0.380178939136299,1.94016062095385,,-0.0191663021703261,,,,,Probably Bankrupt
Reliance MediaWorks Ltd,2023,Bankrupt (5-year pre-CIRP window),0.0398299584205429,,0.000935474992572348,-1.02744486697649,0.341002957171232,,0,0.0,,,,-2.19583354019792,25.8116446149008,-12.2575505577069,0,-0.102779592563996,,,,0.0119422930526594,0.000935474992572348,,,12.7540783354847,,37.4366859878198,0.974003423157282,-0.0571297733333609,,,,,,-0.162878235951236,-0.000906026825526843,-0.171999627624886,0.0602620884647425,-0.973288233891072,,,,,,0.0135821336054123,,-0.0586094468183699,,,-0.67708301545968,0.508470070830437,12.7660206285373,,,0.341002957171232,-12.2673460008032,12.776222408089,48.5193969857423,0.0399412394898175,2.13270053453811,,0.0,,,,,Bankrupt
Reliance MediaWorks Ltd,2024,Bankrupt (5-year pre-CIRP window),,,,,,,,,,,,,,,,,,,,,,,,,,,,,,,,,,,,,,,,,,,,,,,,,,,,,,,,,,,,,,,,,,Bankrupt
Diamond Power Infrastructure Ltd,2012,,,,1.62932454695222,,0.107246376811594,"""NA""","""NA""",,0.110919540229885,0.0620689655172414,0.0677115987460815,0.436363636363636,,1.09090909090909,"""NA""",0.0620689655172414,,,,,"""NA""",,,,0.620062695924765,0.963937621832359,0.105263157894737,0.121003134796238,0.110919540229885,,0.14,0.132003069838833,0.00517241379310345,-0.0359195402298851,,0.202635914332784,0.613751263902932,,,,1.56420626895854,,,,,0.133468149646107,,,,,,,,,,,,1.07592592592593,1.01567398119122,,,9.3,5.6,,1.827,Healthy
Diamond Power Infrastructure Ltd,2013,,,,2.33903133903134,,0.115987460815047,1.07918781725888,,,0.103010348071496,0.0432737535277516,0.0392324093816631,0.482302771855011,,0.906609808102345,0.470219435736677,0.0432737535277516,,,,,,,,,0.700213219616205,0.977963073257892,0.0547945205479452,0.0933901918976546,0.103010348071496,,0.04,0.105291871249318,0.0206961429915334,-0.108753315649867,,0.152421652421652,0.427527405602923,,,,1.16138855054811,,,,,0.0761266747868453,,,,,,,,,,,,1.05231984205331,0.863965884861407,,,10.9,5.6,,1.857,Healthy
Diamond Power Infrastructure Ltd,2014,,,,1.97937024972856,,0.110429447852761,1.05110062893082,,,0.0979805534779357,0.0388930441286462,0.037914691943128,0.465548669340139,,0.974845060153117,0.169722814498934,0.0388930441286462,,,,,,,,,0.66460080204156,0.971230687266915,0.0554075652637187,0.0955158585490339,0.0979805534779357,,0.0,0.106460418562329,-0.00037397157816006,0.0830070477682067,,0.132464712269273,0.505211190345584,,,,1.32309380142622,,,,,0.0762479429511794,,,,,,,,,,,,1.04767487299726,0.932920160408312,,,6.7,5.6,,2.039,Healthy
Diamond Power Infrastructure Ltd,2015,,,,2.53452380952381,,0.123569794050343,0.829627035545439,,,0.0493879273955255,-0.0489658083579569,-0.0390835579514825,0.637466307277628,,0.798180592991914,0.0820269777615749,-0.0489658083579569,,,,,,,,,0.717318059299191,0.975263398992213,-0.0531378836463582,0.0394204851752022,0.0493879273955255,,0.0,0.0179355783308931,-0.000422119037568594,-0.170190274841438,,-0.130952380952381,0.394551432597464,,,,1.05777360263034,,,,,-0.0319398778769375,,,,,,,,,,,,0.955266368442456,0.828504043126685,,,4.9,5.6,,2.104,Healthy
Diamond Power Infrastructure Ltd,2016,,,,4.42834138486312,,0.0425690814040329,0.645313979173241,,,-0.00537897310513447,-0.131540342298289,-0.0798219584569733,0.65459940652819,,0.606824925816024,0.13544474393531,-0.131540342298289,,,,,,,,,0.816023738872404,0.979693623085144,-0.0958318489490559,-0.00326409495548961,-0.00537897310513447,,0.0,-0.0215776441457375,0.00488997555012225,-0.0670897552130553,,-0.457326892109501,0.225818181818182,,,,0.747272727272727,,,,,-0.0770909090909091,,,,,,,,,,,,0.878800856531049,0.692878338278932,,,4.5,5.6,,2.294,Financial Distress
Diamond Power Infrastructure Ltd,2017,,,,2.73820395738204,,0.21669341894061,0.388259526261586,,,-0.572060123784262,-0.702917771883289,-0.323697068403909,0.653501628664495,,0.460504885993485,-0.271216617210683,-0.702917771883289,,,,,,,,,0.732491856677525,0.869502174963751,-0.384243595940068,-0.263436482084691,-0.572060123784262,,0.0,-0.272767462422635,0.000884173297966401,-0.158255451713396,,-1.22983257229833,0.365202890494719,,,,0.988326848249027,,,,,-0.389660922734853,,,,,,,,,,,,0.608822103732429,0.839983713355049,,,3.6,5.6,,2.652,Financial Distress
Diamond Power Infrastructure Ltd,2018,,,,,,,,,,,,,,,,,,,,,,,,,,,,,,,,,,,,,,,,,,,,,,,,,,,,,,,,,,,,,,,,,,,Financial Distress
Diamond Power Infrastructure Ltd,2019,,,,,,,,,,,,,,,,,,,,,,,,,,,,,,,,,,,,,,,,,,,,,,,,,,,,,,,,,,,,,,,,,,,Financial Distress
Diamond Power Infrastructure Ltd,2020,,,,,,,,,,,,,,,,,,,,,,,,,,,,,,,,,,,,,,,,,,,,,,,,,,,,,,,,,,,,,,,,,,,Probably Bankrupt
Diamond Power Infrastructure Ltd,2021,,,,-4.34228187919463,,0.244786944696283,,,,,,-0.0120481927710843,0.992469879518072,,0.0,,,,,,,,,,,1.29919678714859,0.905528341497551,-0.00839748075577327,-0.00100401606425703,,,0.0,-0.0130340333091962,,0.00202326757713708,,0.0402684563758389,-0.230293663060278,,,,0.000772797527047913,,,,,-0.00309119010819165,,,,,,,,,,,,0.0,0.0120481927710843,,,6.2,,,3.15,Probably Bankrupt
Diamond Power Infrastructure Ltd,2022,,,,-4.18840579710145,,0.248390064397424,0,,,,,-0.0126326427488631,0.999494694290045,,0.0,-0.00652610441767068,,,,,,,,,,1.31430015159171,0.905956112852665,-0.00870776732845698,-0.00151591712986357,,,0.0,-0.0132645541635962,,0.00455005055611729,,0.0402576489533011,-0.238754325259516,,,,0.00115340253748558,,,,,-0.00346020761245675,,,,,,,,,,,,0.0,0.0131379484588176,,,5.5,,,3.385,Probably Bankrupt
Diamond Power Infrastructure Ltd,2023,,,,-2.43469387755102,,0.0495327102803738,0.00886001181334909,,,-1.6,-2.86666666666667,-0.0305614783226724,0.260838663823738,,0.0106609808102345,-0.289034866093987,-2.86666666666667,,,,,,,,,1.69580668088131,0.978269782697827,-0.017630176301763,-0.0170575692963753,-1.6,,0.0,0.068515497553018,0.2,-5.32152588555858,,0.0438775510204082,-0.410729253981559,,,,0.0163453478625314,,,,,-0.0100586756077117,,,,,,,,,,,,0.254237288135593,0.0419331911869225,,,6.7,,,3.567,Probably Bankrupt
Diamond Power Infrastructure Ltd,2024,,,,-2.5601233299075,,0.0501419110690634,0.234529914529915,,,0.12536443148688,0.0495626822157434,0.0111989459815547,0.300395256916996,,0.225955204216074,0.0788912579957356,0.0495626822157434,,,,,,,,,1.64097496706192,0.979166666666667,0.00668238993710692,0.0283267457180501,0.12536443148688,,0.0,-0.04642166344294,0.00291545189504373,0.0350877192982456,,-0.0174717368961973,-0.390606182256122,,,,0.120835006021678,,,,,0.0148534725010036,,,,,,,,,,,,1.04573170731707,0.216073781291173,,,5.4,,,3.912,Bankrupt
Diamond Power Infrastructure Ltd,2025,,,,-3.03416856492027,,0.0453767123287671,0.674939467312349,,,0.0600896860986547,0.031390134529148,0.0195968645016797,0.259238521836506,,0.624300111982083,0.176548089591568,0.031390134529148,,,,,,,,,1.49160134378499,0.980493191019507,0.0128818549871181,0.0375139977603583,0.0600896860986547,,0.0,-0.11566265060241,0.00269058295964126,0.174946004319654,,-0.0398633257403189,-0.32957957957958,,,,0.393393393393393,,,,,0.0206456456456456,,,,,,,,,,,,1.03237742830712,0.605263157894737,,,,,,,Bankrupt
Diamond Power Infrastructure Ltd,2026,,,,-4.8257328990228,,0.0453767123287671,0.940721025889185,,,0.10082304526749,0.0684156378600823,0.0566680869194717,1.04814657008948,,0.828291435875586,0.314109742441209,0.0684156378600823,,,,,,,,,1.26246271836387,0.982427055702918,0.0440981432360743,0.0835108649339583,0.10082304526749,,0.0,0.085590465872156,-0.0483539094650206,-0.00487804878048781,,-0.214983713355049,-0.207222409719879,,,,0.590280121498481,,,,,0.0546743165710429,,,,,,,,,,,,1.07317073170732,0.768640818065616,,,,,,,Bankrupt
GVK Power & Infrastructure Limited,2015,,,,,,,,,,,,,,,,,,,,,,,,,,,,,,,,,,,,,,,,,,,,,,,,,,,,,,,,,,,,,,,4.906973441,,,2103590000000.0,
GVK Power & Infrastructure Limited,2016,,,,,,,,,,,,,,,,,,,,,,,,,,,,,,,,,,,,,,,,,,,,,,,,,,,,,,,,,,,,,,,4.948216341,,,2294800000000.0,
GVK Power & Infrastructure Limited,2017,,,,,,,,,,,,,,,,,,,,,,,,,,,,,,,,,,,,,,,,,,,,,,,,,,,,,,,,,,,,,,,3.328173375,,,2651470000000.0,
GVK Power & Infrastructure Limited,2018,,,,,,,,,,,,,,,,,,,,,,,,,,,,,,,,,,,,,,,,,,,,,,,,,,,,,,,,,,,,,,,3.938826467,,,2702930000000.0,
GVK Power & Infrastructure Limited,2019,,,,,,,,,,,,,,,,,,,,,,,,,,,,,,,,,,,,,,,,,,,,,,,,,,,,,,,,,,,,,,,3.729505735,,,2835610000000.0,
GVK Power & Infrastructure Limited,2020,,,,,,,,,,,,,,,,,,,,,,,,,,,,,,,,,,,,,,,,,,,,,,,,,,,,,,,,,,,,,,,6.623436776,,,2674850000000.0,
GVK Power & Infrastructure Limited,2021,0.839603547,0.839565284,0.005955985,-19.69937485,0.9932925,0.195872197,,,,,,,0.049337296,-0.167840697,,,,0.00729592,0.006873987,0.006232411,0.005955985,,,1.04017911,,1.053477724,0.992553574,,,,0.839565284,,-0.034862781,0.814520737,1.226270782,-0.011994234,0.234694069,-0.050763032,,0.878530786,,,0.839565284,0.833971905,1.046411521,,,-4.159592677,,0.755065856,0.878570824,1.046411521,-0.000238547,3.82622e-05,0.9932925,-21.23625887,132.3985562,0.006792464,,,,,5.131407472,,,3167270000000.0,Financial Distress
GVK Power & Infrastructure Limited,2022,0.270085179,0.263291739,0.050152051,-4.760364471,0.758047164,0.021557573,,,,,,,0.909352121,-0.700452475,,-0.420854681,,0.160801319,0.125667413,0.048127709,0.050152051,93.3,,0.911508203,,1.265931669,0.989334904,,,,0.263291739,,0.333811471,-0.353669926,-0.404279218,0.024267819,-0.087572384,-0.210067949,,0.252664208,,,0.263291739,0.204737304,0.959635912,,,-1.106488294,,22.44446555,0.259183437,0.959635912,-0.009307169,0.00679344,0.758047164,-51.32712766,70.31933891,1.18177211,,,,,6.699034141,,,3249940000000.0,Financial Distress
Bhushan Steel Ltd,FY 2014-15,0.964925979,,,,,,,,,,-0.117777108,-0.023698484,,-0.00801474,0.201214686,,-0.117777108,,,,,,,,1.135649183,,,,,,,,,,,-0.103801748,,,,,,,,,,,,,,,0.220494554,0.228509293,,,,,,,,,,-25.10557966,4.91,,7.56,2103590000000.0,financial distress
Bhushan Steel Ltd,FY 2015-16,0.9649257,0.359357662,0.007183052,5.713668842,0.268502735,0.004800262,0.201214694,0.912560971,,,-0.1177771,-0.023698483,0.728237968,-0.008014804,0.201214689,4.72523e-08,-0.1177771,0.001641394,0.00192118,0.001641394,0.007183052,,0.68771283,0.226867898,1.135649155,0.851050145,0.996117144,-0.027738042,,,0.359357662,0.0,,0.000364237,0.056404603,-0.103801744,-0.159245962,0.175018894,,0.082116565,,,0.359357662,0.25908519,0.228509292,,-0.007005348,-0.01159743,4.221405276,187.6600319,0.220494488,0.228509292,-17.26529195,0.605568038,0.268502735,-2.415999344,68.88232439,2.823385102,0.895419613,0.22500064,2.450354441,-25.10538002,4.95,,6.23,2294800000000.0,probably bankrupt
Bhushan Steel Ltd,FY 2016-17,0.785055297,0.228707468,0.010315582,10.46266109,0.320281511,0.006214181,0.220472775,0.979654689,,0.186810001,-0.240570638,-0.052426444,0.782057947,-0.062836982,0.217925365,0.023655249,-0.240570638,0.003016136,0.003289321,0.00301566,0.010315582,0.203155832,0.746323626,0.289324564,1.341469467,0.912760223,0.995433021,-0.057174943,,,0.228707468,0.0,,0.006467669,-0.006381144,-0.225723183,-0.756397687,0.095577979,,0.066860392,,,0.228707468,0.251438697,0.292340223,,-0.035190644,-0.093245003,4.174569411,148.1535827,0.229503241,0.292340223,-2.588330027,0.556347829,0.320281511,-15.00519663,69.80956689,2.703316944,0.767921693,0.284334915,3.259409015,-3.468106781,3.33,,5.3,2651470000000.0,bankrupt
